user_id,username,email,age,subscription,transaction_date,region,city,product_category,price,sale_amount,status,store_id,raw_timestamp
1001,user1001,user1001@example.com,52,Basic,2/7/2025,West,Mumbai,Electronics,2418.9,7256.7,Delivered,S108,2/7/2025 8:03
1002,user1002,user1002@example.com,30,Premium,6/18/2025,West,Mumbai,Office Supplies,1925.49,3850.98,Pending,S107,6/18/2025 6:25
1003,user1003,user1003@example.com,18,Premium,4/29/2025,West,Mumbai,Furniture,1046.49,6278.94,Pending,S110,4/29/2025 5:12
1004,user1004,user1004@example.com,26,Basic,2/12/2025,West,Mumbai,Groceries,2744.34,16466.04,Returned,S104,2/12/2025 22:39
1005,user1005,user1005@example.com,48,Premium,5/10/2025,West,Mumbai,Electronics,4122.7,20613.5,Cancelled,S102,5/10/2025 9:41
1006,user1006,user1006@example.com,27,Basic,4/22/2025,West,Mumbai,Groceries,4316.99,21584.95,Cancelled,S106,4/22/2025 5:03
1007,user1007,user1007@example.com,59,Premium,3/12/2025,West,Mumbai,Office Supplies,3612.64,7225.28,Pending,S108,3/12/2025 0:44
1008,user1008,user1008@example.com,43,Basic,1/30/2025,West,Mumbai,Groceries,3614.44,3614.44,Delivered,S108,1/30/2025 17:02
1009,user1009,user1009@example.com,24,Basic,6/29/2025,West,Mumbai,Furniture,4555.34,9110.68,Pending,S104,6/29/2025 20:05
1010,user1010,user1010@example.com,47,Basic,2/1/2025,West,Mumbai,Groceries,317.45,1269.8,Cancelled,S110,2/1/2025 8:26
1011,user1011,user1011@example.com,34,Basic,2/7/2025,West,Mumbai,Furniture,5999.05,17997.15,Returned,S104,2/7/2025 1:24
1012,,user1012@example.com,53,Premium,3/11/2025,West,Mumbai,Furniture,,0,,S107,3/11/2025 0:41
1013,user1013,user1013@example.com,38,Premium,1/21/2025,West,Mumbai,Electronics,235.98,235.98,Cancelled,S103,1/21/2025 2:01
1014,user1014,user1014@example.com,18,Premium,6/27/2025,West,Mumbai,Groceries,947.54,5685.24,,S107,6/27/2025 5:24
1015,user1015,user1015@example.com,22,Premium,4/8/2025,West,Mumbai,Furniture,3646.34,18231.7,Cancelled,S107,4/8/2025 18:54
1016,user1016,user1016@example.com,47,Premium,5/30/2025,West,Mumbai,Office Supplies,756.57,3782.85,Returned,S102,5/30/2025 2:02
1017,user1017,user1017@example.com,53,Basic,4/24/2025,West,Mumbai,Furniture,4165.34,12496.02,Delivered,S109,4/24/2025 18:09
1018,user1018,user1018@example.com,38,Basic,2/13/2025,West,Mumbai,Clothing,4320.91,25925.46,Returned,S105,2/13/2025 7:47
1019,user1019,user1019@example.com,48,Premium,3/31/2025,West,Mumbai,Groceries,766.66,766.66,Delivered,S108,3/31/2025 6:31
1020,user1020,user1020@example.com,29,Basic,1/13/2025,West,Mumbai,Groceries,1610.34,8051.7,Delivered,S104,1/13/2025 14:44
1021,user1021,user1021@example.com,57,Basic,1/3/2025,West,Mumbai,Office Supplies,3801.01,3801.01,Returned,S102,1/3/2025 5:21
1022,user1022,user1022@example.com,38,Premium,6/2/2025,West,Mumbai,Furniture,4305.9,4305.9,Pending,S102,6/2/2025 14:59
1023,user1023,user1023@example.com,40,Basic,1/5/2025,West,Mumbai,Electronics,3637.54,21825.24,Returned,S108,1/5/2025 1:27
1024,user1024,user1024@example.com,34,Premium,4/8/2025,West,Mumbai,Electronics,1595.1,4785.3,Returned,S105,4/8/2025 7:54
1025,user1025,user1025@example.com,41,Basic,5/13/2025,West,Mumbai,Groceries,2179.25,4358.5,Returned,S104,5/13/2025 12:01
1026,user1026,user1026@example.com,55,Premium,4/30/2025,West,Mumbai,Groceries,5928.28,5928.28,Cancelled,S110,4/30/2025 23:53
1027,user1027,user1027@example.com,57,Premium,3/15/2025,West,Mumbai,Furniture,844.27,1688.54,Returned,S108,3/15/2025 23:06
1028,user1028,user1028@example.com,39,Premium,5/16/2025,West,Mumbai,Electronics,3731.39,11194.17,Pending,S110,5/16/2025 8:30
1029,user1029,user1029@example.com,37,Basic,3/30/2025,West,Mumbai,Clothing,3103.8,15519,Cancelled,S107,3/30/2025 1:00
1030,user1030,user1030@example.com,58,Premium,3/10/2025,West,Mumbai,Clothing,4206.49,4206.49,Cancelled,S109,3/10/2025 8:47
1031,user1031,user1031@example.com,49,Basic,6/10/2025,West,Mumbai,Groceries,4138.19,12414.57,Delivered,S102,6/10/2025 10:39
1032,user1032,user1032@example.com,33,Basic,2/9/2025,West,Mumbai,Clothing,5816.29,11632.58,Returned,S106,2/9/2025 0:18
1033,,user1033@example.com,48,Basic,4/19/2025,West,Mumbai,Furniture,4888.21,19552.84,Pending,S105,4/19/2025 12:00
1034,user1034,user1034@example.com,27,Basic,1/7/2025,West,Mumbai,Clothing,5850.77,35104.62,Pending,S103,1/7/2025 13:19
1035,user1035,user1035@example.com,20,Basic,3/17/2025,West,Mumbai,Electronics,4295.63,25773.78,Pending,S109,3/17/2025 13:24
1036,user1036,user1036@example.com,57,Premium,4/8/2025,West,Mumbai,Groceries,2346.96,7040.88,Pending,S109,4/8/2025 11:42
1037,user1037,user1037@example.com,52,Basic,3/31/2025,West,Mumbai,Office Supplies,5911.65,23646.6,,S108,3/31/2025 13:16
1038,user1038,user1038@example.com,43,Basic,4/23/2025,West,Mumbai,Groceries,3607.47,10822.41,,S107,4/23/2025 6:42
1039,user1039,user1039@example.com,40,Basic,2/11/2025,West,Mumbai,Office Supplies,4876.8,29260.8,Returned,S110,2/11/2025 21:57
1040,user1040,user1040@example.com,38,Premium,2/21/2025,West,Mumbai,Office Supplies,3488.13,17440.65,Cancelled,S105,2/21/2025 3:10
1041,user1041,user1041@example.com,48,Premium,6/20/2025,West,Mumbai,Furniture,1476.36,2952.72,Returned,S107,6/20/2025 11:42
1042,user1042,user1042@example.com,37,Premium,2/14/2025,West,Mumbai,Groceries,4321.55,12964.65,Returned,S106,2/14/2025 0:50
1043,user1043,user1043@example.com,51,Premium,4/8/2025,West,Mumbai,Furniture,1771.33,7085.32,Delivered,S106,4/8/2025 19:17
1044,user1044,user1044@example.com,47,Basic,3/31/2025,West,Mumbai,Furniture,5226.03,10452.06,Delivered,S103,3/31/2025 1:35
1045,user1045,user1045@example.com,47,Premium,5/21/2025,West,Mumbai,Groceries,522.68,522.68,Returned,S110,5/21/2025 1:36
1046,user1046,user1046@example.com,51,Basic,2/7/2025,West,Mumbai,Electronics,4470.45,4470.45,Delivered,S106,2/7/2025 13:46
1047,user1047,user1047@example.com,21,Premium,5/21/2025,West,Mumbai,Office Supplies,231.47,462.94,Returned,S108,5/21/2025 2:03
1048,user1048,user1048@example.com,24,Premium,4/27/2025,West,Mumbai,Furniture,1473.41,1473.41,Delivered,S107,4/27/2025 0:11
1049,user1049,user1049@example.com,53,Premium,4/17/2025,West,Mumbai,Electronics,1933.49,1933.49,Delivered,S110,4/17/2025 22:58
1050,user1050,user1050@example.com,21,Premium,5/30/2025,West,Mumbai,Clothing,1230.79,7384.74,Cancelled,S101,5/30/2025 21:32
1051,user1051,user1051@example.com,22,Premium,6/2/2025,West,Mumbai,Clothing,1412.24,4236.72,Pending,S102,6/2/2025 0:02
1052,user1052,user1052@example.com,47,Basic,3/26/2025,West,Mumbai,Furniture,3393.68,20362.08,Pending,S102,3/26/2025 18:01
1053,user1053,user1053@example.com,32,Basic,4/5/2025,West,Mumbai,Clothing,4160.03,24960.18,Cancelled,S102,4/5/2025 3:29
1054,user1054,user1054@example.com,55,Premium,6/10/2025,West,Mumbai,Clothing,2635.02,10540.08,Returned,S102,6/10/2025 8:23
1055,user1055,user1055@example.com,39,Basic,4/9/2025,West,Mumbai,Electronics,5939.79,11879.58,Delivered,S110,4/9/2025 12:56
1056,user1056,user1056@example.com,23,Basic,5/7/2025,West,Mumbai,Electronics,,0,Cancelled,S106,5/7/2025 21:11
1057,user1057,,30,Basic,5/4/2025,West,Mumbai,Office Supplies,669.82,4018.92,Returned,S103,5/4/2025 19:06
1058,user1058,user1058@example.com,18,Basic,6/4/2025,West,Mumbai,Groceries,4920.91,24604.55,Pending,S106,6/4/2025 19:00
1059,user1059,user1059@example.com,38,Basic,4/22/2025,West,Mumbai,Furniture,1485.49,7427.45,Returned,S105,4/22/2025 11:18
1060,user1060,user1060@example.com,38,Premium,6/26/2025,West,Mumbai,Clothing,2250.99,11254.95,Pending,S102,6/26/2025 0:11
1061,user1061,user1061@example.com,51,Premium,6/11/2025,West,Mumbai,Groceries,1496.56,7482.8,Returned,S109,6/11/2025 9:43
1062,user1062,user1062@example.com,22,Premium,5/8/2025,West,Mumbai,Clothing,3801.24,7602.48,Pending,S104,5/8/2025 7:47
1063,user1063,user1063@example.com,44,Premium,3/26/2025,West,Mumbai,Electronics,5340.54,32043.24,Cancelled,S108,3/26/2025 15:25
1064,user1064,user1064@example.com,49,Basic,4/17/2025,West,Mumbai,Groceries,2139.81,4279.62,Returned,S101,4/17/2025 17:59
1065,user1065,user1065@example.com,26,Basic,5/20/2025,West,Mumbai,Clothing,137.13,274.26,Delivered,S105,5/20/2025 14:57
1066,user1066,user1066@example.com,33,Basic,6/1/2025,West,Mumbai,Clothing,3550.75,10652.25,Delivered,S110,6/1/2025 23:09
1067,user1067,user1067@example.com,52,Basic,1/30/2025,West,Mumbai,Groceries,1824.14,5472.42,Pending,S109,1/30/2025 21:14
1068,user1068,user1068@example.com,50,Premium,5/23/2025,West,Mumbai,Electronics,3245.98,6491.96,Returned,S101,5/23/2025 5:51
1069,user1069,user1069@example.com,35,Basic,1/2/2025,West,Mumbai,Clothing,2213.25,13279.5,Delivered,S108,1/2/2025 18:15
1070,user1070,user1070@example.com,28,Basic,3/21/2025,West,Mumbai,Groceries,4199.17,12597.51,Returned,S102,3/21/2025 3:13
1071,user1071,user1071@example.com,21,Premium,5/2/2025,West,Mumbai,Electronics,4574.7,9149.4,Pending,S101,5/2/2025 19:28
1072,user1072,user1072@example.com,30,Premium,5/2/2025,West,Mumbai,Furniture,2879.39,5758.78,Pending,S102,5/2/2025 3:33
1073,user1073,user1073@example.com,44,Premium,3/25/2025,West,Mumbai,Electronics,4324.1,21620.5,Pending,S109,3/25/2025 21:27
1074,user1074,user1074@example.com,20,Basic,3/25/2025,West,Mumbai,Clothing,1306.32,2612.64,Delivered,S105,3/25/2025 21:44
1075,user1075,user1075@example.com,59,Basic,2/23/2025,West,Mumbai,Electronics,1690.83,10144.98,Cancelled,S108,2/23/2025 0:42
1076,user1076,user1076@example.com,26,Premium,6/7/2025,West,Mumbai,Office Supplies,1607.47,9644.82,Returned,S105,6/7/2025 22:17
1077,user1077,user1077@example.com,29,Premium,5/24/2025,West,Mumbai,Office Supplies,2347.43,11737.15,Delivered,S108,5/24/2025 9:09
1078,user1078,user1078@example.com,54,Basic,4/23/2025,West,Mumbai,Groceries,850.14,2550.42,Pending,S103,4/23/2025 22:19
1079,user1079,user1079@example.com,24,Premium,1/30/2025,West,Mumbai,Groceries,307.59,615.18,Delivered,S108,1/30/2025 16:57
1080,user1080,user1080@example.com,35,Basic,3/14/2025,West,Mumbai,Furniture,1734.47,10406.82,Delivered,S101,3/14/2025 1:03
1081,user1081,user1081@example.com,21,Basic,6/20/2025,West,Mumbai,Office Supplies,5301.55,10603.1,Delivered,S110,6/20/2025 17:30
1082,user1082,user1082@example.com,20,Basic,5/31/2025,West,Mumbai,Electronics,3001.99,9005.97,Cancelled,S108,5/31/2025 3:57
1083,user1083,user1083@example.com,54,Basic,3/31/2025,West,Mumbai,Clothing,3834.28,15337.12,Pending,S105,3/31/2025 13:44
1084,user1084,user1084@example.com,41,Basic,1/6/2025,West,Mumbai,Groceries,1408.02,7040.1,Returned,S102,1/6/2025 7:03
1085,user1085,user1085@example.com,23,Basic,6/15/2025,West,Mumbai,Clothing,5618.39,33710.34,Delivered,S105,6/15/2025 12:31
1086,user1086,user1086@example.com,53,Premium,1/14/2025,West,Mumbai,Electronics,1962.99,3925.98,Cancelled,S108,1/14/2025 20:27
1087,user1087,user1087@example.com,54,Basic,4/25/2025,West,Mumbai,Office Supplies,2056.62,10283.1,Returned,S108,4/25/2025 10:16
1088,user1088,user1088@example.com,20,Basic,6/27/2025,West,Mumbai,Electronics,5590.98,16772.94,Cancelled,S108,6/27/2025 13:48
1089,user1089,user1089@example.com,28,Basic,4/8/2025,West,Mumbai,Clothing,1008.62,6051.72,Delivered,S109,4/8/2025 14:10
1090,user1090,user1090@example.com,20,Premium,4/26/2025,West,Mumbai,Furniture,3082.49,9247.47,Cancelled,S106,4/26/2025 19:16
1091,user1091,user1091@example.com,20,Premium,1/3/2025,West,Mumbai,Furniture,4442.62,13327.86,Pending,S101,1/3/2025 9:55
1092,user1092,user1092@example.com,24,Premium,1/3/2025,West,Mumbai,Clothing,3396.53,16982.65,Delivered,S103,1/3/2025 9:13
1093,user1093,user1093@example.com,25,Basic,5/21/2025,West,Mumbai,Furniture,,0,Delivered,S101,5/21/2025 3:08
1094,user1094,user1094@example.com,30,Premium,3/16/2025,West,Mumbai,Electronics,5048.14,10096.28,Cancelled,S102,3/16/2025 15:44
1095,user1095,user1095@example.com,42,Premium,6/13/2025,West,Mumbai,Electronics,4648.16,23240.8,Returned,S102,6/13/2025 9:00
1096,user1096,user1096@example.com,58,Premium,2/13/2025,West,Mumbai,Clothing,5928.81,35572.86,Pending,S107,2/13/2025 2:06
1097,user1097,user1097@example.com,33,Basic,6/2/2025,West,Mumbai,Office Supplies,2585.07,10340.28,,S104,6/2/2025 14:28
1098,user1098,user1098@example.com,19,Basic,2/4/2025,West,Mumbai,Furniture,5240.58,20962.32,Returned,S102,2/4/2025 8:23
1099,user1099,user1099@example.com,37,Basic,3/18/2025,West,Mumbai,Electronics,3812.59,15250.36,Pending,S105,3/18/2025 18:59
1100,user1100,user1100@example.com,51,Premium,5/16/2025,West,Mumbai,Groceries,5230.46,31382.76,Pending,S107,5/16/2025 13:34
1101,user1101,user1101@example.com,57,Basic,4/2/2025,West,Mumbai,Office Supplies,576.33,2881.65,Delivered,S104,4/2/2025 20:57
1102,user1102,user1102@example.com,25,Premium,6/15/2025,West,Mumbai,Clothing,2607.5,13037.5,Returned,S102,6/15/2025 21:26
1103,user1103,user1103@example.com,30,Premium,5/7/2025,West,Mumbai,Office Supplies,4710,14130,,S104,5/7/2025 23:53
1104,user1104,user1104@example.com,36,Basic,4/11/2025,West,Mumbai,Furniture,3210.47,12841.88,Pending,S103,4/11/2025 16:06
1105,user1105,user1105@example.com,59,Premium,3/17/2025,West,Mumbai,Groceries,3394.66,20367.96,Delivered,S105,3/17/2025 23:34
1106,user1106,user1106@example.com,48,Premium,1/9/2025,West,Mumbai,Furniture,5075.13,10150.26,Returned,S102,1/9/2025 13:42
1107,user1107,user1107@example.com,59,Basic,4/12/2025,West,Mumbai,Groceries,288.56,1154.24,Cancelled,S106,4/12/2025 17:46
1108,user1108,user1108@example.com,36,Premium,5/4/2025,West,Mumbai,Electronics,5802.36,17407.08,,S109,5/4/2025 2:45
1109,user1109,user1109@example.com,45,Premium,1/9/2025,West,Mumbai,Clothing,1457.82,7289.1,Delivered,S107,1/9/2025 4:47
1110,user1110,user1110@example.com,56,Premium,3/23/2025,West,Mumbai,Furniture,4145.02,12435.06,Returned,S101,3/23/2025 5:58
1111,user1111,user1111@example.com,43,Basic,4/13/2025,West,Mumbai,Groceries,109.95,329.85,Cancelled,S102,4/13/2025 18:03
1112,user1112,user1112@example.com,35,Premium,1/26/2025,West,Mumbai,Clothing,1163.38,4653.52,Pending,S101,1/26/2025 12:44
1113,user1113,user1113@example.com,39,Basic,3/23/2025,West,Mumbai,Office Supplies,5496.57,32979.42,Cancelled,S110,3/23/2025 18:06
1114,user1114,user1114@example.com,42,Premium,3/14/2025,West,Mumbai,Groceries,4370.47,26222.82,Returned,S103,3/14/2025 13:48
1115,user1115,user1115@example.com,39,Basic,6/6/2025,West,Mumbai,Furniture,5896.83,11793.66,Delivered,S105,6/6/2025 14:04
1116,user1116,user1116@example.com,36,Basic,3/19/2025,West,Mumbai,Clothing,3889.88,3889.88,Cancelled,S107,3/19/2025 10:57
1117,user1117,user1117@example.com,23,Premium,1/14/2025,West,Mumbai,Electronics,1109.48,6656.88,Cancelled,S103,1/14/2025 6:19
1118,user1118,user1118@example.com,57,Premium,6/5/2025,West,Mumbai,Electronics,3938.62,19693.1,Pending,S102,6/5/2025 21:01
1119,user1119,user1119@example.com,51,Basic,1/22/2025,West,Mumbai,Clothing,1183.68,7102.08,Pending,S103,1/22/2025 9:19
1120,user1120,user1120@example.com,52,Premium,4/15/2025,West,Mumbai,Groceries,5611.62,11223.24,Returned,S104,4/15/2025 22:42
1121,user1121,user1121@example.com,32,Basic,2/12/2025,West,Mumbai,Furniture,3968.22,15872.88,Delivered,S110,2/12/2025 20:57
1122,user1122,user1122@example.com,19,Basic,3/11/2025,West,Mumbai,Groceries,5569.16,5569.16,Pending,S101,3/11/2025 15:33
1123,user1123,user1123@example.com,52,Basic,3/16/2025,West,Mumbai,Furniture,3171.09,9513.27,Pending,S110,3/16/2025 4:55
1124,user1124,user1124@example.com,52,Basic,2/24/2025,West,Mumbai,Electronics,3864.88,11594.64,Returned,S107,2/24/2025 8:48
1125,user1125,user1125@example.com,22,Premium,1/5/2025,West,Mumbai,Electronics,5174.01,31044.06,Delivered,S106,1/5/2025 20:05
1126,user1126,user1126@example.com,53,Premium,6/1/2025,West,Mumbai,Clothing,442.73,2213.65,Returned,S101,6/1/2025 9:02
1127,user1127,user1127@example.com,40,Basic,3/28/2025,West,Mumbai,Clothing,894.64,3578.56,Cancelled,S101,3/28/2025 19:51
1128,user1128,user1128@example.com,51,Basic,4/17/2025,West,Mumbai,Clothing,2601.18,2601.18,Pending,S106,4/17/2025 14:32
1129,,user1129@example.com,33,Basic,4/13/2025,West,Mumbai,Groceries,4577.82,18311.28,Pending,S109,4/13/2025 11:34
1130,user1130,,35,Premium,2/24/2025,West,Mumbai,Groceries,5666.19,33997.14,Pending,S104,2/24/2025 12:07
1131,user1131,user1131@example.com,26,Premium,1/24/2025,West,Mumbai,Clothing,2149.81,4299.62,Returned,S101,1/24/2025 1:45
1132,user1132,user1132@example.com,49,Premium,2/20/2025,West,Mumbai,Clothing,5207.51,31245.06,Pending,S109,2/20/2025 11:17
1133,user1133,user1133@example.com,55,Premium,3/8/2025,West,Mumbai,Groceries,2228.92,4457.84,Pending,S106,3/8/2025 3:23
1134,user1134,user1134@example.com,21,Basic,2/19/2025,West,Mumbai,Clothing,3801.24,3801.24,Pending,S107,2/19/2025 16:59
1135,user1135,user1135@example.com,51,Basic,5/29/2025,West,Mumbai,Clothing,4010.6,20053,Pending,S110,5/29/2025 10:53
1136,user1136,user1136@example.com,56,Basic,5/20/2025,West,Mumbai,Office Supplies,2713.84,13569.2,Cancelled,S110,5/20/2025 13:37
1137,user1137,user1137@example.com,34,Premium,2/21/2025,West,Mumbai,Office Supplies,5475.85,10951.7,Returned,S107,2/21/2025 10:53
1138,user1138,user1138@example.com,19,Premium,4/28/2025,West,Mumbai,Furniture,3515.99,3515.99,Delivered,S107,4/28/2025 17:42
1139,user1139,user1139@example.com,19,Premium,2/26/2025,West,Mumbai,Clothing,4253.63,17014.52,Pending,S102,2/26/2025 15:09
1140,user1140,user1140@example.com,47,Premium,2/28/2025,West,Mumbai,Office Supplies,4975.12,29850.72,Pending,S108,2/28/2025 13:15
1141,user1141,user1141@example.com,39,Basic,5/25/2025,West,Mumbai,Furniture,3884.72,15538.88,Returned,S106,5/25/2025 17:17
1142,user1142,user1142@example.com,21,Premium,4/23/2025,West,Mumbai,Clothing,5075.11,15225.33,Delivered,S110,4/23/2025 8:36
1143,user1143,user1143@example.com,34,Basic,2/22/2025,West,Mumbai,Furniture,4935.01,9870.02,Delivered,S109,2/22/2025 0:09
1144,user1144,user1144@example.com,52,Premium,5/27/2025,West,Mumbai,Electronics,5658.53,16975.59,Pending,S110,5/27/2025 16:57
1145,user1145,user1145@example.com,33,Basic,2/8/2025,West,Mumbai,Office Supplies,5476.17,21904.68,Pending,S103,2/8/2025 7:49
1146,user1146,user1146@example.com,57,Premium,3/14/2025,West,Mumbai,Clothing,399.06,1197.18,Cancelled,S110,3/14/2025 18:36
1147,user1147,user1147@example.com,35,Basic,2/4/2025,West,Mumbai,Furniture,5286.68,10573.36,Delivered,S104,2/4/2025 22:14
1148,user1148,user1148@example.com,39,Premium,1/4/2025,West,Mumbai,Groceries,4608.58,27651.48,Returned,S105,1/4/2025 1:06
1149,user1149,user1149@example.com,21,Basic,1/10/2025,West,Mumbai,Furniture,2304.89,11524.45,Delivered,S101,1/10/2025 18:48
1150,user1150,user1150@example.com,57,Premium,6/8/2025,West,Mumbai,Electronics,5187.79,10375.58,Pending,S108,6/8/2025 8:00
1151,user1151,user1151@example.com,38,Basic,3/25/2025,West,Mumbai,Office Supplies,5833.37,35000.22,Cancelled,S108,3/25/2025 21:31
1152,user1152,user1152@example.com,52,Basic,6/24/2025,West,Mumbai,Groceries,5498.73,32992.38,Pending,S107,6/24/2025 0:16
1153,user1153,user1153@example.com,45,Basic,5/20/2025,West,Mumbai,Furniture,2047.24,4094.48,Returned,S104,5/20/2025 1:30
1154,user1154,user1154@example.com,30,Basic,4/26/2025,West,Mumbai,Furniture,2849.12,8547.36,Delivered,S105,4/26/2025 3:29
1155,user1155,user1155@example.com,25,Basic,2/27/2025,West,Mumbai,Clothing,579.38,2317.52,Pending,S102,2/27/2025 22:51
1156,user1156,user1156@example.com,33,Basic,2/22/2025,West,Mumbai,Groceries,2860.94,2860.94,,S107,2/22/2025 8:40
1157,user1157,,24,Basic,3/28/2025,West,Mumbai,Furniture,2485.6,14913.6,Returned,S104,3/28/2025 17:31
1158,user1158,user1158@example.com,54,Basic,4/29/2025,West,Mumbai,Electronics,5247.65,5247.65,,S110,4/29/2025 11:17
1159,user1159,user1159@example.com,36,Premium,2/23/2025,West,Mumbai,Groceries,635.72,635.72,Pending,S106,2/23/2025 21:06
1160,user1160,user1160@example.com,47,Basic,4/20/2025,West,Mumbai,Office Supplies,5286.68,21146.72,Delivered,S104,4/20/2025 22:00
1161,user1161,user1161@example.com,29,Premium,2/13/2025,West,Mumbai,Office Supplies,104.29,208.58,Pending,S106,2/13/2025 4:23
1162,user1162,user1162@example.com,50,Basic,4/6/2025,West,Mumbai,Office Supplies,4920.43,19681.72,Delivered,S108,4/6/2025 19:36
1163,user1163,user1163@example.com,56,Basic,4/13/2025,West,Mumbai,Groceries,1484.05,4452.15,Pending,S107,4/13/2025 11:06
1164,user1164,user1164@example.com,58,Basic,3/25/2025,West,Mumbai,Office Supplies,3406.7,17033.5,Cancelled,S107,3/25/2025 15:27
1165,user1165,user1165@example.com,45,Basic,6/9/2025,West,Mumbai,Office Supplies,3299.96,13199.84,Pending,S106,6/9/2025 9:10
1166,user1166,user1166@example.com,47,Premium,1/9/2025,West,Mumbai,Office Supplies,1536.19,1536.19,Returned,S108,1/9/2025 10:40
1167,user1167,user1167@example.com,42,Premium,3/5/2025,West,Mumbai,Office Supplies,2184.26,8737.04,Delivered,S102,3/5/2025 21:54
1168,user1168,user1168@example.com,50,Basic,1/13/2025,West,Mumbai,Furniture,3220.48,16102.4,Returned,S103,1/13/2025 21:08
1169,user1169,user1169@example.com,20,Basic,6/24/2025,West,Mumbai,Furniture,2477.66,7432.98,Returned,S102,6/24/2025 8:04
1170,user1170,user1170@example.com,45,Premium,1/24/2025,West,Mumbai,Office Supplies,5968,5968,Pending,S110,1/24/2025 14:17
1171,user1171,user1171@example.com,27,Premium,4/14/2025,West,Mumbai,Clothing,1931.24,9656.2,Returned,S101,4/14/2025 22:08
1172,user1172,user1172@example.com,34,Premium,4/2/2025,West,Mumbai,Groceries,4530.42,22652.1,Pending,S105,4/2/2025 8:23
1173,user1173,user1173@example.com,24,Premium,6/14/2025,West,Mumbai,Furniture,620.11,3720.66,Pending,S101,6/14/2025 10:16
1174,user1174,user1174@example.com,44,Premium,5/31/2025,West,Mumbai,Clothing,1601.47,8007.35,Pending,S109,5/31/2025 15:18
1175,user1175,user1175@example.com,56,Premium,1/22/2025,West,Mumbai,Electronics,330.78,1323.12,Returned,S109,1/22/2025 16:38
1176,user1176,user1176@example.com,38,Basic,1/22/2025,West,Mumbai,Office Supplies,3064.83,3064.83,,S105,1/22/2025 4:15
1177,user1177,user1177@example.com,36,Basic,6/8/2025,West,Mumbai,Office Supplies,5363.18,21452.72,Cancelled,S107,6/8/2025 19:12
1178,user1178,user1178@example.com,55,Basic,1/23/2025,West,Mumbai,Office Supplies,,0,Pending,S108,1/23/2025 9:14
1179,user1179,user1179@example.com,35,Premium,5/5/2025,West,Mumbai,Groceries,3532.86,21197.16,Delivered,S101,5/5/2025 6:39
1180,,user1180@example.com,36,Basic,2/7/2025,West,Mumbai,Furniture,4249.56,4249.56,Pending,S104,2/7/2025 4:27
1181,user1181,user1181@example.com,33,Premium,2/26/2025,North,Delhi,Electronics,1903.55,1903.55,Cancelled,S103,2/26/2025 7:21
1182,user1182,user1182@example.com,50,Premium,6/21/2025,North,Delhi,Electronics,1382.35,8294.1,Pending,S108,6/21/2025 19:41
1183,user1183,user1183@example.com,19,Premium,4/8/2025,North,Delhi,Office Supplies,4438.04,26628.24,Delivered,S102,4/8/2025 22:58
1184,user1184,user1184@example.com,47,Premium,3/21/2025,North,Delhi,Clothing,5804.83,11609.66,Delivered,S102,3/21/2025 14:10
1185,user1185,user1185@example.com,59,Premium,4/26/2025,North,Delhi,Furniture,1472.31,2944.62,Delivered,S101,4/26/2025 2:06
1186,user1186,user1186@example.com,18,Premium,5/20/2025,North,Delhi,Furniture,1727.91,3455.82,Cancelled,S103,5/20/2025 4:10
1187,user1187,user1187@example.com,35,Basic,5/14/2025,North,Delhi,Groceries,1946.78,3893.56,Returned,S107,5/14/2025 3:27
1188,user1188,user1188@example.com,47,Basic,2/17/2025,North,Delhi,Electronics,1738.94,1738.94,Delivered,S104,2/17/2025 18:28
1189,user1189,user1189@example.com,26,Premium,6/14/2025,North,Delhi,Electronics,2853.12,8559.36,Pending,S101,6/14/2025 0:26
1190,user1190,user1190@example.com,48,Basic,3/17/2025,North,Delhi,Groceries,3134.55,6269.1,Returned,S108,3/17/2025 20:05
1191,user1191,user1191@example.com,49,Premium,2/19/2025,North,Delhi,Office Supplies,582.92,582.92,Cancelled,S105,2/19/2025 22:20
1192,user1192,user1192@example.com,38,Basic,5/21/2025,North,Delhi,Groceries,4450.02,4450.02,Cancelled,S101,5/21/2025 21:43
1193,user1193,user1193@example.com,42,Premium,3/4/2025,North,Delhi,Clothing,3680.59,7361.18,Pending,S108,3/4/2025 2:09
1194,user1194,user1194@example.com,40,Basic,5/25/2025,North,Delhi,Furniture,5690.35,22761.4,Delivered,S105,5/25/2025 10:40
1195,user1195,user1195@example.com,36,Premium,1/25/2025,North,Delhi,Office Supplies,2262.2,13573.2,Pending,S101,1/25/2025 7:40
1196,user1196,user1196@example.com,41,Premium,3/4/2025,North,Delhi,Office Supplies,2408.08,7224.24,Delivered,S108,3/4/2025 11:15
1197,user1197,user1197@example.com,54,Basic,5/21/2025,North,Delhi,Office Supplies,999,2997,Pending,S106,5/21/2025 3:14
1198,user1198,user1198@example.com,42,Premium,3/21/2025,North,Delhi,Office Supplies,5545.9,5545.9,Returned,S104,3/21/2025 5:26
1199,user1199,user1199@example.com,51,Basic,4/18/2025,North,Delhi,Furniture,5321.56,5321.56,Delivered,S103,4/18/2025 22:11
1200,user1200,user1200@example.com,39,Basic,6/3/2025,North,Delhi,Furniture,2631.13,5262.26,Cancelled,S107,6/3/2025 19:27
1201,user1201,user1201@example.com,31,Basic,2/22/2025,North,Delhi,Office Supplies,4064.9,8129.8,Delivered,S102,2/22/2025 23:19
1202,user1202,user1202@example.com,22,Basic,2/21/2025,North,Delhi,Furniture,2794.36,8383.08,Cancelled,S105,2/21/2025 14:02
1203,user1203,user1203@example.com,31,Premium,1/3/2025,North,Delhi,Furniture,4720.4,9440.8,Delivered,S109,1/3/2025 18:21
1204,user1204,user1204@example.com,54,Premium,3/23/2025,North,Delhi,Furniture,5685.08,22740.32,Pending,S106,3/23/2025 21:01
1205,user1205,user1205@example.com,58,Premium,6/3/2025,North,Delhi,Office Supplies,1699.33,8496.65,Pending,S105,6/3/2025 8:18
1206,user1206,user1206@example.com,42,Premium,3/13/2025,North,Delhi,Groceries,1247.54,6237.7,Pending,S105,3/13/2025 12:15
1207,user1207,user1207@example.com,26,Basic,2/20/2025,North,Delhi,Electronics,308.03,1540.15,Delivered,S109,2/20/2025 19:48
1208,user1208,user1208@example.com,43,Premium,6/30/2025,North,Delhi,Office Supplies,2820.64,16923.84,Delivered,S109,6/30/2025 22:20
1209,user1209,user1209@example.com,50,Premium,3/12/2025,North,Delhi,Clothing,5270.84,5270.84,Cancelled,S110,3/12/2025 20:54
1210,user1210,user1210@example.com,30,Premium,2/19/2025,North,Delhi,Furniture,3088.33,9264.99,Cancelled,S102,2/19/2025 22:32
1211,user1211,user1211@example.com,45,Premium,2/4/2025,North,Delhi,Clothing,2722.15,10888.6,Cancelled,S105,2/4/2025 9:18
1212,user1212,user1212@example.com,33,Basic,4/10/2025,North,Delhi,Furniture,907.58,907.58,Delivered,S108,4/10/2025 23:01
1213,user1213,user1213@example.com,24,Basic,4/2/2025,North,Delhi,Furniture,5624.65,11249.3,Pending,S105,4/2/2025 8:17
1214,user1214,user1214@example.com,36,Premium,2/1/2025,North,Delhi,Groceries,3691.37,18456.85,Cancelled,S105,2/1/2025 7:43
1215,user1215,user1215@example.com,40,Premium,2/27/2025,North,Delhi,Electronics,5507.56,5507.56,Pending,S106,2/27/2025 23:20
1216,user1216,user1216@example.com,60,Basic,2/15/2025,North,Delhi,Office Supplies,365.64,2193.84,Returned,S110,2/15/2025 4:58
1217,user1217,user1217@example.com,59,Basic,6/10/2025,North,Delhi,Furniture,4109.78,20548.9,Delivered,S107,6/10/2025 5:16
1218,user1218,user1218@example.com,22,Basic,1/3/2025,North,Delhi,Groceries,1386.79,6933.95,Pending,S109,1/3/2025 4:16
1219,user1219,user1219@example.com,35,Basic,5/9/2025,North,Delhi,Groceries,1782.81,7131.24,Returned,S109,5/9/2025 6:31
1220,user1220,user1220@example.com,18,Basic,2/4/2025,North,Delhi,Office Supplies,579.38,579.38,Returned,S102,2/4/2025 9:20
1221,user1221,user1221@example.com,48,Basic,5/3/2025,North,Delhi,Clothing,3917.17,11751.51,Cancelled,S108,5/3/2025 20:49
1222,user1222,user1222@example.com,49,Basic,3/29/2025,North,Delhi,Office Supplies,1346.53,8079.18,Cancelled,S109,3/29/2025 19:03
1223,user1223,user1223@example.com,57,Premium,6/15/2025,North,Delhi,Clothing,1039.69,5198.45,Pending,S105,6/15/2025 10:42
1224,user1224,user1224@example.com,53,Premium,6/30/2025,North,Delhi,Office Supplies,4088.81,4088.81,Cancelled,S103,6/30/2025 23:21
1225,user1225,user1225@example.com,46,Basic,5/8/2025,North,Delhi,Groceries,840.52,2521.56,Delivered,S104,5/8/2025 13:16
1226,user1226,user1226@example.com,36,Basic,5/5/2025,North,Delhi,Office Supplies,1957.09,3914.18,,S103,5/5/2025 20:50
1227,user1227,user1227@example.com,46,Premium,6/24/2025,North,Delhi,Groceries,838.6,1677.2,Returned,S106,6/24/2025 21:02
1228,user1228,user1228@example.com,60,Premium,6/23/2025,North,Delhi,Clothing,792.55,792.55,Returned,S101,6/23/2025 14:16
1229,user1229,user1229@example.com,57,Basic,3/19/2025,North,Delhi,Groceries,3985.76,15943.04,Cancelled,S108,3/19/2025 16:41
1230,user1230,user1230@example.com,33,Premium,4/7/2025,North,Delhi,Groceries,1866.1,11196.6,Pending,S103,4/7/2025 14:32
1231,user1231,user1231@example.com,30,Premium,3/20/2025,North,Delhi,Furniture,5570.88,5570.88,Pending,S105,3/20/2025 3:07
1232,user1232,user1232@example.com,53,Basic,4/21/2025,North,Delhi,Furniture,3714.52,18572.6,Returned,S102,4/21/2025 13:45
1233,user1233,user1233@example.com,19,Basic,6/4/2025,North,Delhi,Groceries,269.58,1347.9,Delivered,S108,6/4/2025 14:04
1234,user1234,user1234@example.com,44,Premium,1/26/2025,North,Delhi,Clothing,,0,Cancelled,S106,1/26/2025 1:38
1235,user1235,user1235@example.com,50,Basic,5/16/2025,North,Delhi,Electronics,5986.59,11973.18,Delivered,S105,5/16/2025 21:39
1236,user1236,user1236@example.com,33,Basic,4/12/2025,North,Delhi,Clothing,5503.82,27519.1,Pending,S105,4/12/2025 0:40
1237,user1237,user1237@example.com,34,Premium,4/25/2025,North,Delhi,Electronics,1207.74,1207.74,Returned,S102,4/25/2025 21:24
1238,user1238,user1238@example.com,23,Premium,3/14/2025,North,Delhi,Office Supplies,2936.96,2936.96,Delivered,S102,3/14/2025 21:18
1239,user1239,user1239@example.com,21,Premium,1/4/2025,North,Delhi,Electronics,3806.58,3806.58,Cancelled,S108,1/4/2025 7:03
1240,user1240,user1240@example.com,38,Premium,1/25/2025,North,Delhi,Office Supplies,1582.77,3165.54,,S104,1/25/2025 11:43
1241,user1241,user1241@example.com,57,Basic,6/1/2025,North,Delhi,Clothing,3887.15,15548.6,Pending,S106,6/1/2025 2:21
1242,user1242,user1242@example.com,58,Basic,4/17/2025,North,Delhi,Furniture,4029.39,20146.95,Pending,S109,4/17/2025 15:16
1243,user1243,user1243@example.com,30,Premium,2/21/2025,North,Delhi,Office Supplies,3913.03,23478.18,Pending,S101,2/21/2025 15:42
1244,user1244,user1244@example.com,21,Premium,4/28/2025,North,Delhi,Electronics,774.12,1548.24,Delivered,S103,4/28/2025 23:05
1245,user1245,user1245@example.com,47,Basic,6/21/2025,North,Delhi,Office Supplies,1937.52,9687.6,Delivered,S110,6/21/2025 2:31
1246,user1246,user1246@example.com,57,Basic,3/29/2025,North,Delhi,Office Supplies,4169.97,20849.85,Cancelled,S104,3/29/2025 21:30
1247,user1247,user1247@example.com,32,Premium,1/28/2025,North,Delhi,Clothing,4902.75,9805.5,Cancelled,S102,1/28/2025 3:24
1248,user1248,user1248@example.com,54,Basic,3/24/2025,North,Delhi,Groceries,2108.49,8433.96,Delivered,S104,3/24/2025 4:47
1249,user1249,user1249@example.com,31,Basic,6/29/2025,North,Delhi,Office Supplies,5438.16,16314.48,Delivered,S104,6/29/2025 2:55
1250,user1250,user1250@example.com,57,Basic,3/15/2025,North,Delhi,Groceries,4090.32,24541.92,Pending,S105,3/15/2025 15:26
1251,user1251,user1251@example.com,24,Basic,4/22/2025,North,Delhi,Furniture,2257.4,2257.4,Returned,S104,4/22/2025 6:18
1252,user1252,user1252@example.com,41,Basic,5/10/2025,North,Delhi,Clothing,263.61,263.61,Delivered,S103,5/10/2025 20:44
1253,user1253,user1253@example.com,28,Basic,1/9/2025,North,Delhi,Clothing,295.07,885.21,Pending,S108,1/9/2025 8:24
1254,user1254,user1254@example.com,19,Basic,1/5/2025,North,Delhi,Office Supplies,5915.87,5915.87,Pending,S109,1/5/2025 13:54
1255,user1255,user1255@example.com,53,Basic,1/6/2025,North,Delhi,Furniture,4950.4,29702.4,Pending,S109,1/6/2025 20:26
1256,user1256,user1256@example.com,32,Premium,6/15/2025,North,Delhi,Electronics,3536.54,14146.16,Cancelled,S106,6/15/2025 15:34
1257,user1257,user1257@example.com,20,Basic,1/28/2025,North,Delhi,Furniture,2809.46,11237.84,Pending,S109,1/28/2025 4:11
1258,user1258,user1258@example.com,28,Premium,5/18/2025,North,Delhi,Clothing,1857.34,7429.36,Delivered,S102,5/18/2025 20:22
1259,user1259,user1259@example.com,19,Premium,1/11/2025,North,Delhi,Furniture,1867.04,11202.24,Cancelled,S110,1/11/2025 17:24
1260,user1260,user1260@example.com,20,Basic,6/30/2025,North,Delhi,Clothing,5507.12,27535.6,Returned,S101,6/30/2025 18:13
1261,user1261,user1261@example.com,28,Basic,5/12/2025,North,Delhi,Furniture,4685.15,4685.15,Delivered,S103,5/12/2025 13:03
1262,user1262,user1262@example.com,38,Basic,2/17/2025,North,Delhi,Groceries,5325.77,10651.54,Returned,S110,2/17/2025 22:23
1263,user1263,user1263@example.com,42,Basic,3/6/2025,North,Delhi,Office Supplies,3337.33,6674.66,Pending,S102,3/6/2025 9:04
1264,user1264,user1264@example.com,49,Basic,1/31/2025,North,Delhi,Groceries,765.4,4592.4,Pending,S107,1/31/2025 22:28
1265,user1265,user1265@example.com,60,Premium,4/17/2025,North,Delhi,Groceries,4727.59,4727.59,Delivered,S108,4/17/2025 9:50
1266,user1266,user1266@example.com,47,Basic,2/4/2025,North,Delhi,Office Supplies,213.58,640.74,Cancelled,S103,2/4/2025 5:56
1267,user1267,user1267@example.com,49,Basic,3/30/2025,North,Delhi,Clothing,,0,Cancelled,S107,3/30/2025 12:46
1268,user1268,user1268@example.com,20,Premium,4/17/2025,North,Delhi,Groceries,2415.03,9660.12,Pending,S104,4/17/2025 4:53
1269,user1269,user1269@example.com,50,Premium,5/28/2025,North,Delhi,Electronics,5116.4,15349.2,Delivered,S102,5/28/2025 23:57
1270,user1270,user1270@example.com,53,Basic,3/5/2025,North,Delhi,Electronics,3360.5,13442,Cancelled,S103,3/5/2025 15:00
1271,user1271,user1271@example.com,37,Basic,2/11/2025,North,Delhi,Office Supplies,1765.33,3530.66,Returned,S108,2/11/2025 23:10
1272,user1272,user1272@example.com,40,Basic,3/9/2025,North,Delhi,Groceries,,0,Returned,S104,3/9/2025 20:41
1273,user1273,user1273@example.com,60,Premium,3/18/2025,North,Delhi,Groceries,2125.97,8503.88,Delivered,S110,3/18/2025 0:36
1274,user1274,user1274@example.com,25,Premium,2/19/2025,North,Delhi,Furniture,624.18,1248.36,Delivered,S104,2/19/2025 4:40
1275,user1275,user1275@example.com,29,Basic,3/31/2025,North,Delhi,Office Supplies,3431.18,13724.72,Returned,S110,3/31/2025 15:18
1276,user1276,user1276@example.com,41,Basic,5/1/2025,North,Delhi,Groceries,185.5,1113,Returned,S101,5/1/2025 8:00
1277,user1277,user1277@example.com,50,Premium,3/5/2025,North,Delhi,Groceries,3237.28,16186.4,Cancelled,S106,3/5/2025 22:32
1278,user1278,user1278@example.com,54,Basic,5/30/2025,North,Delhi,Clothing,3818.98,7637.96,Pending,S106,5/30/2025 13:19
1279,user1279,user1279@example.com,24,Basic,3/31/2025,North,Delhi,Office Supplies,5139.09,10278.18,Delivered,S103,3/31/2025 4:11
1280,user1280,user1280@example.com,40,Basic,5/1/2025,North,Delhi,Electronics,2252.81,11264.05,Pending,S103,5/1/2025 3:43
1281,user1281,user1281@example.com,27,Basic,4/5/2025,North,Delhi,Furniture,5250.17,15750.51,Returned,S101,4/5/2025 14:57
1282,user1282,user1282@example.com,59,Premium,3/21/2025,North,Delhi,Electronics,4756.6,4756.6,Returned,S105,3/21/2025 23:01
1283,user1283,user1283@example.com,36,Premium,6/20/2025,North,Delhi,Furniture,1444.2,5776.8,Delivered,S105,6/20/2025 7:53
1284,user1284,user1284@example.com,60,Premium,3/31/2025,North,Delhi,Office Supplies,,0,Pending,S102,3/31/2025 9:04
1285,user1285,user1285@example.com,33,Premium,6/9/2025,North,Delhi,Electronics,1543.4,6173.6,Pending,S110,6/9/2025 16:38
1286,user1286,user1286@example.com,18,Basic,1/30/2025,North,Delhi,Furniture,2758.66,5517.32,Cancelled,S107,1/30/2025 6:26
1287,user1287,user1287@example.com,49,Premium,5/6/2025,North,Delhi,Clothing,5180.16,20720.64,Cancelled,S108,5/6/2025 14:27
1288,user1288,user1288@example.com,26,Premium,5/31/2025,North,Delhi,Office Supplies,811.33,4867.98,Cancelled,S105,5/31/2025 18:33
1289,user1289,user1289@example.com,39,Premium,2/15/2025,North,Delhi,Furniture,4776.15,23880.75,Pending,S108,2/15/2025 4:52
1290,user1290,user1290@example.com,36,Basic,5/31/2025,North,Delhi,Furniture,749.65,3748.25,Delivered,S104,5/31/2025 7:32
1291,user1291,user1291@example.com,22,Basic,3/15/2025,North,Delhi,Furniture,4386.78,4386.78,Delivered,S109,3/15/2025 23:57
1292,user1292,user1292@example.com,35,Premium,5/17/2025,North,Delhi,Groceries,707.52,2122.56,Cancelled,S109,5/17/2025 4:47
1293,user1293,user1293@example.com,29,Premium,6/9/2025,North,Delhi,Groceries,4835.27,4835.27,Delivered,S110,6/9/2025 22:36
1294,user1294,user1294@example.com,35,Basic,1/3/2025,North,Delhi,Clothing,3914.17,11742.51,Delivered,S108,1/3/2025 0:28
1295,user1295,user1295@example.com,20,Basic,1/17/2025,North,Delhi,Electronics,338.81,338.81,Cancelled,S105,1/17/2025 19:20
1296,user1296,user1296@example.com,44,Premium,6/17/2025,North,Delhi,Groceries,3001.14,6002.28,Pending,S102,6/17/2025 14:22
1297,user1297,user1297@example.com,54,Premium,5/3/2025,North,Delhi,Office Supplies,3562.86,10688.58,Pending,S110,5/3/2025 17:38
1298,user1298,user1298@example.com,34,Premium,3/27/2025,North,Delhi,Groceries,4357.72,4357.72,Cancelled,S108,3/27/2025 5:18
1299,user1299,user1299@example.com,59,Basic,2/1/2025,North,Delhi,Electronics,5291.59,21166.36,Cancelled,S104,2/1/2025 14:23
1300,user1300,user1300@example.com,29,Basic,4/17/2025,North,Delhi,Furniture,3698.28,3698.28,Delivered,S102,4/17/2025 20:59
1301,user1301,user1301@example.com,32,Premium,6/11/2025,North,Delhi,Groceries,3783.86,22703.16,Delivered,S104,6/11/2025 16:08
1302,user1302,user1302@example.com,38,Premium,4/12/2025,North,Delhi,Office Supplies,1648.05,6592.2,Delivered,S109,4/12/2025 6:39
1303,user1303,user1303@example.com,56,Basic,1/5/2025,North,Delhi,Electronics,2005.09,8020.36,Cancelled,S109,1/5/2025 13:36
1304,user1304,user1304@example.com,32,Premium,1/24/2025,North,Delhi,Office Supplies,5766.04,5766.04,Delivered,S110,1/24/2025 23:35
1305,user1305,user1305@example.com,35,Premium,3/14/2025,North,Delhi,Office Supplies,3711.9,14847.6,Cancelled,S103,3/14/2025 13:22
1306,user1306,user1306@example.com,38,Basic,5/5/2025,North,Delhi,Furniture,4066.62,4066.62,Pending,S105,5/5/2025 16:13
1307,user1307,user1307@example.com,23,Premium,6/6/2025,North,Delhi,Groceries,713.15,713.15,Delivered,S103,6/6/2025 11:41
1308,user1308,,24,Premium,2/21/2025,North,Delhi,Electronics,4487.16,13461.48,Returned,S108,2/21/2025 10:46
1309,user1309,user1309@example.com,25,Basic,2/14/2025,North,Delhi,Groceries,825.67,4954.02,Pending,S110,2/14/2025 15:47
1310,user1310,user1310@example.com,22,Premium,2/24/2025,North,Delhi,Groceries,2972.23,8916.69,Delivered,S104,2/24/2025 16:07
1311,user1311,user1311@example.com,19,Premium,1/14/2025,North,Delhi,Furniture,3786.86,7573.72,Pending,S103,1/14/2025 6:55
1312,user1312,user1312@example.com,43,Basic,2/12/2025,North,Delhi,Furniture,4135.73,16542.92,Cancelled,S104,2/12/2025 16:19
1313,user1313,user1313@example.com,53,Premium,1/19/2025,North,Delhi,Office Supplies,4170.33,12510.99,Pending,S101,1/19/2025 14:16
1314,user1314,user1314@example.com,52,Premium,4/11/2025,North,Delhi,Groceries,1270.11,2540.22,Pending,S110,4/11/2025 19:25
1315,user1315,user1315@example.com,44,Basic,2/10/2025,North,Delhi,Groceries,1797.08,10782.48,Cancelled,S107,2/10/2025 5:44
1316,user1316,user1316@example.com,50,Basic,5/10/2025,North,Delhi,Office Supplies,3225.2,12900.8,,S106,5/10/2025 22:44
1317,user1317,user1317@example.com,22,Premium,4/29/2025,North,Delhi,Groceries,2185.39,10926.95,Cancelled,S102,4/29/2025 20:51
1318,user1318,user1318@example.com,31,Premium,4/9/2025,North,Delhi,Office Supplies,4311.71,8623.42,Returned,S102,4/9/2025 1:44
1319,user1319,user1319@example.com,24,Premium,2/14/2025,North,Delhi,Office Supplies,4786,14358,Delivered,S104,2/14/2025 2:04
1320,user1320,user1320@example.com,24,Basic,2/10/2025,North,Delhi,Groceries,1858.1,5574.3,Pending,S109,2/10/2025 0:00
1321,user1321,user1321@example.com,19,Premium,3/14/2025,North,Delhi,Furniture,5252.77,5252.77,Pending,S108,3/14/2025 22:03
1322,user1322,user1322@example.com,39,Basic,5/12/2025,North,Delhi,Groceries,5775.21,28876.05,Cancelled,S109,5/12/2025 21:34
1323,user1323,user1323@example.com,18,Basic,3/6/2025,North,Delhi,Office Supplies,5066.44,5066.44,Returned,S101,3/6/2025 23:04
1324,user1324,user1324@example.com,28,Premium,3/19/2025,North,Delhi,Electronics,3980.33,15921.32,Delivered,S108,3/19/2025 17:41
1325,user1325,user1325@example.com,52,Basic,4/25/2025,North,Delhi,Clothing,2621.66,13108.3,,S107,4/25/2025 21:42
1326,user1326,user1326@example.com,18,Basic,1/11/2025,North,Delhi,Groceries,919.73,2759.19,Delivered,S108,1/11/2025 3:12
1327,user1327,user1327@example.com,30,Basic,2/5/2025,North,Delhi,Office Supplies,3656.04,3656.04,Cancelled,S101,2/5/2025 8:55
1328,user1328,user1328@example.com,23,Premium,6/21/2025,North,Delhi,Furniture,3569.87,21419.22,Returned,S105,6/21/2025 9:50
1329,,user1329@example.com,55,Premium,2/6/2025,North,Delhi,Groceries,2988.84,11955.36,Pending,S102,2/6/2025 5:07
1330,user1330,user1330@example.com,59,Premium,5/17/2025,North,Delhi,Furniture,5218.48,5218.48,Returned,S107,5/17/2025 21:57
1331,user1331,user1331@example.com,47,Basic,2/14/2025,North,Delhi,Furniture,1056.05,6336.3,Cancelled,S107,2/14/2025 3:44
1332,user1332,user1332@example.com,27,Basic,1/14/2025,North,Delhi,Clothing,3718.04,11154.12,Returned,S103,1/14/2025 18:12
1333,user1333,user1333@example.com,40,Premium,6/24/2025,North,Delhi,Groceries,2107.87,10539.35,Cancelled,S110,6/24/2025 19:46
1334,user1334,user1334@example.com,41,Premium,3/26/2025,North,Delhi,Furniture,2736,13680,Cancelled,S107,3/26/2025 3:02
1335,user1335,user1335@example.com,59,Basic,2/10/2025,North,Delhi,Office Supplies,2246.43,4492.86,Delivered,S107,2/10/2025 4:37
1336,user1336,user1336@example.com,33,Basic,6/25/2025,North,Delhi,Furniture,853.36,853.36,Pending,S104,6/25/2025 10:20
1337,user1337,user1337@example.com,60,Basic,2/24/2025,North,Delhi,Groceries,1757.98,5273.94,Returned,S101,2/24/2025 2:59
1338,,user1338@example.com,55,Premium,3/28/2025,North,Delhi,Groceries,,0,Returned,S105,3/28/2025 5:55
1339,user1339,user1339@example.com,41,Basic,2/8/2025,North,Delhi,Furniture,4399.22,26395.32,Cancelled,S102,2/8/2025 4:41
1340,user1340,user1340@example.com,31,Premium,2/11/2025,North,Delhi,Electronics,4594.15,22970.75,Returned,S109,2/11/2025 16:28
1341,user1341,user1341@example.com,54,Premium,3/3/2025,North,Delhi,Groceries,1798.12,10788.72,Delivered,S102,3/3/2025 11:45
1342,user1342,user1342@example.com,46,Basic,5/28/2025,North,Delhi,Clothing,3791.47,15165.88,Returned,S103,5/28/2025 23:32
1343,user1343,user1343@example.com,32,Basic,5/9/2025,North,Delhi,Electronics,2037.39,12224.34,Delivered,S110,5/9/2025 21:21
1344,user1344,user1344@example.com,38,Premium,1/6/2025,North,Delhi,Electronics,5793.62,23174.48,Cancelled,S102,1/6/2025 17:17
1345,user1345,user1345@example.com,46,Basic,2/25/2025,North,Delhi,Clothing,998.84,1997.68,Pending,S107,2/25/2025 11:56
1346,user1346,user1346@example.com,19,Premium,5/3/2025,North,Delhi,Electronics,1890.5,3781,Cancelled,S108,5/3/2025 9:34
1347,user1347,user1347@example.com,29,Premium,1/26/2025,North,Delhi,Furniture,449.25,898.5,Delivered,S105,1/26/2025 13:26
1348,user1348,user1348@example.com,34,Basic,4/12/2025,North,Delhi,Groceries,2051.61,8206.44,Delivered,S106,4/12/2025 14:06
1349,user1349,user1349@example.com,44,Basic,6/1/2025,North,Delhi,Office Supplies,1969.23,3938.46,Returned,S109,6/1/2025 7:01
1350,user1350,,53,Premium,1/27/2025,North,Delhi,Clothing,1040.07,1040.07,Cancelled,S101,1/27/2025 9:30
1351,user1351,user1351@example.com,52,Basic,5/20/2025,South,Bengaluru,Clothing,4140.15,4140.15,Pending,S102,5/20/2025 8:49
1352,user1352,user1352@example.com,52,Premium,4/18/2025,South,Bengaluru,Electronics,2257.54,13545.24,Returned,S102,4/18/2025 13:22
1353,,user1353@example.com,42,Basic,6/16/2025,South,Bengaluru,Electronics,968.11,2904.33,Delivered,S107,6/16/2025 19:41
1354,user1354,user1354@example.com,29,Basic,5/14/2025,South,Bengaluru,Office Supplies,4423.99,22119.95,Pending,S109,5/14/2025 10:44
1355,user1355,user1355@example.com,29,Basic,6/2/2025,South,Bengaluru,Office Supplies,2182.21,6546.63,Cancelled,S104,6/2/2025 13:59
1356,user1356,user1356@example.com,50,Basic,1/14/2025,South,Bengaluru,Electronics,1034.26,6205.56,Cancelled,S102,1/14/2025 20:18
1357,,user1357@example.com,57,Premium,2/26/2025,South,Bengaluru,Groceries,2120.17,10600.85,,S106,2/26/2025 0:50
1358,user1358,user1358@example.com,22,Premium,2/26/2025,South,Bengaluru,Office Supplies,3194.15,12776.6,Cancelled,S108,2/26/2025 0:19
1359,user1359,user1359@example.com,41,Basic,4/12/2025,South,Bengaluru,Clothing,5780.74,11561.48,Pending,S104,4/12/2025 15:41
1360,user1360,user1360@example.com,60,Basic,1/12/2025,South,Bengaluru,Electronics,2813.22,8439.66,Cancelled,S106,1/12/2025 14:26
1361,user1361,user1361@example.com,30,Premium,4/10/2025,South,Bengaluru,Office Supplies,4099.5,20497.5,Pending,S110,4/10/2025 8:38
1362,user1362,user1362@example.com,52,Basic,3/22/2025,South,Bengaluru,Electronics,3168.89,9506.67,Delivered,S104,3/22/2025 9:31
1363,user1363,user1363@example.com,18,Basic,6/12/2025,South,Bengaluru,Groceries,2653.47,15920.82,Returned,S107,6/12/2025 5:44
1364,user1364,user1364@example.com,21,Basic,6/6/2025,South,Bengaluru,Office Supplies,4936.16,29616.96,Delivered,S105,6/6/2025 9:13
1365,user1365,user1365@example.com,56,Premium,3/12/2025,South,Bengaluru,Groceries,2458.62,14751.72,Pending,S102,3/12/2025 12:44
1366,user1366,user1366@example.com,29,Premium,2/21/2025,South,Bengaluru,Clothing,4955.14,9910.28,Returned,S101,2/21/2025 22:22
1367,user1367,user1367@example.com,33,Basic,5/15/2025,South,Bengaluru,Groceries,1270.58,1270.58,Cancelled,S109,5/15/2025 3:25
1368,user1368,user1368@example.com,52,Premium,4/15/2025,South,Bengaluru,Office Supplies,1228.19,1228.19,Pending,S102,4/15/2025 2:29
1369,user1369,user1369@example.com,38,Premium,6/25/2025,South,Bengaluru,Electronics,749.41,749.41,Cancelled,S107,6/25/2025 18:37
1370,user1370,user1370@example.com,48,Basic,1/27/2025,South,Bengaluru,Office Supplies,3262.53,16312.65,Returned,S107,1/27/2025 18:28
1371,user1371,user1371@example.com,52,Premium,2/8/2025,South,Bengaluru,Electronics,4135.87,24815.22,Pending,S106,2/8/2025 15:43
1372,user1372,user1372@example.com,34,Basic,3/14/2025,South,Bengaluru,Furniture,618.93,3094.65,Delivered,S107,3/14/2025 7:45
1373,user1373,user1373@example.com,23,Basic,4/9/2025,South,Bengaluru,Furniture,2663.14,10652.56,Returned,S105,4/9/2025 8:44
1374,user1374,user1374@example.com,31,Basic,6/11/2025,South,Bengaluru,Office Supplies,4619.82,9239.64,Cancelled,S110,6/11/2025 17:30
1375,user1375,user1375@example.com,24,Basic,6/27/2025,South,Bengaluru,Clothing,5901.87,5901.87,Pending,S106,6/27/2025 6:18
1376,user1376,user1376@example.com,58,Premium,6/19/2025,South,Bengaluru,Groceries,3992.02,23952.12,Cancelled,S110,6/19/2025 6:54
1377,user1377,user1377@example.com,35,Basic,4/4/2025,South,Bengaluru,Office Supplies,2488.11,9952.44,Delivered,S108,4/4/2025 11:02
1378,user1378,user1378@example.com,19,Premium,5/3/2025,South,Bengaluru,Clothing,3894.02,23364.12,Returned,S106,5/3/2025 0:02
1379,user1379,user1379@example.com,40,Premium,5/28/2025,South,Bengaluru,Electronics,5909.2,5909.2,Delivered,S104,5/28/2025 17:42
1380,user1380,user1380@example.com,50,Premium,4/20/2025,South,Bengaluru,Furniture,638.49,1276.98,Cancelled,S101,4/20/2025 8:15
1381,user1381,user1381@example.com,32,Basic,4/1/2025,South,Bengaluru,Clothing,675.12,2700.48,Pending,S101,4/1/2025 5:34
1382,user1382,user1382@example.com,22,Basic,3/23/2025,South,Bengaluru,Furniture,3969.58,15878.32,Delivered,S103,3/23/2025 22:16
1383,user1383,user1383@example.com,20,Premium,1/22/2025,South,Bengaluru,Groceries,2779.24,13896.2,Cancelled,S107,1/22/2025 14:36
1384,user1384,user1384@example.com,36,Premium,6/16/2025,South,Bengaluru,Furniture,2631.11,15786.66,Pending,S102,6/16/2025 17:21
1385,user1385,user1385@example.com,25,Premium,1/10/2025,South,Bengaluru,Clothing,3362.39,10087.17,Returned,S101,1/10/2025 17:07
1386,user1386,user1386@example.com,22,Premium,1/28/2025,South,Bengaluru,Clothing,4374.41,21872.05,Cancelled,S104,1/28/2025 17:27
1387,user1387,user1387@example.com,48,Basic,2/19/2025,South,Bengaluru,Clothing,4880.03,24400.15,Cancelled,S104,2/19/2025 6:21
1388,user1388,user1388@example.com,43,Premium,4/19/2025,South,Bengaluru,Groceries,4746.85,9493.7,Delivered,S102,4/19/2025 5:29
1389,user1389,user1389@example.com,49,Basic,6/16/2025,South,Bengaluru,Furniture,2039.58,10197.9,Cancelled,S103,6/16/2025 20:29
1390,user1390,user1390@example.com,44,Basic,2/8/2025,South,Bengaluru,Office Supplies,4329.1,4329.1,Cancelled,S101,2/8/2025 8:17
1391,user1391,user1391@example.com,19,Basic,6/2/2025,South,Bengaluru,Furniture,1251.19,5004.76,Returned,S106,6/2/2025 1:14
1392,user1392,user1392@example.com,22,Premium,4/24/2025,South,Bengaluru,Groceries,5634.02,33804.12,Delivered,S109,4/24/2025 15:06
1393,user1393,user1393@example.com,49,Basic,4/27/2025,South,Bengaluru,Electronics,4182.2,8364.4,Cancelled,S110,4/27/2025 23:38
1394,user1394,user1394@example.com,42,Basic,3/28/2025,South,Bengaluru,Groceries,4825.67,19302.68,Cancelled,S105,3/28/2025 8:37
1395,user1395,user1395@example.com,19,Premium,6/13/2025,South,Bengaluru,Electronics,2559.9,12799.5,Returned,S108,6/13/2025 6:21
1396,user1396,user1396@example.com,44,Basic,4/26/2025,South,Bengaluru,Clothing,4956.19,9912.38,Returned,S109,4/26/2025 10:57
1397,user1397,user1397@example.com,52,Premium,6/27/2025,South,Bengaluru,Electronics,5000.44,10000.88,Cancelled,S101,6/27/2025 23:20
1398,user1398,user1398@example.com,32,Premium,3/17/2025,South,Bengaluru,Groceries,264.43,264.43,,S105,3/17/2025 13:50
1399,user1399,user1399@example.com,51,Basic,1/28/2025,South,Bengaluru,Electronics,389.7,2338.2,Returned,S107,1/28/2025 5:05
1400,user1400,user1400@example.com,59,Premium,1/6/2025,South,Bengaluru,Groceries,5877.24,11754.48,Returned,S102,1/6/2025 12:25
1401,user1401,,52,Basic,6/18/2025,South,Bengaluru,Furniture,,0,Cancelled,S106,6/18/2025 12:39
1402,user1402,user1402@example.com,32,Basic,3/15/2025,South,Bengaluru,Groceries,,0,Delivered,S109,3/15/2025 0:44
1403,user1403,user1403@example.com,36,Premium,2/19/2025,South,Bengaluru,Electronics,3861.13,23166.78,Returned,S101,2/19/2025 21:31
1404,user1404,user1404@example.com,39,Basic,6/14/2025,South,Bengaluru,Electronics,5777.11,28885.55,Delivered,S102,6/14/2025 9:52
1405,user1405,user1405@example.com,18,Basic,5/24/2025,South,Bengaluru,Office Supplies,5474.45,27372.25,Cancelled,S106,5/24/2025 22:18
1406,user1406,user1406@example.com,25,Premium,4/5/2025,South,Bengaluru,Furniture,727.45,2909.8,Cancelled,S103,4/5/2025 6:07
1407,user1407,user1407@example.com,58,Basic,3/22/2025,South,Bengaluru,Office Supplies,3123.86,9371.58,Returned,S102,3/22/2025 2:25
1408,user1408,user1408@example.com,29,Basic,4/25/2025,South,Bengaluru,Electronics,4580.61,27483.66,Delivered,S105,4/25/2025 17:03
1409,user1409,user1409@example.com,48,Premium,4/6/2025,South,Bengaluru,Electronics,3955.81,3955.81,Delivered,S107,4/6/2025 10:53
1410,user1410,user1410@example.com,46,Basic,5/25/2025,South,Bengaluru,Furniture,861.69,3446.76,Cancelled,S110,5/25/2025 1:52
1411,user1411,user1411@example.com,28,Basic,6/23/2025,South,Bengaluru,Groceries,5696.97,17090.91,Pending,S104,6/23/2025 15:02
1412,user1412,user1412@example.com,50,Basic,3/19/2025,South,Bengaluru,Furniture,5971.5,17914.5,Delivered,S104,3/19/2025 10:15
1413,user1413,user1413@example.com,26,Premium,5/5/2025,South,Bengaluru,Office Supplies,5809.38,17428.14,Returned,S110,5/5/2025 13:52
1414,user1414,user1414@example.com,58,Premium,6/22/2025,South,Bengaluru,Electronics,2750.7,2750.7,Returned,S104,6/22/2025 0:01
1415,user1415,user1415@example.com,28,Premium,2/23/2025,South,Bengaluru,Clothing,5835.62,23342.48,Delivered,S107,2/23/2025 20:02
1416,,user1416@example.com,40,Premium,6/7/2025,South,Bengaluru,Clothing,1692.74,8463.7,Delivered,S107,6/7/2025 19:53
1417,user1417,user1417@example.com,60,Premium,3/18/2025,South,Bengaluru,Furniture,2882.21,2882.21,Cancelled,S108,3/18/2025 9:33
1418,user1418,user1418@example.com,56,Premium,1/29/2025,South,Bengaluru,Clothing,3682.82,11048.46,Cancelled,S102,1/29/2025 8:10
1419,user1419,user1419@example.com,22,Basic,2/18/2025,South,Bengaluru,Electronics,4517.42,27104.52,Pending,S106,2/18/2025 0:59
1420,user1420,user1420@example.com,23,Premium,4/17/2025,South,Bengaluru,Office Supplies,5623.71,28118.55,Pending,S107,4/17/2025 18:17
1421,user1421,user1421@example.com,53,Premium,3/25/2025,South,Bengaluru,Office Supplies,4404.21,8808.42,Pending,S102,3/25/2025 19:54
1422,user1422,user1422@example.com,36,Premium,4/28/2025,South,Bengaluru,Clothing,2873.41,2873.41,Pending,S108,4/28/2025 5:16
1423,user1423,,45,Premium,6/19/2025,South,Bengaluru,Groceries,2121.39,12728.34,Cancelled,S108,6/19/2025 5:23
1424,user1424,user1424@example.com,56,Basic,1/13/2025,South,Bengaluru,Groceries,3138.2,15691,Pending,S103,1/13/2025 16:08
1425,user1425,user1425@example.com,52,Basic,5/16/2025,South,Bengaluru,Furniture,1444.3,1444.3,Pending,S106,5/16/2025 6:38
1426,user1426,user1426@example.com,35,Basic,3/10/2025,South,Bengaluru,Electronics,5448.35,32690.1,Delivered,S102,3/10/2025 7:48
1427,user1427,user1427@example.com,18,Premium,6/11/2025,South,Bengaluru,Groceries,465.71,1862.84,Pending,S106,6/11/2025 1:10
1428,user1428,user1428@example.com,44,Premium,1/6/2025,South,Bengaluru,Furniture,3828.24,19141.2,Delivered,S106,1/6/2025 12:35
1429,user1429,user1429@example.com,27,Premium,3/1/2025,South,Bengaluru,Groceries,5621.54,11243.08,Pending,S110,3/1/2025 12:44
1430,user1430,user1430@example.com,46,Premium,1/22/2025,South,Bengaluru,Furniture,4542.81,18171.24,Delivered,S105,1/22/2025 5:18
1431,user1431,user1431@example.com,44,Premium,2/5/2025,South,Bengaluru,Groceries,5297.57,26487.85,Cancelled,S102,2/5/2025 17:09
1432,user1432,user1432@example.com,35,Premium,3/22/2025,South,Bengaluru,Clothing,817.76,3271.04,Returned,S103,3/22/2025 17:38
1433,user1433,user1433@example.com,33,Premium,6/20/2025,South,Bengaluru,Furniture,2420.89,2420.89,Delivered,S103,6/20/2025 13:55
1434,user1434,user1434@example.com,33,Basic,2/3/2025,South,Bengaluru,Electronics,309.5,1857,,S104,2/3/2025 20:00
1435,user1435,user1435@example.com,28,Basic,6/20/2025,South,Bengaluru,Groceries,1337,6685,Returned,S101,6/20/2025 13:49
1436,user1436,user1436@example.com,21,Premium,3/22/2025,South,Bengaluru,Office Supplies,5598.75,16796.25,Returned,S101,3/22/2025 12:54
1437,user1437,user1437@example.com,22,Basic,3/31/2025,South,Bengaluru,Clothing,3013.72,15068.6,Cancelled,S105,3/31/2025 19:37
1438,user1438,user1438@example.com,35,Premium,5/25/2025,South,Bengaluru,Furniture,215.74,215.74,Delivered,S106,5/25/2025 0:15
1439,user1439,user1439@example.com,54,Basic,6/6/2025,South,Bengaluru,Groceries,3984.8,15939.2,Cancelled,S107,6/6/2025 14:08
1440,user1440,user1440@example.com,47,Basic,2/14/2025,South,Bengaluru,Groceries,3122.49,12489.96,Cancelled,S109,2/14/2025 16:09
1441,user1441,user1441@example.com,46,Basic,3/5/2025,South,Bengaluru,Clothing,5419.96,27099.8,Pending,S108,3/5/2025 14:39
1442,user1442,user1442@example.com,40,Premium,6/6/2025,South,Bengaluru,Furniture,2568.17,15409.02,Pending,S104,6/6/2025 4:32
1443,user1443,user1443@example.com,33,Premium,1/7/2025,South,Bengaluru,Furniture,2957.34,2957.34,Returned,S105,1/7/2025 4:29
1444,user1444,user1444@example.com,35,Premium,3/20/2025,South,Bengaluru,Furniture,1669.78,5009.34,Returned,S109,3/20/2025 12:55
1445,user1445,user1445@example.com,46,Basic,5/19/2025,South,Bengaluru,Furniture,5523.39,11046.78,Cancelled,S101,5/19/2025 20:08
1446,,user1446@example.com,36,Premium,4/11/2025,South,Bengaluru,Furniture,3530.03,3530.03,Delivered,S104,4/11/2025 17:34
1447,user1447,user1447@example.com,39,Premium,5/21/2025,South,Bengaluru,Clothing,4291.25,21456.25,Cancelled,S108,5/21/2025 2:14
1448,user1448,user1448@example.com,43,Premium,3/24/2025,South,Bengaluru,Furniture,4957.58,19830.32,Delivered,S107,3/24/2025 15:31
1449,user1449,user1449@example.com,38,Basic,6/11/2025,South,Bengaluru,Groceries,3912.67,15650.68,Cancelled,S105,6/11/2025 12:30
1450,user1450,user1450@example.com,36,Basic,5/18/2025,South,Bengaluru,Office Supplies,3358.58,20151.48,Delivered,S103,5/18/2025 14:39
1451,user1451,user1451@example.com,39,Basic,5/9/2025,South,Bengaluru,Office Supplies,5899.51,35397.06,Cancelled,S103,5/9/2025 15:51
1452,user1452,user1452@example.com,54,Premium,3/31/2025,South,Bengaluru,Office Supplies,2660.36,10641.44,Cancelled,S108,3/31/2025 21:08
1453,user1453,user1453@example.com,57,Premium,6/21/2025,South,Bengaluru,Groceries,3949.94,7899.88,Returned,S101,6/21/2025 0:28
1454,user1454,user1454@example.com,29,Basic,4/14/2025,South,Bengaluru,Furniture,4290.68,25744.08,Returned,S104,4/14/2025 10:48
1455,user1455,user1455@example.com,19,Basic,3/29/2025,South,Bengaluru,Groceries,541.79,2167.16,Cancelled,S110,3/29/2025 10:56
1456,user1456,user1456@example.com,43,Premium,1/5/2025,South,Bengaluru,Furniture,1383.1,5532.4,Delivered,S107,1/5/2025 4:10
1457,user1457,user1457@example.com,60,Premium,3/3/2025,South,Bengaluru,Electronics,4681.43,18725.72,Cancelled,S101,3/3/2025 22:19
1458,user1458,user1458@example.com,34,Basic,5/1/2025,South,Bengaluru,Electronics,336.37,1345.48,Cancelled,S102,5/1/2025 15:56
1459,user1459,user1459@example.com,58,Premium,1/7/2025,South,Bengaluru,Office Supplies,5751.35,5751.35,Returned,S102,1/7/2025 3:24
1460,user1460,user1460@example.com,45,Premium,2/19/2025,South,Bengaluru,Furniture,1575.45,3150.9,Cancelled,S104,2/19/2025 16:06
1461,user1461,user1461@example.com,24,Basic,1/28/2025,South,Bengaluru,Office Supplies,5600.73,5600.73,Cancelled,S108,1/28/2025 15:59
1462,user1462,user1462@example.com,56,Premium,3/17/2025,South,Bengaluru,Furniture,5321.3,5321.3,Pending,S106,3/17/2025 23:11
1463,user1463,user1463@example.com,36,Premium,1/20/2025,South,Bengaluru,Electronics,5544.31,27721.55,Returned,S104,1/20/2025 16:18
1464,user1464,user1464@example.com,39,Basic,2/9/2025,South,Bengaluru,Furniture,573.35,2866.75,Delivered,S109,2/9/2025 5:08
1465,user1465,user1465@example.com,60,Basic,4/28/2025,South,Bengaluru,Furniture,2482.92,4965.84,Returned,S106,4/28/2025 22:20
1466,user1466,user1466@example.com,35,Premium,3/10/2025,South,Bengaluru,Groceries,5096.99,5096.99,Pending,S107,3/10/2025 22:29
1467,user1467,user1467@example.com,22,Basic,5/15/2025,South,Bengaluru,Groceries,3488.41,20930.46,Delivered,S110,5/15/2025 22:21
1468,user1468,user1468@example.com,29,Basic,3/20/2025,South,Bengaluru,Clothing,3024.27,9072.81,Cancelled,S110,3/20/2025 5:20
1469,user1469,user1469@example.com,42,Premium,1/27/2025,South,Bengaluru,Office Supplies,1900.36,7601.44,Delivered,S104,1/27/2025 11:16
1470,user1470,user1470@example.com,46,Basic,4/15/2025,South,Bengaluru,Electronics,2391.61,4783.22,Delivered,S107,4/15/2025 17:57
1471,user1471,user1471@example.com,23,Basic,2/2/2025,South,Bengaluru,Office Supplies,558.52,1117.04,Cancelled,S102,2/2/2025 7:21
1472,user1472,user1472@example.com,25,Premium,6/13/2025,South,Bengaluru,Electronics,5440.83,21763.32,Returned,S110,6/13/2025 5:10
1473,user1473,user1473@example.com,53,Premium,5/10/2025,South,Bengaluru,Electronics,1913.17,1913.17,Delivered,S104,5/10/2025 21:38
1474,user1474,user1474@example.com,51,Basic,6/28/2025,South,Bengaluru,Furniture,,0,Returned,S102,6/28/2025 8:10
1475,user1475,user1475@example.com,57,Premium,4/23/2025,South,Bengaluru,Office Supplies,5182.03,31092.18,Returned,S103,4/23/2025 3:27
1476,user1476,user1476@example.com,41,Premium,5/19/2025,South,Bengaluru,Groceries,1075.33,4301.32,Delivered,S110,5/19/2025 10:36
1477,user1477,user1477@example.com,50,Premium,3/16/2025,South,Bengaluru,Groceries,489.8,1469.4,Returned,S110,3/16/2025 9:27
1478,user1478,user1478@example.com,27,Premium,4/11/2025,South,Bengaluru,Clothing,3314.88,13259.52,Delivered,S105,4/11/2025 3:28
1479,user1479,user1479@example.com,56,Basic,2/5/2025,South,Bengaluru,Clothing,3309.81,13239.24,Returned,S107,2/5/2025 11:07
1480,user1480,user1480@example.com,32,Premium,5/2/2025,South,Bengaluru,Electronics,3259.19,9777.57,Cancelled,S105,5/2/2025 8:45
1481,user1481,user1481@example.com,40,Basic,4/17/2025,South,Bengaluru,Groceries,2148.5,2148.5,,S109,4/17/2025 13:54
1482,user1482,user1482@example.com,38,Premium,5/27/2025,South,Bengaluru,Office Supplies,1270.67,2541.34,Pending,S106,5/27/2025 15:35
1483,user1483,user1483@example.com,42,Basic,1/18/2025,South,Bengaluru,Groceries,2415.05,2415.05,Delivered,S107,1/18/2025 0:13
1484,user1484,user1484@example.com,37,Basic,6/7/2025,South,Bengaluru,Electronics,5404.33,21617.32,Pending,S103,6/7/2025 20:54
1485,user1485,user1485@example.com,51,Premium,2/20/2025,South,Bengaluru,Furniture,1829.82,9149.1,Delivered,S108,2/20/2025 19:48
1486,user1486,user1486@example.com,27,Basic,5/28/2025,South,Bengaluru,Furniture,3488.79,17443.95,Cancelled,S108,5/28/2025 4:30
1487,user1487,user1487@example.com,33,Basic,2/8/2025,South,Bengaluru,Furniture,5916.64,17749.92,Returned,S103,2/8/2025 7:45
1488,user1488,user1488@example.com,49,Premium,6/29/2025,South,Bengaluru,Office Supplies,5851.02,11702.04,Delivered,S107,6/29/2025 21:28
1489,user1489,user1489@example.com,22,Premium,2/24/2025,South,Bengaluru,Furniture,3888.96,19444.8,Delivered,S101,2/24/2025 18:33
1490,user1490,user1490@example.com,27,Basic,2/27/2025,South,Bengaluru,Electronics,470.6,470.6,Pending,S106,2/27/2025 11:19
1491,user1491,user1491@example.com,39,Premium,5/17/2025,South,Bengaluru,Office Supplies,3947.43,19737.15,Returned,S101,5/17/2025 23:29
1492,user1492,user1492@example.com,28,Premium,2/28/2025,South,Bengaluru,Electronics,1840.29,7361.16,Returned,S106,2/28/2025 2:30
1493,user1493,user1493@example.com,47,Premium,3/27/2025,South,Bengaluru,Office Supplies,801.86,801.86,Delivered,S110,3/27/2025 23:25
1494,user1494,user1494@example.com,26,Premium,6/23/2025,South,Bengaluru,Office Supplies,3986.24,19931.2,Cancelled,S102,6/23/2025 16:06
1495,user1495,user1495@example.com,30,Basic,3/14/2025,South,Bengaluru,Electronics,4863.21,24316.05,Delivered,S103,3/14/2025 18:25
1496,user1496,user1496@example.com,40,Premium,1/15/2025,South,Bengaluru,Office Supplies,3570.45,21422.7,Pending,S109,1/15/2025 17:42
1497,user1497,user1497@example.com,40,Basic,1/19/2025,South,Bengaluru,Office Supplies,515.04,3090.24,Returned,S107,1/19/2025 11:42
1498,user1498,user1498@example.com,54,Premium,3/26/2025,South,Bengaluru,Electronics,498.68,1994.72,Pending,S109,3/26/2025 1:48
1499,user1499,user1499@example.com,32,Basic,1/2/2025,South,Bengaluru,Electronics,691.76,691.76,Pending,S106,1/2/2025 9:28
1500,user1500,user1500@example.com,36,Premium,6/1/2025,South,Bengaluru,Groceries,3635.84,10907.52,,S110,6/1/2025 16:45
1501,user1501,user1501@example.com,30,Premium,5/19/2025,South,Bengaluru,Office Supplies,5602.14,11204.28,Delivered,S101,5/19/2025 1:45
1502,user1502,user1502@example.com,32,Basic,5/13/2025,South,Bengaluru,Furniture,2833.11,5666.22,Delivered,S104,5/13/2025 9:55
1503,user1503,user1503@example.com,56,Basic,2/17/2025,South,Bengaluru,Furniture,3591.17,21547.02,Returned,S105,2/17/2025 17:04
1504,user1504,user1504@example.com,37,Premium,1/16/2025,South,Bengaluru,Furniture,945.93,2837.79,Cancelled,S102,1/16/2025 15:45
1505,user1505,user1505@example.com,26,Premium,3/30/2025,South,Bengaluru,Clothing,4536.11,22680.55,Returned,S102,3/30/2025 12:05
1506,user1506,user1506@example.com,40,Basic,3/27/2025,South,Bengaluru,Furniture,1473.77,2947.54,Returned,S103,3/27/2025 20:52
1507,user1507,user1507@example.com,33,Premium,1/11/2025,South,Bengaluru,Groceries,583.02,1749.06,Pending,S101,1/11/2025 2:53
1508,user1508,user1508@example.com,57,Basic,4/28/2025,South,Bengaluru,Clothing,870.24,870.24,Pending,S107,4/28/2025 15:19
1509,user1509,user1509@example.com,56,Basic,3/7/2025,South,Bengaluru,Groceries,4907.68,29446.08,Delivered,S106,3/7/2025 17:18
1510,user1510,user1510@example.com,54,Premium,4/27/2025,South,Bengaluru,Office Supplies,1405.95,7029.75,Cancelled,S104,4/27/2025 23:56
1511,user1511,user1511@example.com,25,Basic,4/16/2025,West,Pune,Clothing,2574.48,2574.48,Delivered,S104,4/16/2025 9:29
1512,user1512,user1512@example.com,29,Basic,4/25/2025,West,Pune,Office Supplies,1358.86,6794.3,Returned,S102,4/25/2025 5:01
1513,user1513,user1513@example.com,45,Basic,1/20/2025,West,Pune,Groceries,4480.8,13442.4,Pending,S103,1/20/2025 5:28
1514,user1514,user1514@example.com,28,Premium,5/12/2025,West,Pune,Office Supplies,4008.64,4008.64,Pending,S109,5/12/2025 12:38
1515,user1515,,29,Premium,4/23/2025,West,Pune,Electronics,1138.52,5692.6,Returned,S104,4/23/2025 19:02
1516,user1516,user1516@example.com,48,Premium,1/1/2025,West,Pune,Office Supplies,5165.38,5165.38,Delivered,S101,1/1/2025 10:42
1517,user1517,user1517@example.com,18,Premium,6/27/2025,West,Pune,Furniture,4819.98,4819.98,Delivered,S110,6/27/2025 18:36
1518,user1518,user1518@example.com,56,Premium,1/5/2025,West,Pune,Clothing,2886.63,14433.15,Delivered,S109,1/5/2025 15:19
1519,user1519,user1519@example.com,48,Premium,3/15/2025,West,Pune,Office Supplies,3049.41,18296.46,Pending,S102,3/15/2025 10:22
1520,user1520,user1520@example.com,38,Basic,6/12/2025,West,Pune,Groceries,635.7,2542.8,Returned,S105,6/12/2025 0:17
1521,user1521,user1521@example.com,35,Premium,2/17/2025,West,Pune,Furniture,1302.82,3908.46,Cancelled,S106,2/17/2025 22:24
1522,user1522,user1522@example.com,56,Basic,3/17/2025,West,Pune,Office Supplies,1494.43,4483.29,Delivered,S109,3/17/2025 15:37
1523,user1523,user1523@example.com,60,Basic,6/2/2025,West,Pune,Furniture,4804.94,19219.76,Returned,S108,6/2/2025 6:56
1524,user1524,user1524@example.com,22,Basic,1/1/2025,West,Pune,Clothing,5960.65,29803.25,,S110,1/1/2025 5:12
1525,user1525,user1525@example.com,58,Premium,3/23/2025,West,Pune,Groceries,5946.63,29733.15,Cancelled,S102,3/23/2025 12:58
1526,user1526,user1526@example.com,24,Basic,5/29/2025,West,Pune,Electronics,4065.53,16262.12,Returned,S105,5/29/2025 5:37
1527,user1527,user1527@example.com,22,Premium,3/18/2025,West,Pune,Furniture,4773.86,19095.44,Cancelled,S101,3/18/2025 6:55
1528,user1528,user1528@example.com,25,Premium,5/23/2025,West,Pune,Electronics,4233.13,16932.52,,S109,5/23/2025 23:43
1529,user1529,user1529@example.com,44,Premium,6/13/2025,West,Pune,Groceries,3160.38,3160.38,Delivered,S103,6/13/2025 21:32
1530,user1530,user1530@example.com,49,Premium,3/12/2025,West,Pune,Office Supplies,936.62,3746.48,Returned,S103,3/12/2025 12:04
1531,user1531,user1531@example.com,22,Premium,3/3/2025,West,Pune,Office Supplies,,0,Pending,S103,3/3/2025 2:26
1532,user1532,user1532@example.com,21,Premium,4/11/2025,West,Pune,Clothing,2838.08,5676.16,Cancelled,S106,4/11/2025 4:04
1533,user1533,user1533@example.com,56,Basic,1/19/2025,West,Pune,Furniture,4863.49,9726.98,Cancelled,S109,1/19/2025 13:07
1534,user1534,user1534@example.com,37,Premium,3/4/2025,West,Pune,Clothing,3462.78,17313.9,Pending,S102,3/4/2025 20:16
1535,user1535,user1535@example.com,43,Basic,6/29/2025,West,Pune,Office Supplies,3485.07,10455.21,Pending,S109,6/29/2025 20:23
1536,user1536,user1536@example.com,40,Premium,5/21/2025,West,Pune,Clothing,2056.85,10284.25,Pending,S104,5/21/2025 3:18
1537,user1537,user1537@example.com,38,Basic,5/14/2025,West,Pune,Furniture,511.16,1022.32,Cancelled,S103,5/14/2025 6:46
1538,user1538,user1538@example.com,47,Premium,5/25/2025,West,Pune,Office Supplies,3093.21,18559.26,Cancelled,S105,5/25/2025 22:04
1539,user1539,user1539@example.com,59,Basic,2/28/2025,West,Pune,Groceries,660.28,660.28,,S105,2/28/2025 22:32
1540,user1540,user1540@example.com,47,Premium,1/19/2025,West,Pune,Electronics,2980.12,5960.24,,S109,1/19/2025 23:01
1541,user1541,user1541@example.com,21,Premium,1/1/2025,West,Pune,Electronics,1149.15,2298.3,Delivered,S102,1/1/2025 6:55
1542,user1542,user1542@example.com,41,Basic,3/28/2025,West,Pune,Furniture,,0,Delivered,S104,3/28/2025 11:31
1543,user1543,user1543@example.com,58,Premium,3/21/2025,West,Pune,Office Supplies,4333.87,21669.35,Pending,S102,3/21/2025 13:36
1544,user1544,user1544@example.com,24,Basic,6/2/2025,West,Pune,Office Supplies,1798.72,10792.32,Returned,S101,6/2/2025 11:20
1545,user1545,user1545@example.com,24,Premium,3/13/2025,West,Pune,Clothing,,0,Returned,S102,3/13/2025 12:09
1546,user1546,user1546@example.com,45,Basic,3/29/2025,West,Pune,Groceries,1737.4,3474.8,Delivered,S109,3/29/2025 5:31
1547,user1547,user1547@example.com,59,Premium,2/27/2025,West,Pune,Office Supplies,4470.19,26821.14,Pending,S106,2/27/2025 5:51
1548,user1548,user1548@example.com,45,Basic,6/6/2025,West,Pune,Clothing,974.01,5844.06,Cancelled,S105,6/6/2025 15:14
1549,user1549,user1549@example.com,30,Premium,2/12/2025,West,Pune,Clothing,4604.96,9209.92,Pending,S103,2/12/2025 9:53
1550,user1550,user1550@example.com,37,Premium,4/2/2025,West,Pune,Groceries,269.1,1614.6,Cancelled,S110,4/2/2025 14:11
1551,user1551,user1551@example.com,22,Premium,6/21/2025,West,Pune,Office Supplies,4083.91,16335.64,Delivered,S103,6/21/2025 19:02
1552,user1552,user1552@example.com,53,Premium,2/5/2025,West,Pune,Electronics,5672.12,11344.24,Cancelled,S108,2/5/2025 15:03
1553,user1553,user1553@example.com,43,Premium,3/7/2025,West,Pune,Clothing,928.15,1856.3,Pending,S106,3/7/2025 4:17
1554,user1554,user1554@example.com,20,Premium,2/2/2025,West,Pune,Furniture,4412.57,4412.57,Pending,S103,2/2/2025 22:35
1555,user1555,user1555@example.com,41,Basic,5/18/2025,West,Pune,Electronics,269.8,269.8,Pending,S108,5/18/2025 5:54
1556,user1556,user1556@example.com,38,Basic,3/7/2025,West,Pune,Furniture,5814.47,23257.88,Delivered,S108,3/7/2025 13:10
1557,user1557,user1557@example.com,58,Basic,6/24/2025,West,Pune,Furniture,498.3,1494.9,Pending,S103,6/24/2025 7:47
1558,user1558,user1558@example.com,39,Basic,1/13/2025,West,Pune,Clothing,4686.99,18747.96,Delivered,S105,1/13/2025 13:52
1559,user1559,user1559@example.com,48,Basic,1/22/2025,West,Pune,Electronics,2662.94,7988.82,Returned,S103,1/22/2025 5:39
1560,user1560,user1560@example.com,46,Basic,2/1/2025,West,Pune,Groceries,2578.65,12893.25,Cancelled,S105,2/1/2025 11:13
1561,user1561,user1561@example.com,42,Basic,2/9/2025,West,Pune,Groceries,5874.46,5874.46,Cancelled,S106,2/9/2025 2:15
1562,user1562,user1562@example.com,43,Premium,4/19/2025,West,Pune,Groceries,5923.98,11847.96,Pending,S104,4/19/2025 18:20
1563,user1563,user1563@example.com,33,Premium,2/18/2025,West,Pune,Office Supplies,129.54,647.7,Delivered,S106,2/18/2025 4:50
1564,user1564,user1564@example.com,48,Premium,2/17/2025,West,Pune,Furniture,4545.12,4545.12,Returned,S109,2/17/2025 18:47
1565,user1565,user1565@example.com,51,Premium,3/3/2025,West,Pune,Office Supplies,4715.8,23579,Pending,S106,3/3/2025 8:40
1566,user1566,user1566@example.com,21,Premium,6/1/2025,West,Pune,Groceries,1526.07,4578.21,Returned,S101,6/1/2025 1:06
1567,user1567,user1567@example.com,59,Basic,3/8/2025,West,Pune,Furniture,2513.96,2513.96,Pending,S103,3/8/2025 9:20
1568,user1568,user1568@example.com,51,Basic,2/8/2025,West,Pune,Furniture,2846.56,2846.56,Pending,S104,2/8/2025 10:06
1569,user1569,user1569@example.com,20,Premium,6/11/2025,West,Pune,Furniture,3142.72,12570.88,Pending,S103,6/11/2025 9:42
1570,user1570,user1570@example.com,30,Premium,6/25/2025,West,Pune,Electronics,3417.01,17085.05,Returned,S101,6/25/2025 23:11
1571,user1571,user1571@example.com,23,Premium,6/20/2025,West,Pune,Clothing,2622.2,10488.8,Delivered,S110,6/20/2025 17:47
1572,user1572,user1572@example.com,19,Basic,4/4/2025,West,Pune,Electronics,4917.34,9834.68,Pending,S107,4/4/2025 15:54
1573,user1573,user1573@example.com,50,Premium,3/18/2025,West,Pune,Office Supplies,2066.02,8264.08,Delivered,S105,3/18/2025 3:01
1574,user1574,user1574@example.com,60,Premium,1/30/2025,West,Pune,Furniture,199.55,997.75,Delivered,S102,1/30/2025 10:02
1575,user1575,user1575@example.com,59,Basic,5/11/2025,West,Pune,Furniture,5546.34,22185.36,Returned,S107,5/11/2025 0:56
1576,user1576,user1576@example.com,20,Premium,4/12/2025,West,Pune,Office Supplies,1395.76,1395.76,Pending,S107,4/12/2025 12:52
1577,user1577,user1577@example.com,46,Basic,6/3/2025,West,Pune,Furniture,2964.54,5929.08,Pending,S108,6/3/2025 15:17
1578,user1578,,59,Basic,3/3/2025,West,Pune,Electronics,1286.18,6430.9,Pending,S107,3/3/2025 22:16
1579,user1579,user1579@example.com,59,Premium,3/16/2025,West,Pune,Electronics,922.01,5532.06,Pending,S104,3/16/2025 11:24
1580,user1580,user1580@example.com,41,Premium,3/2/2025,West,Pune,Clothing,2863.72,8591.16,,S103,3/2/2025 11:51
1581,,user1581@example.com,47,Premium,3/7/2025,West,Pune,Clothing,2257.88,13547.28,Pending,S109,3/7/2025 8:17
1582,user1582,user1582@example.com,29,Premium,6/11/2025,West,Pune,Office Supplies,5676.85,28384.25,Pending,S104,6/11/2025 11:50
1583,user1583,user1583@example.com,20,Basic,4/15/2025,West,Pune,Furniture,1443.35,4330.05,Pending,S110,4/15/2025 23:08
1584,user1584,user1584@example.com,36,Basic,1/14/2025,West,Pune,Groceries,4027.29,4027.29,Returned,S105,1/14/2025 11:20
1585,user1585,user1585@example.com,34,Premium,4/6/2025,West,Pune,Groceries,4347.84,21739.2,Cancelled,S105,4/6/2025 14:27
1586,user1586,user1586@example.com,37,Basic,4/5/2025,West,Pune,Furniture,4099.34,4099.34,Delivered,S109,4/5/2025 2:57
1587,user1587,user1587@example.com,57,Premium,5/6/2025,West,Pune,Furniture,5029.22,25146.1,Cancelled,S107,5/6/2025 21:10
1588,user1588,user1588@example.com,26,Premium,1/20/2025,West,Pune,Office Supplies,3044.86,9134.58,Cancelled,S101,1/20/2025 4:29
1589,user1589,user1589@example.com,56,Premium,5/10/2025,West,Pune,Clothing,4335.41,26012.46,Delivered,S104,5/10/2025 15:00
1590,user1590,user1590@example.com,57,Basic,2/15/2025,West,Pune,Furniture,5218.31,20873.24,Cancelled,S106,2/15/2025 12:58
1591,user1591,user1591@example.com,19,Premium,5/7/2025,West,Pune,Furniture,5156.52,30939.12,Delivered,S104,5/7/2025 3:57
1592,user1592,user1592@example.com,45,Basic,3/8/2025,West,Pune,Furniture,268,268,Pending,S107,3/8/2025 22:42
1593,user1593,user1593@example.com,36,Premium,1/25/2025,West,Pune,Clothing,2235.67,13414.02,Pending,S110,1/25/2025 3:16
1594,user1594,user1594@example.com,48,Basic,2/10/2025,West,Pune,Groceries,4233.04,8466.08,Returned,S109,2/10/2025 23:24
1595,user1595,user1595@example.com,22,Premium,1/28/2025,West,Pune,Furniture,1167.86,3503.58,Pending,S101,1/28/2025 16:24
1596,user1596,user1596@example.com,56,Basic,6/2/2025,West,Pune,Electronics,4047.34,12142.02,Delivered,S107,6/2/2025 22:54
1597,user1597,user1597@example.com,29,Premium,6/18/2025,West,Pune,Groceries,324.04,324.04,Pending,S110,6/18/2025 13:18
1598,user1598,user1598@example.com,47,Basic,5/8/2025,West,Pune,Groceries,4960.77,4960.77,Delivered,S109,5/8/2025 15:18
1599,user1599,user1599@example.com,56,Premium,6/10/2025,West,Pune,Electronics,5504.77,27523.85,Delivered,S101,6/10/2025 4:09
1600,user1600,user1600@example.com,50,Premium,6/25/2025,West,Pune,Furniture,5126.41,5126.41,Returned,S101,6/25/2025 7:13
1601,user1601,user1601@example.com,26,Basic,2/7/2025,West,Pune,Electronics,4573.87,27443.22,Cancelled,S106,2/7/2025 4:49
1602,user1602,user1602@example.com,26,Basic,1/25/2025,West,Pune,Groceries,5503.64,11007.28,Returned,S110,1/25/2025 7:00
1603,user1603,user1603@example.com,46,Basic,6/28/2025,West,Pune,Furniture,3007.48,12029.92,Delivered,S105,6/28/2025 10:52
1604,user1604,user1604@example.com,52,Basic,6/13/2025,West,Pune,Office Supplies,3421.32,20527.92,Cancelled,S108,6/13/2025 10:50
1605,user1605,user1605@example.com,24,Basic,3/8/2025,West,Pune,Clothing,2689.51,13447.55,Pending,S110,3/8/2025 14:32
1606,user1606,user1606@example.com,36,Premium,1/7/2025,West,Pune,Groceries,,0,Pending,S108,1/7/2025 9:19
1607,user1607,user1607@example.com,48,Premium,5/21/2025,West,Pune,Electronics,1582.88,4748.64,Pending,S108,5/21/2025 18:50
1608,user1608,user1608@example.com,57,Premium,4/7/2025,West,Pune,Groceries,2008.16,4016.32,Pending,S104,4/7/2025 14:45
1609,user1609,user1609@example.com,23,Basic,1/18/2025,West,Pune,Groceries,2803.3,2803.3,Returned,S101,1/18/2025 15:35
1610,user1610,user1610@example.com,31,Basic,2/3/2025,West,Pune,Office Supplies,3953.89,23723.34,Returned,S108,2/3/2025 19:04
1611,user1611,,60,Premium,6/9/2025,West,Pune,Clothing,2841.95,14209.75,Pending,S109,6/9/2025 13:15
1612,user1612,user1612@example.com,38,Premium,3/17/2025,West,Pune,Groceries,1677.73,8388.65,Returned,S105,3/17/2025 6:41
1613,user1613,user1613@example.com,48,Premium,4/1/2025,West,Pune,Groceries,1823.98,1823.98,Cancelled,S107,4/1/2025 1:28
1614,user1614,user1614@example.com,19,Premium,5/1/2025,West,Pune,Furniture,1695.27,1695.27,Cancelled,S102,5/1/2025 7:24
1615,user1615,user1615@example.com,31,Basic,4/5/2025,West,Pune,Clothing,5323.02,21292.08,Pending,S103,4/5/2025 14:18
1616,user1616,user1616@example.com,24,Basic,1/12/2025,West,Pune,Office Supplies,4082.18,16328.72,Returned,S102,1/12/2025 12:12
1617,user1617,user1617@example.com,48,Basic,2/27/2025,West,Pune,Clothing,4961.44,14884.32,Cancelled,S108,2/27/2025 11:39
1618,user1618,user1618@example.com,50,Premium,1/25/2025,West,Pune,Groceries,5803.35,11606.7,Pending,S105,1/25/2025 5:08
1619,user1619,user1619@example.com,46,Premium,6/21/2025,West,Pune,Clothing,584.65,2338.6,Delivered,S107,6/21/2025 23:08
1620,user1620,user1620@example.com,38,Premium,4/10/2025,West,Pune,Clothing,2657.13,13285.65,Pending,S103,4/10/2025 15:04
1621,user1621,user1621@example.com,49,Premium,6/27/2025,West,Pune,Office Supplies,2260.41,9041.64,Delivered,S101,6/27/2025 11:27
1622,user1622,user1622@example.com,54,Premium,6/10/2025,West,Pune,Office Supplies,499.35,2496.75,Cancelled,S106,6/10/2025 7:49
1623,user1623,user1623@example.com,55,Premium,5/27/2025,West,Pune,Electronics,1345.82,5383.28,Cancelled,S107,5/27/2025 5:36
1624,user1624,user1624@example.com,30,Premium,1/18/2025,West,Pune,Furniture,5622.66,28113.3,Pending,S101,1/18/2025 22:09
1625,user1625,user1625@example.com,20,Basic,1/15/2025,West,Pune,Groceries,1706.42,10238.52,Cancelled,S101,1/15/2025 23:52
1626,user1626,user1626@example.com,20,Basic,5/21/2025,West,Pune,Furniture,3326.45,19958.7,Cancelled,S105,5/21/2025 14:01
1627,user1627,user1627@example.com,56,Premium,2/18/2025,West,Pune,Clothing,375.59,1126.77,Pending,S104,2/18/2025 4:09
1628,user1628,user1628@example.com,22,Basic,1/1/2025,West,Pune,Groceries,275.8,275.8,Delivered,S105,1/1/2025 6:35
1629,user1629,user1629@example.com,47,Premium,4/2/2025,West,Pune,Groceries,1901.21,7604.84,Cancelled,S105,4/2/2025 20:00
1630,user1630,user1630@example.com,35,Basic,2/24/2025,West,Pune,Clothing,4382.99,21914.95,Cancelled,S105,2/24/2025 4:50
1631,user1631,user1631@example.com,45,Premium,2/4/2025,West,Pune,Electronics,1494.69,5978.76,Cancelled,S102,2/4/2025 17:21
1632,user1632,user1632@example.com,52,Premium,1/20/2025,West,Pune,Furniture,5268.45,31610.7,Delivered,S104,1/20/2025 12:09
1633,user1633,user1633@example.com,56,Basic,4/3/2025,West,Pune,Office Supplies,2872.68,17236.08,Delivered,S101,4/3/2025 10:40
1634,user1634,user1634@example.com,25,Basic,4/5/2025,West,Pune,Office Supplies,1260.2,3780.6,Cancelled,S110,4/5/2025 18:59
1635,user1635,user1635@example.com,41,Basic,6/30/2025,West,Pune,Groceries,1872.26,7489.04,Cancelled,S101,6/30/2025 18:24
1636,user1636,user1636@example.com,40,Basic,4/29/2025,West,Pune,Office Supplies,4854.63,29127.78,Returned,S109,4/29/2025 14:56
1637,user1637,user1637@example.com,23,Basic,3/4/2025,West,Pune,Office Supplies,4965.63,24828.15,Delivered,S106,3/4/2025 22:07
1638,user1638,user1638@example.com,42,Premium,5/12/2025,West,Pune,Clothing,5927.25,35563.5,Pending,S107,5/12/2025 1:47
1639,user1639,user1639@example.com,53,Premium,6/2/2025,West,Pune,Groceries,4678.36,4678.36,Cancelled,S109,6/2/2025 9:46
1640,user1640,user1640@example.com,30,Basic,3/5/2025,West,Pune,Clothing,1831.35,10988.1,Returned,S102,3/5/2025 15:01
1641,user1641,user1641@example.com,39,Basic,2/10/2025,West,Pune,Groceries,5353.95,26769.75,Pending,S101,2/10/2025 1:17
1642,user1642,user1642@example.com,24,Premium,5/18/2025,West,Pune,Furniture,1051.11,3153.33,Pending,S109,5/18/2025 2:34
1643,user1643,user1643@example.com,39,Premium,1/17/2025,West,Pune,Office Supplies,3417.17,10251.51,Cancelled,S101,1/17/2025 14:21
1644,user1644,user1644@example.com,31,Basic,1/1/2025,West,Pune,Office Supplies,2001.33,12007.98,Pending,S105,1/1/2025 16:04
1645,user1645,user1645@example.com,53,Premium,5/18/2025,West,Pune,Electronics,903.61,5421.66,Delivered,S109,5/18/2025 21:08
1646,user1646,user1646@example.com,45,Premium,2/24/2025,West,Pune,Electronics,5905.5,11811,,S102,2/24/2025 5:59
1647,user1647,user1647@example.com,18,Premium,5/16/2025,West,Pune,Electronics,3150.8,3150.8,Pending,S110,5/16/2025 3:22
1648,user1648,user1648@example.com,33,Basic,3/6/2025,West,Pune,Electronics,2840.71,2840.71,Returned,S106,3/6/2025 17:00
1649,user1649,user1649@example.com,45,Premium,2/12/2025,West,Pune,Furniture,3773.79,15095.16,Pending,S105,2/12/2025 6:22
1650,user1650,user1650@example.com,34,Premium,4/5/2025,West,Pune,Clothing,2217.45,4434.9,Pending,S108,4/5/2025 15:41
1651,user1651,user1651@example.com,38,Basic,1/21/2025,West,Pune,Furniture,5902.82,35416.92,Returned,S101,1/21/2025 4:54
1652,user1652,user1652@example.com,33,Premium,1/7/2025,West,Pune,Clothing,2803.23,11212.92,Returned,S107,1/7/2025 19:43
1653,user1653,user1653@example.com,35,Basic,2/2/2025,West,Pune,Clothing,,0,Delivered,S108,2/2/2025 9:19
1654,user1654,user1654@example.com,55,Basic,4/4/2025,West,Pune,Furniture,1993.4,5980.2,Pending,S105,4/4/2025 6:59
1655,user1655,user1655@example.com,53,Premium,5/5/2025,West,Pune,Electronics,904.45,1808.9,Returned,S104,5/5/2025 20:03
1656,user1656,user1656@example.com,60,Basic,1/1/2025,West,Pune,Furniture,1996.88,5990.64,Cancelled,S109,1/1/2025 9:30
1657,user1657,user1657@example.com,49,Basic,6/23/2025,West,Pune,Electronics,5372.27,21489.08,Pending,S110,6/23/2025 18:55
1658,user1658,user1658@example.com,44,Basic,3/19/2025,West,Pune,Clothing,,0,Pending,S105,3/19/2025 12:38
1659,user1659,user1659@example.com,21,Premium,5/25/2025,West,Pune,Clothing,2529.97,15179.82,Pending,S103,5/25/2025 10:53
1660,user1660,user1660@example.com,35,Basic,2/16/2025,West,Pune,Electronics,,0,Pending,S103,2/16/2025 20:27
1661,user1661,user1661@example.com,37,Basic,5/4/2025,West,Ahmedabad,Office Supplies,4883.33,19533.32,Returned,S102,5/4/2025 9:55
1662,user1662,user1662@example.com,42,Premium,2/15/2025,West,Ahmedabad,Groceries,3490.59,10471.77,Pending,S104,2/15/2025 6:15
1663,user1663,user1663@example.com,59,Basic,5/4/2025,West,Ahmedabad,Clothing,1293.49,5173.96,Cancelled,S108,5/4/2025 1:52
1664,user1664,user1664@example.com,25,Basic,5/14/2025,West,Ahmedabad,Furniture,1936.69,3873.38,Cancelled,S102,5/14/2025 23:32
1665,user1665,user1665@example.com,18,Premium,6/25/2025,West,Ahmedabad,Electronics,2552.74,5105.48,Delivered,S106,6/25/2025 14:35
1666,,user1666@example.com,36,Basic,4/8/2025,West,Ahmedabad,Groceries,2318.54,11592.7,Pending,S101,4/8/2025 6:41
1667,user1667,user1667@example.com,29,Premium,1/15/2025,West,Ahmedabad,Electronics,3842.04,23052.24,Cancelled,S101,1/15/2025 20:45
1668,user1668,user1668@example.com,45,Premium,5/11/2025,West,Ahmedabad,Clothing,611.84,1223.68,Cancelled,S102,5/11/2025 13:22
1669,user1669,user1669@example.com,51,Basic,5/2/2025,West,Ahmedabad,Electronics,4744.9,28469.4,Cancelled,S102,5/2/2025 23:32
1670,user1670,user1670@example.com,57,Premium,2/15/2025,West,Ahmedabad,Clothing,1990.25,7961,Delivered,S106,2/15/2025 3:53
1671,user1671,user1671@example.com,23,Basic,6/17/2025,West,Ahmedabad,Clothing,2281.28,11406.4,Pending,S106,6/17/2025 15:41
1672,user1672,user1672@example.com,44,Basic,6/11/2025,West,Ahmedabad,Clothing,4286.65,21433.25,Delivered,S106,6/11/2025 10:09
1673,user1673,user1673@example.com,59,Basic,4/7/2025,West,Ahmedabad,Groceries,4328.38,25970.28,Delivered,S101,4/7/2025 13:41
1674,user1674,user1674@example.com,30,Premium,6/30/2025,West,Ahmedabad,Furniture,3232.22,6464.44,Cancelled,S106,6/30/2025 14:58
1675,user1675,user1675@example.com,48,Premium,2/12/2025,West,Ahmedabad,Furniture,5955.25,17865.75,Delivered,S108,2/12/2025 4:58
1676,user1676,user1676@example.com,30,Premium,2/25/2025,West,Ahmedabad,Clothing,513.81,1541.43,Pending,S101,2/25/2025 18:19
1677,user1677,user1677@example.com,20,Basic,6/30/2025,West,Ahmedabad,Groceries,5520.78,22083.12,,S105,6/30/2025 11:57
1678,user1678,user1678@example.com,40,Premium,5/12/2025,West,Ahmedabad,Electronics,5604.14,22416.56,Returned,S102,5/12/2025 18:26
1679,user1679,user1679@example.com,29,Basic,1/29/2025,West,Ahmedabad,Office Supplies,,0,Pending,S104,1/29/2025 9:06
1680,user1680,user1680@example.com,50,Basic,2/21/2025,West,Ahmedabad,Groceries,5696.18,11392.36,Delivered,S110,2/21/2025 14:46
1681,user1681,user1681@example.com,21,Basic,3/17/2025,West,Ahmedabad,Office Supplies,5005.7,30034.2,Delivered,S110,3/17/2025 23:46
1682,user1682,user1682@example.com,27,Premium,3/6/2025,West,Ahmedabad,Groceries,1135.1,6810.6,Pending,S103,3/6/2025 19:03
1683,user1683,user1683@example.com,56,Basic,5/21/2025,West,Ahmedabad,Office Supplies,1204.9,3614.7,Delivered,S104,5/21/2025 18:04
1684,user1684,user1684@example.com,41,Basic,5/26/2025,West,Ahmedabad,Office Supplies,4459.87,26759.22,Delivered,S107,5/26/2025 14:18
1685,user1685,user1685@example.com,27,Basic,4/25/2025,West,Ahmedabad,Furniture,176.89,707.56,Pending,S107,4/25/2025 2:44
1686,user1686,user1686@example.com,28,Premium,2/3/2025,West,Ahmedabad,Electronics,1164.34,1164.34,Pending,S110,2/3/2025 7:19
1687,user1687,user1687@example.com,45,Premium,1/4/2025,West,Ahmedabad,Groceries,2049.29,10246.45,Pending,S106,1/4/2025 9:29
1688,user1688,user1688@example.com,20,Basic,4/17/2025,West,Ahmedabad,Office Supplies,5599.14,16797.42,Delivered,S102,4/17/2025 20:05
1689,user1689,user1689@example.com,24,Basic,6/15/2025,West,Ahmedabad,Office Supplies,3913.05,19565.25,,S107,6/15/2025 5:27
1690,user1690,user1690@example.com,39,Basic,2/14/2025,West,Ahmedabad,Electronics,4973.03,29838.18,Cancelled,S103,2/14/2025 8:09
1691,user1691,,59,Premium,5/27/2025,West,Ahmedabad,Office Supplies,4946.76,19787.04,Delivered,S107,5/27/2025 3:03
1692,user1692,user1692@example.com,37,Premium,2/13/2025,West,Ahmedabad,Office Supplies,755.5,3022,Delivered,S110,2/13/2025 16:10
1693,user1693,user1693@example.com,18,Premium,4/11/2025,West,Ahmedabad,Clothing,3190.42,19142.52,Delivered,S109,4/11/2025 11:01
1694,user1694,user1694@example.com,45,Basic,3/9/2025,West,Ahmedabad,Groceries,5857.99,17573.97,Cancelled,S101,3/9/2025 22:18
1695,user1695,user1695@example.com,37,Premium,3/29/2025,West,Ahmedabad,Clothing,4314,17256,Pending,S102,3/29/2025 14:04
1696,user1696,user1696@example.com,56,Basic,3/23/2025,West,Ahmedabad,Groceries,1393.06,6965.3,Cancelled,S110,3/23/2025 22:52
1697,user1697,user1697@example.com,23,Basic,1/26/2025,West,Ahmedabad,Electronics,1524.38,9146.28,Cancelled,S105,1/26/2025 12:27
1698,user1698,user1698@example.com,42,Premium,5/28/2025,West,Ahmedabad,Electronics,,0,Returned,S108,5/28/2025 11:22
1699,user1699,user1699@example.com,58,Premium,2/19/2025,West,Ahmedabad,Electronics,5868.85,17606.55,Returned,S102,2/19/2025 15:24
1700,user1700,user1700@example.com,49,Basic,6/28/2025,West,Ahmedabad,Office Supplies,3423.63,10270.89,Returned,S108,6/28/2025 1:19
1701,user1701,user1701@example.com,48,Premium,5/17/2025,West,Ahmedabad,Groceries,2707.55,16245.3,Cancelled,S107,5/17/2025 10:55
1702,user1702,user1702@example.com,36,Premium,2/25/2025,West,Ahmedabad,Electronics,1119.13,4476.52,Delivered,S110,2/25/2025 13:51
1703,user1703,user1703@example.com,58,Basic,3/14/2025,West,Ahmedabad,Clothing,4905.88,24529.4,Pending,S109,3/14/2025 11:26
1704,user1704,user1704@example.com,45,Basic,4/11/2025,West,Ahmedabad,Furniture,993.64,993.64,Cancelled,S110,4/11/2025 22:01
1705,user1705,user1705@example.com,22,Basic,5/22/2025,West,Ahmedabad,Furniture,2591.74,15550.44,Pending,S106,5/22/2025 12:42
1706,user1706,user1706@example.com,19,Premium,6/6/2025,West,Ahmedabad,Electronics,5401.83,32410.98,Pending,S109,6/6/2025 15:34
1707,user1707,user1707@example.com,31,Premium,5/11/2025,West,Ahmedabad,Clothing,4309.07,17236.28,Delivered,S108,5/11/2025 6:27
1708,user1708,user1708@example.com,36,Premium,4/7/2025,West,Ahmedabad,Electronics,5010.37,20041.48,Cancelled,S105,4/7/2025 20:41
1709,user1709,user1709@example.com,36,Premium,3/6/2025,West,Ahmedabad,Groceries,2432.34,12161.7,Returned,S101,3/6/2025 0:32
1710,user1710,,29,Basic,2/3/2025,West,Ahmedabad,Furniture,3586.5,3586.5,,S109,2/3/2025 12:08
1711,user1711,user1711@example.com,22,Premium,5/2/2025,West,Ahmedabad,Clothing,2855.49,8566.47,Cancelled,S106,5/2/2025 0:33
1712,user1712,user1712@example.com,28,Basic,5/14/2025,West,Ahmedabad,Furniture,4237.68,25426.08,Delivered,S103,5/14/2025 0:06
1713,user1713,user1713@example.com,42,Premium,6/26/2025,West,Ahmedabad,Electronics,1262.29,1262.29,Returned,S103,6/26/2025 23:03
1714,user1714,user1714@example.com,50,Premium,5/11/2025,West,Ahmedabad,Clothing,3260.71,9782.13,Delivered,S107,5/11/2025 23:50
1715,user1715,,19,Basic,1/20/2025,West,Ahmedabad,Electronics,4246.65,16986.6,Pending,S107,1/20/2025 2:36
1716,user1716,user1716@example.com,29,Basic,4/9/2025,West,Ahmedabad,Electronics,5286.82,15860.46,Returned,S105,4/9/2025 20:49
1717,user1717,user1717@example.com,60,Basic,6/5/2025,West,Ahmedabad,Office Supplies,3698.67,22192.02,Pending,S103,6/5/2025 4:13
1718,user1718,user1718@example.com,42,Premium,1/11/2025,West,Ahmedabad,Office Supplies,3854.78,23128.68,Returned,S106,1/11/2025 23:24
1719,user1719,user1719@example.com,25,Premium,3/29/2025,West,Ahmedabad,Office Supplies,1603,9618,Pending,S104,3/29/2025 22:50
1720,,user1720@example.com,47,Premium,1/13/2025,West,Ahmedabad,Groceries,1949.96,9749.8,Pending,S107,1/13/2025 8:41
1721,user1721,user1721@example.com,24,Premium,5/17/2025,West,Ahmedabad,Furniture,5683.95,11367.9,Pending,S110,5/17/2025 20:59
1722,user1722,user1722@example.com,45,Basic,4/23/2025,West,Ahmedabad,Groceries,5122.54,20490.16,Cancelled,S110,4/23/2025 21:32
1723,user1723,user1723@example.com,22,Premium,2/2/2025,West,Ahmedabad,Electronics,1896.28,9481.4,Returned,S108,2/2/2025 4:31
1724,user1724,user1724@example.com,38,Premium,3/9/2025,West,Ahmedabad,Clothing,4025.64,8051.28,Delivered,S102,3/9/2025 17:47
1725,user1725,user1725@example.com,50,Basic,6/10/2025,West,Ahmedabad,Furniture,364.34,1821.7,Pending,S109,6/10/2025 3:26
1726,user1726,user1726@example.com,22,Premium,2/28/2025,West,Ahmedabad,Office Supplies,1576,4728,Cancelled,S109,2/28/2025 22:22
1727,user1727,user1727@example.com,42,Premium,6/23/2025,West,Ahmedabad,Clothing,5671.38,22685.52,Returned,S108,6/23/2025 0:22
1728,user1728,user1728@example.com,54,Premium,5/12/2025,West,Ahmedabad,Furniture,1387.65,8325.9,Cancelled,S104,5/12/2025 1:11
1729,,user1729@example.com,28,Premium,4/15/2025,West,Ahmedabad,Groceries,2827.64,16965.84,Pending,S105,4/15/2025 3:58
1730,user1730,,38,Premium,5/16/2025,West,Ahmedabad,Electronics,1703.39,1703.39,Cancelled,S106,5/16/2025 15:22
1731,user1731,user1731@example.com,34,Basic,3/3/2025,West,Ahmedabad,Electronics,3927.82,3927.82,Pending,S107,3/3/2025 7:19
1732,user1732,user1732@example.com,33,Premium,1/6/2025,West,Ahmedabad,Groceries,1319.15,2638.3,Pending,S109,1/6/2025 17:18
1733,user1733,user1733@example.com,53,Premium,4/17/2025,West,Ahmedabad,Office Supplies,298.9,896.7,Cancelled,S105,4/17/2025 18:10
1734,user1734,user1734@example.com,46,Premium,4/11/2025,West,Ahmedabad,Groceries,1944.49,9722.45,Cancelled,S104,4/11/2025 6:35
1735,user1735,user1735@example.com,20,Premium,1/22/2025,West,Ahmedabad,Office Supplies,1082.15,1082.15,Delivered,S101,1/22/2025 4:47
1736,user1736,user1736@example.com,45,Basic,6/28/2025,West,Ahmedabad,Office Supplies,1684.94,6739.76,Returned,S108,6/28/2025 18:17
1737,user1737,,30,Premium,3/9/2025,West,Ahmedabad,Clothing,5825.03,5825.03,Cancelled,S106,3/9/2025 10:40
1738,user1738,user1738@example.com,53,Basic,5/30/2025,West,Ahmedabad,Office Supplies,877.36,2632.08,Pending,S106,5/30/2025 14:24
1739,user1739,user1739@example.com,46,Premium,3/13/2025,West,Ahmedabad,Clothing,1609.71,4829.13,Cancelled,S101,3/13/2025 20:51
1740,user1740,user1740@example.com,24,Premium,2/6/2025,West,Ahmedabad,Electronics,3383.54,10150.62,Cancelled,S108,2/6/2025 7:03
1741,user1741,user1741@example.com,36,Premium,5/5/2025,West,Ahmedabad,Furniture,429.22,2146.1,Returned,S102,5/5/2025 1:36
1742,user1742,user1742@example.com,56,Basic,1/18/2025,West,Ahmedabad,Groceries,4298.14,12894.42,Returned,S108,1/18/2025 0:28
1743,user1743,user1743@example.com,52,Basic,6/9/2025,West,Ahmedabad,Office Supplies,5234.95,5234.95,Returned,S101,6/9/2025 21:05
1744,user1744,user1744@example.com,32,Premium,3/31/2025,West,Ahmedabad,Office Supplies,947.02,947.02,Pending,S103,3/31/2025 17:34
1745,user1745,user1745@example.com,46,Basic,4/30/2025,West,Ahmedabad,Groceries,818.03,818.03,Delivered,S103,4/30/2025 2:35
1746,user1746,user1746@example.com,59,Basic,1/2/2025,West,Ahmedabad,Office Supplies,3257.86,16289.3,Pending,S103,1/2/2025 1:56
1747,user1747,user1747@example.com,40,Premium,3/12/2025,West,Ahmedabad,Furniture,5128.35,30770.1,Delivered,S109,3/12/2025 18:37
1748,user1748,user1748@example.com,60,Premium,5/4/2025,West,Ahmedabad,Office Supplies,3227.15,3227.15,Returned,S106,5/4/2025 1:59
1749,user1749,user1749@example.com,20,Basic,2/19/2025,West,Ahmedabad,Office Supplies,2469.06,12345.3,Delivered,S108,2/19/2025 23:13
1750,user1750,user1750@example.com,30,Basic,2/10/2025,West,Ahmedabad,Clothing,,0,Delivered,S110,2/10/2025 12:09
1751,user1751,user1751@example.com,44,Premium,5/9/2025,West,Ahmedabad,Electronics,5212.74,20850.96,Returned,S101,5/9/2025 1:57
1752,user1752,user1752@example.com,27,Basic,4/25/2025,West,Ahmedabad,Office Supplies,3948.03,15792.12,Cancelled,S108,4/25/2025 18:39
1753,user1753,user1753@example.com,28,Basic,3/4/2025,West,Ahmedabad,Office Supplies,287.85,1439.25,Cancelled,S109,3/4/2025 2:26
1754,user1754,user1754@example.com,22,Basic,5/19/2025,West,Ahmedabad,Groceries,171.94,687.76,Pending,S104,5/19/2025 6:53
1755,user1755,user1755@example.com,30,Premium,2/7/2025,West,Ahmedabad,Office Supplies,3374.19,6748.38,Cancelled,S106,2/7/2025 17:33
1756,user1756,user1756@example.com,26,Premium,1/17/2025,West,Ahmedabad,Clothing,3899.62,15598.48,Cancelled,S101,1/17/2025 17:01
1757,user1757,user1757@example.com,25,Basic,2/15/2025,West,Ahmedabad,Furniture,3229.26,3229.26,Delivered,S104,2/15/2025 19:13
1758,user1758,user1758@example.com,59,Premium,3/29/2025,West,Ahmedabad,Groceries,969.26,5815.56,Pending,S106,3/29/2025 6:15
1759,user1759,user1759@example.com,18,Premium,1/2/2025,West,Ahmedabad,Clothing,2061.92,6185.76,Delivered,S108,1/2/2025 17:33
1760,user1760,user1760@example.com,57,Premium,4/2/2025,West,Ahmedabad,Electronics,255.08,1530.48,Returned,S101,4/2/2025 14:08
1761,user1761,user1761@example.com,55,Premium,6/23/2025,West,Ahmedabad,Furniture,871.5,1743,Returned,S105,6/23/2025 10:14
1762,user1762,user1762@example.com,32,Premium,5/28/2025,West,Ahmedabad,Groceries,3867.91,23207.46,Returned,S101,5/28/2025 10:52
1763,user1763,user1763@example.com,20,Premium,1/31/2025,West,Ahmedabad,Electronics,3134.68,6269.36,Returned,S108,1/31/2025 1:33
1764,user1764,user1764@example.com,55,Basic,3/23/2025,West,Ahmedabad,Groceries,1079.34,1079.34,Returned,S104,3/23/2025 11:12
1765,user1765,user1765@example.com,34,Premium,2/28/2025,West,Ahmedabad,Furniture,4772.03,4772.03,Cancelled,S105,2/28/2025 18:09
1766,user1766,user1766@example.com,33,Premium,3/2/2025,West,Ahmedabad,Electronics,2291.29,2291.29,,S102,3/2/2025 1:32
1767,user1767,user1767@example.com,29,Premium,3/24/2025,West,Ahmedabad,Office Supplies,3119.15,6238.3,Cancelled,S107,3/24/2025 8:18
1768,user1768,user1768@example.com,35,Premium,6/4/2025,West,Ahmedabad,Electronics,3286.43,13145.72,Cancelled,S108,6/4/2025 23:29
1769,,user1769@example.com,53,Premium,4/9/2025,West,Ahmedabad,Groceries,3033.51,6067.02,Delivered,S109,4/9/2025 8:05
1770,user1770,user1770@example.com,32,Premium,4/12/2025,West,Ahmedabad,Furniture,,0,Pending,S110,4/12/2025 0:08
1771,user1771,user1771@example.com,49,Premium,6/14/2025,West,Ahmedabad,Furniture,634.77,634.77,Delivered,S106,6/14/2025 16:46
1772,user1772,user1772@example.com,37,Premium,3/26/2025,West,Ahmedabad,Electronics,2376.14,7128.42,Pending,S102,3/26/2025 2:40
1773,user1773,user1773@example.com,60,Basic,5/13/2025,West,Ahmedabad,Electronics,420.98,1683.92,Pending,S104,5/13/2025 9:14
1774,user1774,user1774@example.com,59,Basic,2/28/2025,West,Ahmedabad,Furniture,5056.1,5056.1,Returned,S108,2/28/2025 12:13
1775,user1775,user1775@example.com,53,Basic,3/28/2025,West,Ahmedabad,Electronics,1642.4,3284.8,Cancelled,S103,3/28/2025 22:15
1776,user1776,user1776@example.com,56,Premium,2/15/2025,West,Ahmedabad,Groceries,3471.51,17357.55,Pending,S103,2/15/2025 14:58
1777,user1777,user1777@example.com,54,Basic,4/4/2025,West,Ahmedabad,Groceries,5067.2,30403.2,Delivered,S104,4/4/2025 5:00
1778,user1778,user1778@example.com,50,Basic,1/1/2025,West,Ahmedabad,Groceries,4915.54,24577.7,Delivered,S108,1/1/2025 12:13
1779,user1779,user1779@example.com,27,Basic,3/3/2025,West,Ahmedabad,Electronics,,0,Returned,S103,3/3/2025 2:46
1780,user1780,user1780@example.com,53,Premium,1/28/2025,West,Ahmedabad,Office Supplies,4788.36,23941.8,Returned,S103,1/28/2025 22:58
1781,user1781,user1781@example.com,37,Basic,3/5/2025,West,Ahmedabad,Groceries,5262.67,21050.68,Cancelled,S110,3/5/2025 23:55
1782,user1782,user1782@example.com,32,Premium,5/6/2025,West,Ahmedabad,Office Supplies,2032.93,12197.58,Pending,S105,5/6/2025 18:50
1783,user1783,user1783@example.com,51,Premium,3/9/2025,West,Ahmedabad,Clothing,1323.76,3971.28,Pending,S101,3/9/2025 16:29
1784,user1784,user1784@example.com,37,Basic,4/27/2025,West,Ahmedabad,Clothing,5750.45,34502.7,Pending,S101,4/27/2025 2:30
1785,user1785,user1785@example.com,33,Basic,4/21/2025,West,Ahmedabad,Office Supplies,5294.4,31766.4,Pending,S107,4/21/2025 13:24
1786,user1786,user1786@example.com,25,Basic,2/25/2025,West,Ahmedabad,Office Supplies,1724.84,8624.2,Returned,S102,2/25/2025 23:21
1787,user1787,user1787@example.com,46,Premium,1/23/2025,West,Ahmedabad,Clothing,4666.56,23332.8,Cancelled,S110,1/23/2025 18:23
1788,user1788,user1788@example.com,57,Basic,3/17/2025,West,Ahmedabad,Electronics,472.47,944.94,Pending,S108,3/17/2025 9:35
1789,user1789,user1789@example.com,24,Basic,6/20/2025,West,Ahmedabad,Office Supplies,3736.34,22418.04,Delivered,S105,6/20/2025 23:53
1790,user1790,user1790@example.com,22,Basic,5/2/2025,West,Ahmedabad,Office Supplies,118.33,118.33,Cancelled,S107,5/2/2025 19:43
1791,user1791,user1791@example.com,23,Basic,5/15/2025,South,Chennai,Office Supplies,4996.2,14988.6,Pending,S106,5/15/2025 8:42
1792,user1792,user1792@example.com,53,Basic,5/15/2025,South,Chennai,Furniture,2058.28,2058.28,Returned,S106,5/15/2025 6:40
1793,user1793,user1793@example.com,50,Premium,2/8/2025,South,Chennai,Furniture,2862.09,2862.09,Pending,S106,2/8/2025 3:44
1794,user1794,user1794@example.com,27,Premium,2/15/2025,South,Chennai,Groceries,944.53,3778.12,Pending,S102,2/15/2025 1:56
1795,user1795,user1795@example.com,50,Premium,1/2/2025,South,Chennai,Furniture,5388.06,21552.24,Pending,S102,1/2/2025 13:20
1796,user1796,user1796@example.com,24,Basic,6/18/2025,South,Chennai,Office Supplies,5718.57,28592.85,Delivered,S102,6/18/2025 22:30
1797,user1797,user1797@example.com,39,Premium,3/3/2025,South,Chennai,Groceries,3155.59,18933.54,Delivered,S105,3/3/2025 13:01
1798,user1798,user1798@example.com,40,Premium,2/27/2025,South,Chennai,Office Supplies,937.9,937.9,Returned,S102,2/27/2025 6:04
1799,user1799,user1799@example.com,21,Basic,5/1/2025,South,Chennai,Groceries,4337.21,13011.63,Delivered,S110,5/1/2025 10:39
1800,user1800,user1800@example.com,26,Basic,6/11/2025,South,Chennai,Furniture,2393.55,7180.65,Pending,S104,6/11/2025 8:19
1801,user1801,user1801@example.com,30,Premium,5/11/2025,South,Chennai,Furniture,3384.2,6768.4,Returned,S102,5/11/2025 7:22
1802,user1802,user1802@example.com,24,Premium,4/2/2025,South,Chennai,Office Supplies,1999.43,5998.29,Returned,S104,4/2/2025 6:15
1803,user1803,user1803@example.com,38,Premium,3/19/2025,South,Chennai,Furniture,4213.49,12640.47,Returned,S106,3/19/2025 17:35
1804,user1804,user1804@example.com,48,Premium,3/23/2025,South,Chennai,Office Supplies,5572.24,5572.24,Pending,S104,3/23/2025 13:07
1805,user1805,user1805@example.com,30,Premium,4/6/2025,South,Chennai,Office Supplies,3705.44,22232.64,Delivered,S103,4/6/2025 16:07
1806,user1806,user1806@example.com,33,Premium,5/23/2025,South,Chennai,Furniture,5384.39,26921.95,Cancelled,S101,5/23/2025 20:07
1807,user1807,user1807@example.com,57,Premium,4/2/2025,South,Chennai,Office Supplies,346.04,1038.12,Pending,S109,4/2/2025 1:28
1808,user1808,user1808@example.com,51,Premium,1/24/2025,South,Chennai,Clothing,4986.19,29917.14,Delivered,S105,1/24/2025 0:05
1809,user1809,user1809@example.com,53,Basic,4/7/2025,South,Chennai,Office Supplies,4903.91,14711.73,Cancelled,S105,4/7/2025 13:46
1810,user1810,user1810@example.com,51,Basic,4/15/2025,South,Chennai,Clothing,1164.7,5823.5,Delivered,S104,4/15/2025 6:15
1811,user1811,user1811@example.com,58,Basic,3/1/2025,South,Chennai,Electronics,959.16,5754.96,Delivered,S109,3/1/2025 21:37
1812,user1812,user1812@example.com,53,Premium,6/3/2025,South,Chennai,Office Supplies,2213.94,11069.7,Cancelled,S110,6/3/2025 14:33
1813,,user1813@example.com,28,Premium,6/21/2025,South,Chennai,Office Supplies,5361.05,21444.2,Cancelled,S101,6/21/2025 9:22
1814,user1814,user1814@example.com,35,Premium,4/12/2025,South,Chennai,Clothing,3601.57,18007.85,Delivered,S109,4/12/2025 4:32
1815,user1815,user1815@example.com,33,Basic,2/7/2025,South,Chennai,Electronics,3796.21,11388.63,Delivered,S108,2/7/2025 18:35
1816,user1816,user1816@example.com,47,Basic,4/19/2025,South,Chennai,Electronics,3991.78,19958.9,Returned,S102,4/19/2025 3:37
1817,user1817,user1817@example.com,29,Premium,5/30/2025,South,Chennai,Clothing,372.14,744.28,Returned,S107,5/30/2025 13:49
1818,,user1818@example.com,19,Premium,2/16/2025,South,Chennai,Electronics,3667.43,22004.58,Delivered,S103,2/16/2025 8:57
1819,user1819,user1819@example.com,58,Basic,6/3/2025,South,Chennai,Office Supplies,3213.67,19282.02,Returned,S109,6/3/2025 5:49
1820,user1820,user1820@example.com,34,Basic,5/16/2025,South,Chennai,Furniture,3928.15,7856.3,Cancelled,S110,5/16/2025 11:39
1821,user1821,user1821@example.com,31,Premium,3/31/2025,South,Chennai,Clothing,3869.47,15477.88,Delivered,S102,3/31/2025 4:23
1822,user1822,user1822@example.com,55,Premium,1/19/2025,South,Chennai,Furniture,690.85,2763.4,Returned,S101,1/19/2025 7:42
1823,user1823,user1823@example.com,33,Premium,1/13/2025,South,Chennai,Groceries,3777.09,3777.09,Pending,S101,1/13/2025 1:44
1824,user1824,user1824@example.com,32,Premium,4/10/2025,South,Chennai,Office Supplies,4775.75,4775.75,Cancelled,S107,4/10/2025 9:57
1825,user1825,user1825@example.com,35,Premium,4/20/2025,South,Chennai,Groceries,4898.64,24493.2,Cancelled,S104,4/20/2025 19:59
1826,user1826,user1826@example.com,34,Premium,5/20/2025,South,Chennai,Groceries,902.14,5412.84,Delivered,S105,5/20/2025 4:03
1827,user1827,user1827@example.com,22,Basic,2/11/2025,South,Chennai,Office Supplies,3350.8,20104.8,Pending,S105,2/11/2025 8:17
1828,user1828,user1828@example.com,39,Premium,6/22/2025,South,Chennai,Office Supplies,2552.91,12764.55,Delivered,S108,6/22/2025 5:54
1829,user1829,user1829@example.com,37,Premium,5/5/2025,South,Chennai,Groceries,638.84,638.84,Delivered,S109,5/5/2025 14:50
1830,user1830,user1830@example.com,19,Basic,4/20/2025,South,Chennai,Electronics,838.3,3353.2,Pending,S107,4/20/2025 0:24
1831,user1831,user1831@example.com,25,Premium,5/2/2025,South,Chennai,Furniture,4295.19,21475.95,Cancelled,S105,5/2/2025 15:02
1832,user1832,user1832@example.com,41,Premium,6/21/2025,South,Chennai,Office Supplies,5209.2,15627.6,Cancelled,S105,6/21/2025 6:25
1833,user1833,user1833@example.com,51,Premium,1/4/2025,South,Chennai,Office Supplies,2640.11,10560.44,Cancelled,S103,1/4/2025 21:02
1834,user1834,user1834@example.com,42,Premium,6/24/2025,South,Chennai,Groceries,2098.61,12591.66,Returned,S101,6/24/2025 11:36
1835,user1835,user1835@example.com,42,Premium,4/19/2025,South,Chennai,Electronics,5663.06,11326.12,Cancelled,S104,4/19/2025 8:36
1836,user1836,user1836@example.com,21,Basic,5/9/2025,South,Chennai,Groceries,3714.64,3714.64,Cancelled,S104,5/9/2025 15:47
1837,user1837,user1837@example.com,47,Premium,5/2/2025,South,Chennai,Clothing,5420.8,10841.6,Pending,S108,5/2/2025 17:14
1838,user1838,user1838@example.com,46,Basic,5/5/2025,South,Chennai,Groceries,3819.18,19095.9,Cancelled,S104,5/5/2025 1:23
1839,user1839,user1839@example.com,47,Basic,1/2/2025,South,Chennai,Electronics,5408.99,5408.99,Pending,S102,1/2/2025 18:43
1840,user1840,user1840@example.com,51,Basic,5/16/2025,South,Chennai,Electronics,710.94,2132.82,Cancelled,S105,5/16/2025 6:47
1841,user1841,user1841@example.com,25,Basic,1/28/2025,South,Chennai,Furniture,1975.23,11851.38,Pending,S102,1/28/2025 16:17
1842,user1842,user1842@example.com,21,Premium,1/1/2025,South,Chennai,Electronics,4369.29,21846.45,Pending,S104,1/1/2025 21:34
1843,user1843,user1843@example.com,21,Premium,4/26/2025,South,Chennai,Groceries,5816.37,5816.37,Pending,S106,4/26/2025 7:53
1844,user1844,user1844@example.com,18,Basic,4/9/2025,South,Chennai,Electronics,3062.05,15310.25,,S107,4/9/2025 15:20
1845,user1845,user1845@example.com,47,Basic,4/4/2025,South,Chennai,Clothing,4032.12,20160.6,Pending,S101,4/4/2025 11:59
1846,user1846,user1846@example.com,23,Premium,3/6/2025,South,Chennai,Electronics,5118.71,25593.55,Cancelled,S102,3/6/2025 23:00
1847,user1847,user1847@example.com,30,Basic,3/27/2025,South,Chennai,Groceries,316.46,316.46,Returned,S109,3/27/2025 4:12
1848,user1848,user1848@example.com,48,Premium,1/7/2025,South,Chennai,Electronics,942.36,3769.44,Cancelled,S106,1/7/2025 9:09
1849,user1849,user1849@example.com,38,Basic,1/13/2025,South,Chennai,Electronics,1459.92,7299.6,Pending,S109,1/13/2025 1:37
1850,user1850,user1850@example.com,26,Basic,6/5/2025,South,Chennai,Furniture,1376.97,5507.88,Cancelled,S101,6/5/2025 3:13
1851,user1851,user1851@example.com,25,Premium,2/2/2025,South,Chennai,Office Supplies,5626.21,22504.84,Cancelled,S102,2/2/2025 9:15
1852,user1852,user1852@example.com,58,Premium,4/16/2025,South,Chennai,Furniture,5382.83,21531.32,Delivered,S103,4/16/2025 4:05
1853,user1853,user1853@example.com,58,Basic,1/26/2025,South,Chennai,Clothing,5683.98,22735.92,Delivered,S102,1/26/2025 20:01
1854,user1854,user1854@example.com,51,Premium,1/19/2025,South,Chennai,Furniture,791.3,4747.8,Pending,S110,1/19/2025 4:48
1855,user1855,user1855@example.com,38,Premium,6/9/2025,South,Chennai,Groceries,3926,11778,Pending,S103,6/9/2025 5:25
1856,user1856,user1856@example.com,21,Premium,3/15/2025,South,Chennai,Furniture,5696.57,28482.85,Returned,S103,3/15/2025 9:20
1857,user1857,user1857@example.com,44,Premium,4/12/2025,South,Chennai,Furniture,950.64,5703.84,Cancelled,S102,4/12/2025 8:45
1858,user1858,user1858@example.com,20,Premium,2/19/2025,South,Chennai,Groceries,3470.6,13882.4,Cancelled,S107,2/19/2025 16:46
1859,user1859,user1859@example.com,20,Basic,2/14/2025,South,Chennai,Clothing,2397.65,11988.25,Cancelled,S104,2/14/2025 15:30
1860,user1860,user1860@example.com,43,Premium,4/28/2025,South,Chennai,Electronics,783.02,3132.08,Cancelled,S109,4/28/2025 17:01
1861,user1861,user1861@example.com,47,Basic,3/7/2025,South,Chennai,Office Supplies,2609.8,15658.8,Returned,S101,3/7/2025 5:18
1862,user1862,user1862@example.com,29,Basic,6/4/2025,South,Chennai,Groceries,3024.19,12096.76,Pending,S107,6/4/2025 0:24
1863,user1863,user1863@example.com,28,Premium,6/30/2025,South,Chennai,Office Supplies,3040.61,6081.22,Pending,S105,6/30/2025 18:33
1864,user1864,user1864@example.com,46,Premium,2/24/2025,South,Chennai,Groceries,4061.29,24367.74,Pending,S107,2/24/2025 6:11
1865,user1865,user1865@example.com,38,Basic,6/1/2025,South,Chennai,Electronics,2298.22,9192.88,Pending,S103,6/1/2025 7:46
1866,user1866,user1866@example.com,22,Premium,6/24/2025,South,Chennai,Office Supplies,5648.75,5648.75,Returned,S109,6/24/2025 0:21
1867,user1867,user1867@example.com,45,Premium,5/2/2025,South,Chennai,Furniture,2143.09,4286.18,Delivered,S106,5/2/2025 8:59
1868,user1868,user1868@example.com,50,Basic,5/28/2025,South,Chennai,Electronics,1544.64,3089.28,Pending,S110,5/28/2025 6:09
1869,user1869,user1869@example.com,35,Basic,1/31/2025,South,Chennai,Office Supplies,4488.17,4488.17,Cancelled,S108,1/31/2025 16:15
1870,user1870,user1870@example.com,23,Basic,4/26/2025,South,Chennai,Clothing,5585.28,16755.84,Returned,S108,4/26/2025 13:24
1871,user1871,user1871@example.com,44,Premium,5/8/2025,South,Chennai,Electronics,382.3,764.6,Cancelled,S109,5/8/2025 7:25
1872,user1872,user1872@example.com,58,Premium,2/24/2025,South,Chennai,Groceries,5392.2,5392.2,Returned,S101,2/24/2025 22:41
1873,user1873,user1873@example.com,18,Basic,3/22/2025,South,Chennai,Groceries,5622.13,16866.39,Delivered,S110,3/22/2025 15:00
1874,,user1874@example.com,48,Premium,3/22/2025,South,Chennai,Groceries,,0,Delivered,S107,3/22/2025 18:20
1875,user1875,user1875@example.com,54,Premium,5/14/2025,South,Chennai,Office Supplies,4271.75,21358.75,Returned,S107,5/14/2025 13:16
1876,user1876,user1876@example.com,25,Basic,3/30/2025,South,Chennai,Furniture,617.53,617.53,Cancelled,S108,3/30/2025 9:58
1877,user1877,user1877@example.com,47,Premium,4/25/2025,South,Chennai,Office Supplies,3612.63,7225.26,Returned,S109,4/25/2025 15:38
1878,user1878,user1878@example.com,33,Premium,1/16/2025,South,Chennai,Office Supplies,4106.39,20531.95,Cancelled,S104,1/16/2025 0:15
1879,user1879,user1879@example.com,26,Basic,6/5/2025,South,Chennai,Electronics,811.42,1622.84,Delivered,S101,6/5/2025 7:32
1880,user1880,user1880@example.com,50,Premium,3/6/2025,South,Chennai,Electronics,5711.55,5711.55,Delivered,S110,3/6/2025 14:24
1881,user1881,user1881@example.com,24,Basic,5/17/2025,North,Jaipur,Clothing,3358.08,13432.32,Pending,S109,5/17/2025 21:47
1882,user1882,user1882@example.com,22,Basic,4/5/2025,North,Jaipur,Office Supplies,4727.91,14183.73,Pending,S105,4/5/2025 7:45
1883,user1883,user1883@example.com,47,Basic,3/6/2025,North,Jaipur,Groceries,,0,Pending,S101,3/6/2025 23:50
1884,user1884,user1884@example.com,36,Basic,4/10/2025,North,Jaipur,Groceries,5665.98,28329.9,Cancelled,S107,4/10/2025 5:53
1885,user1885,user1885@example.com,48,Basic,5/16/2025,North,Jaipur,Groceries,4638.22,4638.22,Pending,S101,5/16/2025 5:54
1886,user1886,user1886@example.com,21,Premium,4/17/2025,North,Jaipur,Groceries,3656.84,3656.84,Returned,S104,4/17/2025 10:02
1887,user1887,user1887@example.com,30,Premium,5/1/2025,North,Jaipur,Groceries,1289.76,1289.76,Pending,S105,5/1/2025 1:59
1888,user1888,user1888@example.com,51,Premium,5/8/2025,North,Jaipur,Groceries,614.9,1844.7,Pending,S103,5/8/2025 20:02
1889,user1889,user1889@example.com,28,Basic,1/11/2025,North,Jaipur,Groceries,3593.09,10779.27,Returned,S106,1/11/2025 1:43
1890,user1890,user1890@example.com,38,Basic,4/2/2025,North,Jaipur,Clothing,3318.29,9954.87,Delivered,S107,4/2/2025 12:59
1891,user1891,user1891@example.com,45,Basic,2/16/2025,North,Jaipur,Clothing,5639.78,11279.56,Cancelled,S106,2/16/2025 15:04
1892,user1892,user1892@example.com,27,Basic,5/18/2025,North,Jaipur,Clothing,1191.39,7148.34,Pending,S106,5/18/2025 15:48
1893,user1893,user1893@example.com,59,Premium,5/19/2025,North,Jaipur,Clothing,832.63,1665.26,Cancelled,S110,5/19/2025 4:26
1894,user1894,user1894@example.com,24,Basic,3/1/2025,North,Jaipur,Clothing,4384.39,13153.17,Pending,S106,3/1/2025 12:59
1895,user1895,user1895@example.com,32,Premium,3/1/2025,North,Jaipur,Groceries,2027.48,10137.4,Cancelled,S110,3/1/2025 20:54
1896,user1896,user1896@example.com,19,Basic,3/17/2025,North,Jaipur,Office Supplies,1944.49,7777.96,Pending,S107,3/17/2025 7:41
1897,user1897,user1897@example.com,29,Premium,3/18/2025,North,Jaipur,Clothing,5243.62,10487.24,Pending,S109,3/18/2025 10:17
1898,user1898,user1898@example.com,19,Basic,4/29/2025,North,Jaipur,Furniture,5173.89,5173.89,Returned,S104,4/29/2025 13:49
1899,user1899,user1899@example.com,23,Basic,2/7/2025,North,Jaipur,Office Supplies,892.98,4464.9,Pending,S110,2/7/2025 3:35
1900,user1900,user1900@example.com,45,Premium,1/6/2025,North,Jaipur,Clothing,1597.57,9585.42,Returned,S108,1/6/2025 14:15
1001,user1001,user1001@example.com,52,Basic,2/7/2025,West,Mumbai,Electronics,3506.28,10518.84,Delivered,S107,2/7/2025 8:03
1002,user1002,user1002@example.com,30,Premium,6/18/2025,West,Mumbai,Clothing,1863.99,11183.94,Returned,S104,6/18/2025 6:25
1003,user1003,user1003@example.com,18,Premium,4/29/2025,West,Mumbai,Furniture,388.16,1940.8,Delivered,S102,4/29/2025 5:12
1004,user1004,user1004@example.com,26,Basic,2/12/2025,West,Mumbai,Electronics,3907.35,11722.05,Cancelled,S102,2/12/2025 22:39
1005,user1005,user1005@example.com,48,Premium,5/10/2025,West,Mumbai,Electronics,3982.01,7964.02,Returned,S109,5/10/2025 9:41
1006,user1006,user1006@example.com,27,Basic,4/22/2025,West,Mumbai,Electronics,3545.32,14181.28,Returned,S107,4/22/2025 5:03
1007,user1007,user1007@example.com,59,Premium,3/12/2025,West,Mumbai,Groceries,122.27,244.54,Returned,S107,3/12/2025 0:44
1008,user1008,user1008@example.com,43,Basic,1/30/2025,West,Mumbai,Office Supplies,5310.6,31863.6,Delivered,S102,1/30/2025 17:02
1009,user1009,user1009@example.com,24,Basic,6/29/2025,West,Mumbai,Groceries,2687.17,2687.17,Cancelled,S101,6/29/2025 20:05
1010,user1010,user1010@example.com,47,Basic,2/1/2025,West,Mumbai,Office Supplies,830.25,2490.75,Delivered,S106,2/1/2025 8:26
1011,user1011,user1011@example.com,34,Basic,2/7/2025,West,Mumbai,Office Supplies,4089.25,24535.5,Pending,S103,2/7/2025 1:24
1012,,user1012@example.com,53,Premium,3/11/2025,West,Mumbai,Clothing,2098.78,2098.78,Returned,S110,3/11/2025 0:41
1013,user1013,user1013@example.com,38,Premium,1/21/2025,West,Mumbai,Groceries,4631.88,23159.4,Returned,S109,1/21/2025 2:01
1014,user1014,user1014@example.com,18,Premium,6/27/2025,West,Mumbai,Groceries,4596.91,22984.55,Pending,S110,6/27/2025 5:24
1015,user1015,user1015@example.com,22,Premium,4/8/2025,West,Mumbai,Electronics,3478.86,6957.72,Cancelled,S106,4/8/2025 18:54
1016,user1016,user1016@example.com,47,Premium,5/30/2025,West,Mumbai,Clothing,4784.4,19137.6,Returned,S103,5/30/2025 2:02
1017,user1017,user1017@example.com,53,Basic,4/24/2025,West,Mumbai,Office Supplies,4976.98,4976.98,Pending,S105,4/24/2025 18:09
1018,user1018,user1018@example.com,38,Basic,2/13/2025,West,Mumbai,Groceries,2364.04,11820.2,Returned,S110,2/13/2025 7:47
1019,user1019,user1019@example.com,48,Premium,3/31/2025,West,Mumbai,Electronics,5913.98,35483.88,Returned,S102,3/31/2025 6:31
1020,user1020,user1020@example.com,29,Basic,1/13/2025,West,Mumbai,Electronics,4020.73,16082.92,Cancelled,S101,1/13/2025 14:44
1021,user1021,user1021@example.com,57,Basic,1/3/2025,West,Mumbai,Office Supplies,,0,Delivered,S108,1/3/2025 5:21
1022,user1022,user1022@example.com,38,Premium,6/2/2025,West,Mumbai,Electronics,3988.43,19942.15,Delivered,S101,6/2/2025 14:59
1023,user1023,user1023@example.com,40,Basic,1/5/2025,West,Mumbai,Electronics,4194.69,16778.76,Delivered,S101,1/5/2025 1:27
1024,user1024,user1024@example.com,34,Premium,4/8/2025,West,Mumbai,Clothing,4206.39,12619.17,Delivered,S108,4/8/2025 7:54
1025,user1025,user1025@example.com,41,Basic,5/13/2025,West,Mumbai,Electronics,5052.27,20209.08,Pending,S108,5/13/2025 12:01
1026,user1026,user1026@example.com,55,Premium,4/30/2025,West,Mumbai,Groceries,2337.48,14024.88,Pending,S107,4/30/2025 23:53
1027,user1027,user1027@example.com,57,Premium,3/15/2025,West,Mumbai,Groceries,1688.17,10129.02,Cancelled,S102,3/15/2025 23:06
1028,user1028,user1028@example.com,39,Premium,5/16/2025,West,Mumbai,Electronics,3632.03,7264.06,Cancelled,S105,5/16/2025 8:30
1029,user1029,user1029@example.com,37,Basic,3/30/2025,West,Mumbai,Clothing,1968.94,1968.94,Pending,S101,3/30/2025 1:00
1030,user1030,user1030@example.com,58,Premium,3/10/2025,West,Mumbai,Office Supplies,546.01,1638.03,Returned,S106,3/10/2025 8:47
1031,user1031,user1031@example.com,49,Basic,6/10/2025,West,Mumbai,Clothing,991.44,4957.2,Pending,S105,6/10/2025 10:39
1032,user1032,user1032@example.com,33,Basic,2/9/2025,West,Mumbai,Furniture,5537.21,22148.84,Pending,S106,2/9/2025 0:18
1033,,user1033@example.com,48,Basic,4/19/2025,West,Mumbai,Office Supplies,5954.31,5954.31,Cancelled,S102,4/19/2025 12:00
1034,user1034,user1034@example.com,27,Basic,1/7/2025,West,Mumbai,Office Supplies,3505.11,14020.44,Cancelled,S104,1/7/2025 13:19
1035,user1035,user1035@example.com,20,Basic,3/17/2025,West,Mumbai,Electronics,2236.68,11183.4,Delivered,S103,3/17/2025 13:24
1036,user1036,user1036@example.com,57,Premium,4/8/2025,West,Mumbai,Electronics,1924.17,1924.17,Returned,S106,4/8/2025 11:42
1037,user1037,user1037@example.com,52,Basic,3/31/2025,West,Mumbai,Clothing,3411.18,20467.08,Cancelled,S105,3/31/2025 13:16
1038,user1038,user1038@example.com,43,Basic,4/23/2025,West,Mumbai,Electronics,2655.1,13275.5,Delivered,S110,4/23/2025 6:42
1039,user1039,user1039@example.com,40,Basic,2/11/2025,West,Mumbai,Office Supplies,5005.91,30035.46,Pending,S110,2/11/2025 21:57
1040,user1040,user1040@example.com,38,Premium,2/21/2025,West,Mumbai,Electronics,,0,Returned,S109,2/21/2025 3:10
1041,user1041,user1041@example.com,48,Premium,6/20/2025,West,Mumbai,Clothing,816.48,1632.96,Cancelled,S107,6/20/2025 11:42
1042,user1042,user1042@example.com,37,Premium,2/14/2025,West,Mumbai,Furniture,5791.07,17373.21,Returned,S108,2/14/2025 0:50
1043,user1043,user1043@example.com,51,Premium,4/8/2025,West,Mumbai,Furniture,770.16,3850.8,Delivered,S104,4/8/2025 19:17
1044,user1044,user1044@example.com,47,Basic,3/31/2025,West,Mumbai,Office Supplies,3254.89,9764.67,Returned,S107,3/31/2025 1:35
1045,user1045,user1045@example.com,47,Premium,5/21/2025,West,Mumbai,Clothing,1206.45,2412.9,Returned,S102,5/21/2025 1:36
1046,user1046,user1046@example.com,51,Basic,2/7/2025,West,Mumbai,Furniture,637.64,637.64,Returned,S102,2/7/2025 13:46
1047,user1047,user1047@example.com,21,Premium,5/21/2025,West,Mumbai,Groceries,5990.46,29952.3,Delivered,S108,5/21/2025 2:03
1048,user1048,user1048@example.com,24,Premium,4/27/2025,West,Mumbai,Furniture,5216.21,15648.63,Returned,S105,4/27/2025 0:11
1049,user1049,user1049@example.com,53,Premium,4/17/2025,West,Mumbai,Furniture,4887.06,14661.18,Returned,S108,4/17/2025 22:58
1050,user1050,user1050@example.com,21,Premium,5/30/2025,West,Mumbai,Electronics,4384.49,17537.96,Returned,S109,5/30/2025 21:32
1051,user1051,user1051@example.com,22,Premium,6/2/2025,West,Mumbai,Electronics,5092.4,10184.8,Cancelled,S110,6/2/2025 0:02
1052,user1052,user1052@example.com,47,Basic,3/26/2025,West,Mumbai,Office Supplies,2924.99,5849.98,Delivered,S110,3/26/2025 18:01
1053,user1053,user1053@example.com,32,Basic,4/5/2025,West,Mumbai,Electronics,3674.23,14696.92,Returned,S101,4/5/2025 3:29
1054,user1054,user1054@example.com,55,Premium,6/10/2025,West,Mumbai,Furniture,1406.17,8437.02,Delivered,S106,6/10/2025 8:23
1055,user1055,user1055@example.com,39,Basic,4/9/2025,West,Mumbai,Office Supplies,1610.05,3220.1,Delivered,S105,4/9/2025 12:56
1056,user1056,user1056@example.com,23,Basic,5/7/2025,West,Mumbai,Groceries,4308.49,12925.47,Delivered,S109,5/7/2025 21:11
1057,user1057,,30,Basic,5/4/2025,West,Mumbai,Clothing,2573.29,15439.74,Pending,S101,5/4/2025 19:06
1058,user1058,user1058@example.com,18,Basic,6/4/2025,West,Mumbai,Office Supplies,635.94,635.94,Cancelled,S102,6/4/2025 19:00
1059,user1059,user1059@example.com,38,Basic,4/22/2025,West,Mumbai,Furniture,5857.75,35146.5,Pending,S108,4/22/2025 11:18
1060,user1060,user1060@example.com,38,Premium,6/26/2025,West,Mumbai,Electronics,5831.4,17494.2,Delivered,S104,6/26/2025 0:11
1061,user1061,user1061@example.com,51,Premium,6/11/2025,West,Mumbai,Groceries,,0,Delivered,S109,6/11/2025 9:43
1062,user1062,user1062@example.com,22,Premium,5/8/2025,West,Mumbai,Office Supplies,5434.81,16304.43,Pending,S109,5/8/2025 7:47
1063,user1063,user1063@example.com,44,Premium,3/26/2025,West,Mumbai,Office Supplies,3814.38,19071.9,Delivered,S110,3/26/2025 15:25
1064,user1064,user1064@example.com,49,Basic,4/17/2025,West,Mumbai,Electronics,4720.65,14161.95,Delivered,S107,4/17/2025 17:59
1065,user1065,user1065@example.com,26,Basic,5/20/2025,West,Mumbai,Electronics,4601.75,13805.25,Cancelled,S106,5/20/2025 14:57
1066,user1066,user1066@example.com,33,Basic,6/1/2025,West,Mumbai,Office Supplies,5776.79,17330.37,Cancelled,S110,6/1/2025 23:09
1067,user1067,user1067@example.com,52,Basic,1/30/2025,West,Mumbai,Office Supplies,3664.65,14658.6,Cancelled,S109,1/30/2025 21:14
1068,user1068,user1068@example.com,50,Premium,5/23/2025,West,Mumbai,Groceries,1425.62,8553.72,Pending,S108,5/23/2025 5:51
1069,user1069,user1069@example.com,35,Basic,1/2/2025,West,Mumbai,Clothing,3796.84,15187.36,Pending,S105,1/2/2025 18:15
1070,user1070,user1070@example.com,28,Basic,3/21/2025,West,Mumbai,Electronics,797.28,3986.4,Pending,S103,3/21/2025 3:13
1071,user1071,user1071@example.com,21,Premium,5/2/2025,West,Mumbai,Office Supplies,662.61,2650.44,Delivered,S109,5/2/2025 19:28
1072,user1072,user1072@example.com,30,Premium,5/2/2025,West,Mumbai,Furniture,4909.19,4909.19,Pending,S103,5/2/2025 3:33
1073,user1073,user1073@example.com,44,Premium,3/25/2025,West,Mumbai,Groceries,3246.06,12984.24,Returned,S104,3/25/2025 21:27
1074,user1074,user1074@example.com,20,Basic,3/25/2025,West,Mumbai,Furniture,3950.76,3950.76,Delivered,S103,3/25/2025 21:44
1075,user1075,user1075@example.com,59,Basic,2/23/2025,West,Mumbai,Groceries,5694.71,22778.84,Delivered,S103,2/23/2025 0:42
1076,user1076,user1076@example.com,26,Premium,6/7/2025,West,Mumbai,Groceries,3344.33,13377.32,Returned,S104,6/7/2025 22:17
1077,user1077,user1077@example.com,29,Premium,5/24/2025,West,Mumbai,Office Supplies,5409.53,16228.59,Pending,S106,5/24/2025 9:09
1078,user1078,user1078@example.com,54,Basic,4/23/2025,West,Mumbai,Clothing,1633.41,4900.23,Cancelled,S104,4/23/2025 22:19
1079,user1079,user1079@example.com,24,Premium,1/30/2025,West,Mumbai,Groceries,264.4,1057.6,Cancelled,S102,1/30/2025 16:57
1080,user1080,user1080@example.com,35,Basic,3/14/2025,West,Mumbai,Furniture,5658.59,22634.36,Returned,S109,3/14/2025 1:03
1081,user1081,user1081@example.com,21,Basic,6/20/2025,West,Mumbai,Furniture,5858.89,11717.78,Cancelled,S107,6/20/2025 17:30
1082,user1082,user1082@example.com,20,Basic,5/31/2025,West,Mumbai,Clothing,245.64,982.56,Delivered,S110,5/31/2025 3:57
1083,user1083,user1083@example.com,54,Basic,3/31/2025,West,Mumbai,Groceries,2070.08,8280.32,Returned,S107,3/31/2025 13:44
1084,user1084,user1084@example.com,41,Basic,1/6/2025,West,Mumbai,Clothing,3177.72,6355.44,Delivered,S109,1/6/2025 7:03
1085,user1085,user1085@example.com,23,Basic,6/15/2025,West,Mumbai,Clothing,4462.06,26772.36,Cancelled,S107,6/15/2025 12:31
1086,user1086,user1086@example.com,53,Premium,1/14/2025,West,Mumbai,Furniture,5233.73,20934.92,Returned,S103,1/14/2025 20:27
1087,user1087,user1087@example.com,54,Basic,4/25/2025,West,Mumbai,Furniture,2541.74,7625.22,Returned,S105,4/25/2025 10:16
1088,user1088,user1088@example.com,20,Basic,6/27/2025,West,Mumbai,Groceries,5733.34,17200.02,Cancelled,S106,6/27/2025 13:48
1089,user1089,user1089@example.com,28,Basic,4/8/2025,West,Mumbai,Furniture,972.23,972.23,Returned,S110,4/8/2025 14:10
1090,user1090,user1090@example.com,20,Premium,4/26/2025,West,Mumbai,Office Supplies,5547.36,16642.08,Delivered,S101,4/26/2025 19:16
1091,user1091,user1091@example.com,20,Premium,1/3/2025,West,Mumbai,Electronics,1913.52,9567.6,Returned,S107,1/3/2025 9:55
1092,user1092,user1092@example.com,24,Premium,1/3/2025,West,Mumbai,Groceries,2774.45,2774.45,Pending,S109,1/3/2025 9:13
1093,user1093,user1093@example.com,25,Basic,5/21/2025,West,Mumbai,Electronics,2100.29,12601.74,Returned,S106,5/21/2025 3:08
1094,user1094,user1094@example.com,30,Premium,3/16/2025,West,Mumbai,Clothing,3307.64,16538.2,Pending,S107,3/16/2025 15:44
1095,user1095,user1095@example.com,42,Premium,6/13/2025,West,Mumbai,Furniture,4484.63,17938.52,Delivered,S105,6/13/2025 9:00
1096,user1096,user1096@example.com,58,Premium,2/13/2025,West,Mumbai,Clothing,3055.08,6110.16,Cancelled,S105,2/13/2025 2:06
1097,user1097,user1097@example.com,33,Basic,6/2/2025,West,Mumbai,Furniture,1064.5,4258,Pending,S108,6/2/2025 14:28
1098,user1098,user1098@example.com,19,Basic,2/4/2025,West,Mumbai,Groceries,3285.47,19712.82,Returned,S110,2/4/2025 8:23
1099,user1099,user1099@example.com,37,Basic,3/18/2025,West,Mumbai,Office Supplies,191.59,1149.54,Delivered,S108,3/18/2025 18:59
1100,user1100,user1100@example.com,51,Premium,5/16/2025,West,Mumbai,Groceries,1575.21,6300.84,Returned,S105,5/16/2025 13:34
