item_id,order_id,product_id,quantity,unit_price,discount_percent
1,900532,5226,4,8087.88,55.39
2,901973,5186,5,61306.4,36.06
3,901989,5108,1,13618.58,13.36
4,900842,5189,1,103377.72,13.09
5,900148,5143,5,77786.21,0.35
6,901368,5219,1,4011.36,46.44
7,902217,5072,3,37232.01,56.45
8,900711,5104,4,27750.29,55.59
9,900045,5257,2,26824.95,6.68
10,900127,5294,2,63582.01,54.91
11,901883,5092,1,87491.23,17.13
12,901935,5179,2,82472.44,22.19
13,901529,5164,2,51778.22,24.9
14,902199,5023,2,94665.29,25.96
15,900929,5032,5,99919.93,7.68
16,901241,5271,3,40342.53,43.15
17,900933,5023,1,94665.29,10.64
18,901313,5039,3,10588.75,28.03
19,900809,5119,4,19763.13,21.41
20,902207,5178,2,14331.9,5.11
21,901392,5048,4,114931.19,56.93
22,902009,5149,4,63562.75,31.77
23,900765,5282,3,112040.79,54.6
24,900600,5295,2,74905.25,5.0
25,901455,5047,1,5126.37,22.16
26,901906,5035,1,94529.4,57.49
27,902224,5152,2,79424.28,18.32
28,900278,5114,4,23425.82,33.46
29,901843,5202,5,106411.67,49.49
30,900464,5196,1,70102.22,50.44
31,902027,5032,1,99919.93,29.78
32,901069,5285,5,2967.29,1.75
33,901238,5202,4,106411.67,43.32
34,900764,5206,5,66702.53,46.32
35,900212,5118,1,50237.09,41.65
36,901344,5189,2,103377.72,38.41
37,900233,5200,5,13509.97,19.62
38,900941,5222,5,102926.19,23.16
39,900294,5037,1,112000.42,33.44
40,901779,5159,2,72830.3,35.58
41,900081,5121,3,107893.28,31.98
42,901155,5143,5,77786.21,20.09
43,900253,5130,3,99662.88,24.31
44,901711,5135,4,15280.01,22.22
45,901230,5220,3,16844.95,5.95
46,900227,5267,1,3632.67,37.48
47,901489,5147,4,56229.64,1.95
48,901063,5279,-3,70408.01,36.09
49,901275,5109,2,49172.01,24.36
50,902082,5298,5,53704.34,18.65
51,901356,5103,3,27052.85,10.41
52,901344,5034,3,63870.8,25.45
53,901149,5060,3,55146.38,15.52
54,901932,5046,1,96884.71,57.98
55,900531,5222,3,102926.19,27.99
56,902437,5098,1,116982.74,47.92
57,900199,5270,4,10034.38,26.99
58,901444,5009,1,19808.61,24.13
59,900666,5268,5,29983.13,55.03
60,901322,5008,1,32565.72,1.98
61,900642,5114,4,23425.82,14.16
62,900440,5003,2,83626.26,8.32
63,900508,5197,5,32308.96,21.08
64,901283,5289,3,115051.33,18.63
65,900039,5270,5,10034.38,46.37
66,901143,5063,1,70810.15,10.02
67,902025,5116,3,90702.12,15.73
68,901046,5005,3,112994.23,22.31
69,900775,5027,3,93544.34,27.3
70,902353,5045,2,32630.52,7.27
71,901824,5059,2,53810.88,49.02
72,902345,5211,2,67610.16,3.89
73,901558,5088,2,17338.8,18.48
74,900352,5072,4,37232.01,55.04
75,901831,5116,5,90702.12,42.7
76,900930,5063,2,70810.15,5.36
77,902069,5205,4,56789.72,16.91
78,902205,5227,1,113815.27,37.49
79,902251,5208,4,7426.61,41.88
80,901953,5107,4,114549.22,2.44
81,902435,5106,4,3550.44,43.44
82,902355,5248,1,21905.83,11.12
83,901107,5178,1,14331.9,18.51
84,900157,5298,1,53704.34,37.08
85,901644,5264,5,36206.41,51.45
86,900001,5051,5,1235.66,3.58
87,901718,5210,1,8721.3,1.96
88,901028,5187,4,12145.65,43.4
89,902195,5061,4,114364.12,47.65
90,902154,5182,-2,77248.73,26.5
91,902487,5211,5,67610.16,49.1
92,900025,5037,2,112000.42,13.7
93,902232,5075,1,56785.86,32.75
94,901921,5117,2,2896.24,27.08
95,901647,5102,4,96913.93,17.29
96,901620,5116,3,90702.12,7.08
97,900333,5034,2,63870.8,21.42
98,901873,5195,5,7009.9,23.37
99,900324,5147,4,56229.64,46.57
100,900523,5294,3,63582.01,29.19
101,900723,5032,5,99919.93,4.83
102,900763,5144,4,24135.92,35.4
103,901887,5230,1,24348.69,27.82
104,901572,5268,3,29983.13,49.74
105,901245,5200,1,13509.97,59.66
106,901173,5255,2,108025.9,48.58
107,900913,5126,1,78811.18,7.57
108,901276,5082,1,43272.32,19.25
109,902462,5128,1,19440.46,55.47
110,902385,5268,5,29983.13,14.22
111,901243,5288,2,27273.42,23.1
112,901335,5099,1,62144.76,24.34
113,900242,5241,1,32381.8,0.99
114,900003,5141,1,96027.46,43.83
115,901065,5277,5,50824.79,10.3
116,901796,5007,2,11417.48,30.28
117,900148,5204,5,79686.75,41.75
118,901075,5186,5,61306.4,6.03
119,901715,5097,1,26980.44,11.98
120,901340,5160,4,9138.2,46.59
121,901212,5125,3,30260.88,38.09
122,901644,5232,1,41278.25,5.47
123,900861,5295,1,74905.25,46.09
124,900643,5044,4,74370.27,12.85
125,900628,5284,5,64048.28,19.22
126,900770,5119,4,19763.13,19.72
127,900075,5191,1,25183.26,32.2
128,900356,5234,4,31052.99,17.45
129,901416,5159,5,72830.3,46.71
130,900634,5222,3,102926.19,59.59
131,900847,5217,2,118104.27,32.68
132,900749,5272,1,89740.5,47.87
133,901973,5271,2,40342.53,53.4
134,902178,5101,1,7233.16,26.86
135,901815,5156,2,13381.53,33.54
136,900620,5098,3,116982.74,25.28
137,902100,5194,5,5621.88,6.04
138,901646,5178,5,14331.9,12.75
139,902001,5123,3,10066.49,1.04
140,901950,5141,5,96027.46,29.81
141,901566,5131,1,24594.48,28.79
142,901986,5160,1,9138.2,56.15
143,900692,5015,1,119779.19,25.23
144,902035,5092,2,87491.23,30.61
145,901891,5276,2,22728.96,24.11
146,900311,5188,5,82788.95,21.51
147,900523,5140,4,109096.85,15.04
148,900244,5156,2,13381.53,43.96
149,900607,5026,4,119675.66,21.34
150,902061,5179,1,82472.44,35.82
151,901089,5156,3,13381.53,42.47
152,901375,5265,4,72194.97,29.54
153,900380,5272,4,89740.5,12.11
154,902038,5257,4,26824.95,14.06
155,902217,5127,1,97824.02,3.34
156,901412,5277,3,50824.79,1.09
157,900593,5154,2,60914.98,20.35
158,901251,5172,2,93029.24,28.66
159,900914,5137,1,86344.61,58.48
160,900146,5043,2,25756.79,9.54
161,902436,5214,3,57360.37,4.28
162,901928,5125,2,30260.88,56.24
163,900050,5131,2,24594.48,22.75
164,901492,5223,4,71815.17,33.72
165,901703,5065,3,48996.44,49.15
166,900098,5240,1,68484.84,15.67
167,901416,5212,4,51907.75,53.81
168,900381,5255,3,108025.9,48.3
169,900553,5029,1,86135.7,40.13
170,901101,5187,4,12145.65,6.43
171,900055,5078,3,64351.16,47.62
172,901229,5229,4,74603.25,15.08
173,902208,5162,5,25417.46,25.81
174,901581,5203,5,107160.64,45.91
175,900474,5013,4,6581.67,32.17
176,902312,5001,2,13687.43,20.57
177,901798,5078,2,64351.16,51.41
178,900165,5266,5,71522.44,37.25
179,901424,5219,1,4011.36,49.46
180,902279,5017,-1,26232.21,53.21
181,901998,5233,4,28726.2,18.73
182,902260,5271,3,40342.53,58.97
183,901194,5274,3,74942.75,53.91
184,900066,5130,2,99662.88,43.06
185,902183,5294,1,63582.01,40.51
186,902027,5167,4,11501.85,41.09
187,900660,5047,3,5126.37,41.04
188,900171,5269,-3,108088.45,38.46
189,900393,5155,2,78059.48,32.76
190,901411,5283,2,54959.15,54.13
191,902234,5012,1,60290.29,53.57
192,901260,5208,3,7426.61,34.54
193,902269,5142,5,94598.18,59.37
194,902077,5206,5,66702.53,10.36
195,901637,5283,-3,54959.15,30.43
196,900643,5207,1,58272.74,22.8
197,901045,5103,1,27052.85,23.79
198,900980,5278,2,37468.84,3.48
199,901075,5069,3,105305.65,40.54
200,900810,5124,3,98656.03,9.96
201,901787,5142,3,94598.18,21.12
202,902338,5119,3,19763.13,48.7
203,902134,5101,3,7233.16,19.93
204,900147,5099,2,62144.76,42.56
205,902219,5009,2,19808.61,32.47
206,900468,5004,5,9286.56,54.45
207,901893,5145,5,48327.63,0.83
208,900801,5150,4,114822.4,26.67
209,900858,5071,3,116581.73,38.07
210,900530,5035,5,94529.4,22.52
211,901762,5191,2,25183.26,44.79
212,902488,5019,3,40574.83,18.68
213,901569,5032,4,99919.93,58.99
214,900962,5050,5,114700.68,10.04
215,901571,5215,3,15938.21,3.52
216,900606,5075,5,56785.86,28.33
217,900506,5094,1,34020.23,1.94
218,901230,5197,1,32308.96,25.96
219,901014,5070,5,20605.69,13.36
220,900038,5197,5,32308.96,21.27
221,901451,5263,2,76205.22,6.62
222,902457,5134,3,42647.71,8.72
223,901503,5079,2,43624.56,5.15
224,901316,5076,5,74784.63,32.03
225,901900,5072,1,37232.01,14.12
226,900291,5115,2,94859.99,32.9
227,902375,5076,3,74784.63,46.84
228,900922,5023,5,94665.29,9.64
229,901409,5127,3,97824.02,26.57
230,901146,5289,5,115051.33,21.41
231,901384,5293,3,38571.51,24.54
232,901264,5023,5,94665.29,51.88
233,900465,5026,1,119675.66,28.26
234,900483,5195,1,7009.9,0.35
235,900215,5081,2,1557.7,48.51
236,902437,5209,1,53353.56,46.65
237,901261,5151,1,3710.99,38.17
238,901966,5179,2,82472.44,59.66
239,901216,5134,3,42647.71,5.18
240,900914,5117,4,2896.24,23.06
241,901292,5143,2,77786.21,34.47
242,902229,5286,1,82991.3,51.16
243,902243,5268,2,29983.13,25.8
244,900874,5134,2,42647.71,49.46
245,902262,5253,1,94315.04,29.98
246,901858,5069,-3,105305.65,13.37
247,901400,5073,4,111376.48,50.95
248,900152,5146,3,66808.88,39.42
249,900841,5214,3,57360.37,3.99
250,901300,5105,2,97076.08,51.36
251,900819,5092,3,87491.23,9.56
252,901033,5196,4,70102.22,7.37
253,901098,5199,2,30309.77,36.21
254,900820,5295,5,74905.25,45.93
255,900498,5295,3,74905.25,35.58
256,901479,5080,4,102191.83,14.23
257,901520,5109,4,49172.01,19.81
258,901828,5102,5,96913.93,38.88
259,900453,5191,4,25183.26,0.45
260,901044,5241,1,32381.8,36.58
261,900413,5073,5,111376.48,10.93
262,901312,5153,4,1064.72,41.25
263,901940,5192,5,75042.83,47.76
264,900563,5293,3,38571.51,14.79
265,900469,5184,-3,87592.35,55.65
266,901590,5096,2,85485.71,19.75
267,901888,5201,5,45785.64,38.95
268,901284,5021,2,97294.53,16.18
269,900088,5096,-3,85485.71,25.96
270,901257,5090,3,110957.13,36.43
271,901657,5265,5,72194.97,37.59
272,900269,5091,3,80187.28,2.96
273,900297,5293,5,38571.51,20.5
274,901328,5069,2,105305.65,57.81
275,900102,5038,3,47468.53,37.69
276,900305,5018,3,61626.46,26.29
277,900909,5294,5,63582.01,30.38
278,900605,5206,1,66702.53,1.12
279,902369,5117,4,2896.24,3.62
280,900978,5079,5,43624.56,11.69
281,901465,5111,5,69136.06,29.93
282,902014,5002,4,4452.46,44.96
283,900712,5223,2,71815.17,45.85
284,901273,5203,5,107160.64,14.84
285,901724,5275,2,87493.26,3.79
286,900308,5183,5,8291.64,23.5
287,900790,5289,5,115051.33,2.87
288,900767,5031,1,83287.34,2.36
289,901448,5120,4,5452.35,8.9
290,900013,5049,4,106799.26,15.68
291,900544,5282,5,112040.79,44.14
292,900514,5261,3,57882.25,26.48
293,902500,5198,2,86758.57,50.12
294,901944,5057,5,7303.42,29.81
295,900178,5111,2,69136.06,2.57
296,900610,5069,1,105305.65,20.68
297,900218,5023,3,94665.29,39.16
298,900279,5246,4,79025.97,21.26
299,900310,5294,4,63582.01,30.0
300,901228,5292,3,75588.15,31.18
301,901700,5121,3,107893.28,29.9
302,900748,5167,5,11501.85,30.02
303,901397,5258,4,61259.59,31.16
304,902000,5067,2,39005.62,9.7
305,902053,5127,4,97824.02,11.94
306,901148,5188,3,82788.95,47.04
307,901274,5262,-2,14189.52,42.13
308,901559,5160,-3,9138.2,2.47
309,900911,5046,4,96884.71,52.14
310,900415,5299,5,92332.41,27.24
311,902433,5228,-1,61471.6,8.16
312,901565,5297,5,57306.08,22.58
313,900029,5188,-3,82788.95,53.61
314,901480,5016,1,13287.02,37.39
315,901066,5136,4,70326.62,58.5
316,900626,5094,1,34020.23,49.49
317,900572,5233,4,28726.2,17.31
318,900299,5053,2,12243.73,53.56
319,901571,5184,2,87592.35,23.68
320,900767,5003,3,83626.26,11.56
321,902493,5083,3,11704.04,40.27
322,901853,5022,3,1440.28,13.68
323,900767,5169,2,119312.69,25.19
324,901375,5227,2,113815.27,41.59
325,902423,5119,-2,19763.13,49.39
326,901029,5186,5,61306.4,19.3
327,902241,5047,2,5126.37,34.14
328,900614,5245,3,61609.41,28.42
329,900149,5220,3,16844.95,13.35
330,901621,5159,3,72830.3,29.19
331,901395,5245,5,61609.41,11.05
332,901612,5070,3,20605.69,44.35
333,901420,5139,1,83090.05,19.78
334,902266,5090,2,110957.13,42.58
335,901022,5212,5,51907.75,21.96
336,900958,5161,5,54756.46,34.12
337,902162,5042,4,72630.14,59.35
338,901396,5271,5,40342.53,48.58
339,902242,5171,5,106371.02,30.8
340,901298,5299,5,92332.41,30.53
341,901882,5298,1,53704.34,49.46
342,901964,5293,5,38571.51,28.98
343,902197,5197,3,32308.96,20.12
344,902284,5297,5,57306.08,35.08
345,900009,5130,1,99662.88,6.62
346,901331,5143,2,77786.21,31.19
347,901480,5082,3,43272.32,42.29
348,900190,5236,1,14596.22,41.74
349,900716,5182,2,77248.73,33.37
350,900498,5140,2,109096.85,56.83
351,901239,5189,2,103377.72,21.49
352,902277,5138,3,80796.56,32.02
353,901665,5166,3,94554.28,16.35
354,901510,5031,2,83287.34,41.51
355,900713,5085,2,83088.08,48.91
356,901067,5179,5,82472.44,50.13
357,901823,5255,2,108025.9,18.27
358,900948,5222,5,102926.19,17.54
359,900870,5239,1,9764.99,27.4
360,901555,5238,5,90430.72,57.2
361,900489,5144,2,24135.92,44.79
362,900515,5158,5,32988.73,6.99
363,901222,5010,2,23845.91,30.38
364,901063,5095,4,15883.76,52.98
365,901836,5147,1,56229.64,42.09
366,900308,5196,4,70102.22,58.78
367,901693,5005,5,112994.23,23.55
368,901323,5038,2,47468.53,45.14
369,900388,5276,2,22728.96,3.29
370,900145,5290,-3,86584.61,14.95
371,900909,5214,4,57360.37,13.95
372,900141,5192,4,75042.83,18.3
373,901549,5294,2,63582.01,28.94
374,902122,5055,2,39836.13,53.62
375,901736,5214,5,57360.37,26.76
376,900280,5205,5,56789.72,57.78
377,900347,5001,1,13687.43,5.13
378,902044,5248,3,21905.83,37.58
379,901011,5173,5,12716.76,43.29
380,902410,5001,1,13687.43,38.97
381,900072,5258,1,61259.59,15.66
382,901333,5177,5,90645.31,2.6
383,901564,5141,2,96027.46,16.39
384,902272,5176,1,62331.61,37.46
385,901586,5230,4,24348.69,11.28
386,901714,5032,2,99919.93,40.49
387,902191,5214,5,57360.37,9.29
388,900719,5124,2,98656.03,58.87
389,901210,5029,2,86135.7,1.87
390,901414,5237,2,119817.45,48.66
391,902234,5071,3,116581.73,16.5
392,900016,5069,3,105305.65,18.35
393,901279,5054,5,107272.03,58.57
394,900607,5104,2,27750.29,20.18
395,901392,5262,2,14189.52,36.81
396,901610,5139,2,83090.05,14.73
397,900391,5123,5,10066.49,33.27
398,900970,5004,1,9286.56,47.54
399,902290,5197,4,32308.96,8.12
400,900737,5250,3,84169.66,40.63
401,900956,5115,5,94859.99,51.63
402,901401,5031,4,83287.34,10.87
403,900482,5094,4,34020.23,58.88
404,901463,5115,1,94859.99,15.99
405,902156,5283,2,54959.15,23.34
406,901830,5018,2,61626.46,26.4
407,901252,5192,4,75042.83,47.15
408,902042,5134,2,42647.71,42.46
409,901153,5214,4,57360.37,44.84
410,901718,5210,1,8721.3,6.63
411,901745,5068,3,41767.34,13.09
412,901864,5129,2,13468.82,22.81
413,901926,5218,3,1453.94,35.92
414,900005,5088,5,17338.8,45.28
415,901758,5016,3,13287.02,18.74
416,902376,5091,3,80187.28,11.16
417,900312,5094,5,34020.23,3.41
418,901344,5270,1,10034.38,57.53
419,901232,5054,2,107272.03,34.2
420,901454,5257,2,26824.95,2.8
421,900134,5148,5,105897.4,44.3
422,902325,5118,3,50237.09,13.21
423,901308,5278,5,37468.84,20.61
424,902188,5208,2,7426.61,13.71
425,900108,5236,4,14596.22,3.76
426,900549,5019,2,40574.83,49.56
427,901577,5024,5,20181.17,34.84
428,902442,5243,2,8603.58,38.38
429,902068,5172,1,93029.24,34.29
430,901758,5019,2,40574.83,55.09
431,901807,5188,1,82788.95,6.67
432,902157,5287,5,37439.79,18.3
433,901452,5254,3,116520.08,16.68
434,900163,5224,4,4453.63,44.52
435,900752,5085,5,83088.08,55.37
436,901585,5266,3,71522.44,48.9
437,900051,5196,5,70102.22,55.63
438,901387,5194,1,5621.88,12.22
439,900832,5202,3,106411.67,27.78
440,902035,5115,4,94859.99,11.44
441,900087,5088,5,17338.8,24.28
442,902023,5105,3,97076.08,58.66
443,900751,5010,1,23845.91,0.49
444,902391,5290,4,86584.61,57.46
445,901069,5076,4,74784.63,1.25
446,901000,5221,1,106453.74,42.32
447,900869,5236,3,14596.22,54.05
448,902341,5021,3,97294.53,31.41
449,901673,5136,5,70326.62,29.88
450,902396,5249,2,44047.24,25.16
451,900490,5117,3,2896.24,18.87
452,902473,5072,5,37232.01,38.53
453,900284,5112,2,105664.54,34.44
454,902306,5075,2,56785.86,47.04
455,901421,5099,5,62144.76,25.0
456,900742,5054,2,107272.03,46.34
457,901627,5244,1,63596.53,54.05
458,901121,5097,1,26980.44,49.91
459,901031,5062,-2,110172.41,3.12
460,900366,5262,3,14189.52,24.48
461,900452,5166,1,94554.28,30.0
462,901006,5258,-1,61259.59,8.33
463,901285,5035,2,94529.4,33.36
464,900100,5056,5,79390.52,43.86
465,901390,5119,1,19763.13,34.68
466,902038,5199,1,30309.77,7.89
467,901101,5220,3,16844.95,49.9
468,900730,5006,5,104831.05,13.48
469,900095,5195,3,7009.9,57.33
470,902420,5090,3,110957.13,41.94
471,901972,5266,2,71522.44,40.47
472,901155,5079,4,43624.56,6.28
473,900365,5004,5,9286.56,41.09
474,900478,5084,2,36937.64,7.52
475,901624,5249,5,44047.24,30.62
476,902054,5186,5,61306.4,4.72
477,900278,5042,4,72630.14,6.26
478,902241,5173,1,12716.76,26.81
479,901093,5083,1,11704.04,23.29
480,902460,5085,2,83088.08,19.75
481,900813,5264,4,36206.41,3.44
482,900573,5021,5,97294.53,8.01
483,900140,5100,2,55009.8,36.81
484,902288,5085,3,83088.08,38.05
485,901524,5039,3,10588.75,56.99
486,902453,5197,1,32308.96,41.56
487,901760,5290,5,86584.61,47.12
488,901523,5211,5,67610.16,20.16
489,900702,5286,1,82991.3,35.25
490,902170,5097,1,26980.44,2.96
491,901779,5087,5,96717.04,40.76
492,901479,5250,3,84169.66,0.3
493,901626,5182,2,77248.73,45.5
494,900146,5014,2,10581.79,51.06
495,902281,5271,5,40342.53,21.73
496,902494,5204,4,79686.75,9.07
497,901083,5212,3,51907.75,45.74
498,900049,5054,3,107272.03,31.88
499,901272,5212,2,51907.75,40.23
500,901718,5157,5,10677.82,31.67
501,901202,5057,3,7303.42,30.27
502,902423,5254,5,116520.08,8.68
503,900640,5107,3,114549.22,12.75
504,902237,5262,5,14189.52,21.83
505,902464,5135,1,15280.01,52.12
506,902000,5066,4,116953.98,57.68
507,902235,5101,2,7233.16,27.86
508,902409,5256,2,43257.45,35.61
509,900860,5199,1,30309.77,33.85
510,900940,5252,-3,81400.9,49.03
511,902256,5086,2,94800.96,36.65
512,902337,5241,5,32381.8,22.38
513,901684,5249,5,44047.24,23.2
514,900636,5150,4,114822.4,59.93
515,900632,5276,4,22728.96,20.14
516,900674,5156,5,13381.53,26.95
517,900772,5276,1,22728.96,47.41
518,901030,5220,4,16844.95,44.23
519,901192,5032,5,99919.93,2.0
520,901619,5007,5,11417.48,18.42
521,901168,5147,1,56229.64,23.26
522,901777,5114,2,23425.82,52.94
523,900142,5111,1,69136.06,53.11
524,901477,5045,-3,32630.52,10.47
525,901835,5071,3,116581.73,8.01
526,900014,5054,1,107272.03,35.08
527,901805,5174,2,44150.01,32.39
528,902349,5113,1,22911.17,6.51
529,901559,5006,4,104831.05,11.65
530,900168,5092,1,87491.23,19.62
531,901277,5154,4,60914.98,20.69
532,900059,5190,1,24845.29,50.18
533,900025,5265,3,72194.97,59.05
534,901260,5214,2,57360.37,6.71
535,900619,5224,3,4453.63,59.68
536,901191,5089,1,34755.83,26.58
537,900980,5271,4,40342.53,34.39
538,902172,5203,3,107160.64,46.85
539,901325,5080,4,102191.83,0.49
540,901564,5179,3,82472.44,14.15
541,900427,5232,5,41278.25,30.95
542,900384,5129,3,13468.82,33.02
543,901518,5206,5,66702.53,59.17
544,901093,5112,2,105664.54,54.14
545,901295,5152,5,79424.28,36.22
546,902286,5291,5,6031.69,1.54
547,900796,5112,1,105664.54,17.92
548,900842,5172,2,93029.24,1.48
549,902099,5288,1,27273.42,2.78
550,900129,5163,5,86042.99,11.71
551,900852,5190,1,24845.29,59.59
552,900479,5282,4,112040.79,47.13
553,901029,5125,3,30260.88,46.27
554,902167,5025,1,110999.09,49.94
555,900804,5020,4,92776.76,34.85
556,901366,5182,1,77248.73,26.3
557,900752,5018,1,61626.46,29.49
558,900058,5022,3,1440.28,46.46
559,901021,5285,4,2967.29,26.16
560,900233,5214,3,57360.37,40.42
561,900499,5043,5,25756.79,0.75
562,900623,5074,5,43510.7,24.45
563,902177,5116,4,90702.12,4.01
564,900814,5121,1,107893.28,27.75
565,902291,5112,4,105664.54,7.38
566,900536,5005,5,112994.23,9.34
567,900636,5115,3,94859.99,58.76
568,900893,5120,3,5452.35,22.3
569,901765,5163,1,86042.99,22.38
570,901445,5063,3,70810.15,32.79
571,901901,5089,1,34755.83,47.56
572,900975,5176,1,62331.61,4.56
573,901957,5287,3,37439.79,30.01
574,902396,5134,5,42647.71,57.45
575,902431,5085,2,83088.08,54.81
576,901473,5153,3,1064.72,55.52
577,900222,5040,5,100380.24,53.64
578,901419,5091,1,80187.28,55.54
579,900710,5236,2,14596.22,8.14
580,902001,5210,3,8721.3,7.15
581,901177,5253,2,94315.04,35.58
582,901906,5164,5,51778.22,2.02
583,900733,5087,3,96717.04,18.02
584,901690,5118,4,50237.09,29.86
585,900685,5003,4,83626.26,16.99
586,901348,5134,3,42647.71,25.6
587,900265,5104,4,27750.29,1.6
588,901937,5156,4,13381.53,47.02
589,900917,5288,2,27273.42,4.79
590,900080,5017,3,26232.21,37.11
591,901791,5130,5,99662.88,36.64
592,902195,5175,2,63780.57,45.75
593,900884,5295,1,74905.25,25.34
594,900836,5048,-2,114931.19,6.15
595,901245,5211,4,67610.16,57.4
596,900868,5225,4,36637.58,2.62
597,901064,5003,1,83626.26,59.0
598,902000,5294,1,63582.01,45.01
599,900675,5044,4,74370.27,42.16
600,900603,5160,3,9138.2,19.64
601,900616,5011,1,15384.54,1.63
602,901179,5149,3,63562.75,57.98
603,900369,5299,5,92332.41,41.85
604,902022,5059,2,53810.88,31.05
605,900351,5110,-1,39631.61,41.53
606,902338,5267,5,3632.67,1.75
607,902024,5191,4,25183.26,35.06
608,901975,5135,3,15280.01,45.98
609,900945,5111,5,69136.06,25.06
610,900466,5137,1,86344.61,17.97
611,901087,5070,3,20605.69,32.08
612,901586,5183,4,8291.64,47.38
613,902177,5137,1,86344.61,35.55
614,900284,5172,4,93029.24,8.32
615,902409,5017,4,26232.21,19.02
616,900555,5164,3,51778.22,31.96
617,902164,5273,2,10208.71,49.05
618,901624,5091,1,80187.28,24.91
619,901339,5007,3,11417.48,56.92
620,901622,5210,5,8721.3,58.42
621,901808,5227,3,113815.27,51.33
622,900977,5133,5,108501.12,21.2
623,901505,5223,5,71815.17,47.58
624,900778,5241,3,32381.8,39.92
625,900571,5014,3,10581.79,46.33
626,902189,5141,4,96027.46,48.83
627,900935,5162,2,25417.46,3.6
628,900618,5260,4,42778.37,59.21
629,901294,5038,1,47468.53,39.73
630,901867,5073,4,111376.48,15.9
631,900949,5044,3,74370.27,52.24
632,901209,5284,1,64048.28,57.9
633,901847,5266,5,71522.44,38.23
634,900394,5270,4,10034.38,2.7
635,900861,5193,3,19090.57,56.7
636,902331,5195,1,7009.9,56.57
637,901280,5273,3,10208.71,12.67
638,902185,5147,3,56229.64,50.28
639,902377,5127,5,97824.02,19.23
640,900790,5296,2,96452.73,58.89
641,902174,5034,5,63870.8,46.48
642,900139,5119,3,19763.13,23.42
643,901389,5111,3,69136.06,8.82
644,901310,5143,3,77786.21,18.89
645,901448,5084,1,36937.64,24.02
646,900889,5222,4,102926.19,9.28
647,901370,5204,2,79686.75,38.92
648,902248,5250,4,84169.66,47.55
649,902445,5205,2,56789.72,5.28
650,901463,5162,5,25417.46,34.92
651,902465,5029,-2,86135.7,44.23
652,900487,5060,1,55146.38,31.48
653,901840,5287,3,37439.79,34.79
654,901093,5161,2,54756.46,57.87
655,900420,5198,5,86758.57,50.51
656,900258,5082,3,43272.32,34.81
657,901081,5261,4,57882.25,35.15
658,901811,5213,3,61331.48,16.88
659,902033,5033,2,76825.5,44.89
660,900536,5176,1,62331.61,14.06
661,901106,5265,3,72194.97,14.13
662,900175,5020,2,92776.76,44.02
663,901757,5251,1,39474.25,35.38
664,900662,5278,2,37468.84,2.57
665,900996,5173,1,12716.76,8.1
666,900420,5064,3,35046.88,38.47
667,901156,5176,4,62331.61,13.53
668,901266,5267,4,3632.67,49.43
669,901883,5093,1,101983.54,27.49
670,901510,5023,4,94665.29,58.49
671,902082,5019,2,40574.83,9.08
672,902238,5062,5,110172.41,50.75
673,901737,5228,4,61471.6,2.58
674,901677,5156,4,13381.53,55.86
675,900723,5061,2,114364.12,29.17
676,902070,5092,2,87491.23,5.91
677,900750,5030,5,115895.1,29.02
678,902106,5084,3,36937.64,4.74
679,901493,5021,3,97294.53,21.6
680,900721,5149,3,63562.75,32.03
681,900316,5210,4,8721.3,22.61
682,902173,5178,4,14331.9,36.42
683,901638,5028,1,75074.9,7.59
684,901549,5040,5,100380.24,43.03
685,901084,5022,2,1440.28,53.27
686,901542,5285,1,2967.29,13.73
687,900020,5150,-1,114822.4,10.17
688,900993,5139,5,83090.05,55.3
689,900778,5002,3,4452.46,38.41
690,901899,5199,4,30309.77,13.61
691,900325,5019,4,40574.83,43.76
692,900050,5178,3,14331.9,49.32
693,901076,5160,4,9138.2,11.45
694,901820,5220,4,16844.95,40.63
695,901937,5278,-3,37468.84,14.5
696,900166,5215,-2,15938.21,51.09
697,901057,5265,3,72194.97,21.11
698,900383,5124,5,98656.03,2.87
699,900856,5066,3,116953.98,54.59
700,902351,5180,1,30966.92,30.94
701,901389,5241,1,32381.8,1.83
702,901348,5059,1,53810.88,45.28
703,901960,5287,4,37439.79,24.31
704,901214,5202,-1,106411.67,26.5
705,901868,5284,1,64048.28,19.25
706,902247,5049,2,106799.26,33.67
707,901776,5214,2,57360.37,27.63
708,902396,5063,1,70810.15,55.24
709,900756,5026,1,119675.66,13.42
710,901610,5088,2,17338.8,14.58
711,900532,5163,2,86042.99,11.49
712,901624,5121,2,107893.28,10.24
713,900641,5066,3,116953.98,4.19
714,900750,5259,5,9473.59,19.12
715,901195,5119,2,19763.13,12.1
716,901880,5018,3,61626.46,30.3
717,901884,5115,2,94859.99,25.29
718,900045,5265,2,72194.97,12.72
719,902405,5208,1,7426.61,7.26
720,901455,5247,3,23243.3,22.46
721,901022,5180,1,30966.92,49.15
722,901414,5045,3,32630.52,12.62
723,900576,5112,3,105664.54,14.42
724,902287,5159,2,72830.3,53.65
725,902142,5262,1,14189.52,29.96
726,900694,5039,1,10588.75,57.63
727,901289,5215,5,15938.21,56.97
728,900214,5214,1,57360.37,32.72
729,901448,5275,3,87493.26,10.88
730,901146,5236,3,14596.22,37.25
731,901883,5153,3,1064.72,40.4
732,900200,5154,2,60914.98,13.12
733,900506,5143,1,77786.21,17.47
734,901679,5247,1,23243.3,1.63
735,900455,5147,2,56229.64,40.65
736,900912,5116,4,90702.12,10.1
737,900083,5179,2,82472.44,33.34
738,900896,5271,5,40342.53,2.61
739,901328,5279,4,70408.01,13.95
740,902097,5179,3,82472.44,48.14
741,902301,5052,4,54630.3,44.32
742,901847,5085,4,83088.08,29.13
743,901745,5059,2,53810.88,54.95
744,902205,5220,2,16844.95,22.11
745,901512,5089,2,34755.83,52.47
746,900956,5266,5,71522.44,24.22
747,901077,5253,5,94315.04,9.74
748,900789,5127,1,97824.02,37.82
749,901397,5269,4,108088.45,27.1
750,901757,5161,4,54756.46,36.39
751,901671,5137,2,86344.61,55.64
752,902396,5137,2,86344.61,0.76
753,900819,5116,3,90702.12,58.92
754,901176,5110,4,39631.61,59.78
755,902418,5280,1,56292.05,18.01
756,901141,5092,4,87491.23,47.29
757,900556,5233,4,28726.2,29.66
758,900394,5125,5,30260.88,45.75
759,901592,5011,1,15384.54,26.8
760,900029,5024,4,20181.17,41.62
761,900259,5110,4,39631.61,16.12
762,902477,5040,2,100380.24,23.37
763,900143,5155,1,78059.48,57.75
764,901294,5280,4,56292.05,24.13
765,901082,5063,4,70810.15,32.57
766,900764,5289,2,115051.33,0.79
767,901418,5258,4,61259.59,54.87
768,901429,5205,1,56789.72,23.92
769,900948,5240,2,68484.84,24.83
770,902473,5039,3,10588.75,54.42
771,901089,5085,2,83088.08,35.04
772,902227,5220,2,16844.95,40.22
773,902044,5006,3,104831.05,54.88
774,901438,5049,1,106799.26,15.75
775,900683,5236,4,14596.22,29.03
776,901311,5279,2,70408.01,50.53
777,900884,5158,3,32988.73,16.55
778,900958,5188,3,82788.95,22.65
779,901310,5189,1,103377.72,43.57
780,900418,5157,5,10677.82,22.57
781,900768,5117,2,2896.24,13.99
782,901392,5290,1,86584.61,19.33
783,902146,5009,5,19808.61,2.65
784,900461,5245,2,61609.41,31.03
785,902277,5048,1,114931.19,9.46
786,902136,5141,1,96027.46,30.69
787,901434,5112,3,105664.54,21.63
788,901959,5071,2,116581.73,19.26
789,901156,5113,2,22911.17,58.08
790,902160,5130,3,99662.88,26.93
791,902300,5218,5,1453.94,23.93
792,900604,5186,1,61306.4,39.71
793,900197,5178,1,14331.9,38.78
794,902139,5174,3,44150.01,3.47
795,900259,5102,2,96913.93,57.51
796,900700,5062,2,110172.41,25.75
797,901940,5138,3,80796.56,30.09
798,901547,5208,3,7426.61,35.33
799,901428,5202,2,106411.67,27.61
800,901221,5227,2,113815.27,45.7
801,901251,5212,3,51907.75,36.54
802,902349,5060,5,55146.38,24.5
803,901595,5006,2,104831.05,39.72
804,902228,5086,1,94800.96,11.26
805,901541,5247,2,23243.3,10.08
806,900825,5283,2,54959.15,25.34
807,900700,5101,5,7233.16,15.07
808,901428,5013,4,6581.67,17.09
809,902135,5029,-2,86135.7,36.56
810,900045,5285,1,2967.29,12.0
811,900594,5275,4,87493.26,31.87
812,900683,5040,2,100380.24,4.95
813,900306,5099,3,62144.76,36.33
814,901035,5160,3,9138.2,27.11
815,901868,5255,3,108025.9,47.93
816,900232,5143,1,77786.21,17.33
817,901270,5180,4,30966.92,15.47
818,901478,5186,4,61306.4,17.9
819,900865,5065,2,48996.44,32.38
820,900801,5143,4,77786.21,11.61
821,902127,5095,5,15883.76,13.43
822,900899,5056,2,79390.52,38.61
823,900156,5299,1,92332.41,42.85
824,901096,5054,3,107272.03,42.17
825,901716,5129,1,13468.82,41.21
826,901001,5265,3,72194.97,38.07
827,900151,5022,3,1440.28,51.73
828,902246,5145,2,48327.63,4.68
829,902269,5127,4,97824.02,40.66
830,900809,5269,1,108088.45,12.66
831,901401,5182,-1,77248.73,40.15
832,901648,5033,5,76825.5,16.76
833,901821,5245,1,61609.41,20.97
834,900398,5057,2,7303.42,11.81
835,902015,5054,3,107272.03,0.72
836,901342,5079,5,43624.56,26.12
837,902385,5109,1,49172.01,31.65
838,902171,5127,5,97824.02,53.1
839,900773,5121,3,107893.28,58.73
840,900192,5120,5,5452.35,21.56
841,901898,5131,1,24594.48,46.1
842,901719,5162,3,25417.46,15.84
843,902202,5097,3,26980.44,19.03
844,900696,5158,2,32988.73,41.78
845,900654,5177,1,90645.31,31.77
846,900494,5200,2,13509.97,13.1
847,901377,5226,1,8087.88,56.24
848,901263,5154,4,60914.98,18.18
849,901415,5141,2,96027.46,0.54
850,901303,5117,5,2896.24,55.07
851,901474,5172,1,93029.24,59.94
852,901687,5048,1,114931.19,40.37
853,902294,5274,2,74942.75,55.26
854,902049,5090,4,110957.13,54.11
855,900187,5039,1,10588.75,33.45
856,900989,5025,-3,110999.09,10.74
857,901384,5251,2,39474.25,12.74
858,901430,5026,3,119675.66,47.66
859,901583,5036,5,70576.95,42.17
860,900147,5102,4,96913.93,13.75
861,902387,5269,3,108088.45,53.86
862,902232,5281,4,79665.06,28.97
863,900575,5166,4,94554.28,38.28
864,902436,5231,2,115351.23,2.38
865,901448,5094,5,34020.23,41.82
866,901554,5189,5,103377.72,20.65
867,901848,5123,4,10066.49,6.55
868,901517,5234,1,31052.99,38.02
869,902203,5136,1,70326.62,22.88
870,901243,5014,4,10581.79,41.46
871,901889,5092,5,87491.23,48.22
872,900734,5241,3,32381.8,32.31
873,900985,5069,3,105305.65,27.0
874,902020,5091,1,80187.28,50.56
875,900172,5287,5,37439.79,59.44
876,901634,5219,2,4011.36,13.87
877,901330,5253,2,94315.04,57.65
878,901894,5096,5,85485.71,0.06
879,902125,5298,5,53704.34,1.75
880,901596,5015,5,119779.19,45.41
881,902207,5134,5,42647.71,39.06
882,901822,5248,1,21905.83,35.34
883,902394,5048,2,114931.19,14.18
884,900457,5168,5,78534.08,58.42
885,901152,5153,1,1064.72,24.05
886,902189,5082,3,43272.32,56.81
887,901954,5168,1,78534.08,23.39
888,902195,5020,3,92776.76,51.51
889,900488,5274,1,74942.75,10.69
890,900083,5248,4,21905.83,38.44
891,902203,5057,-3,7303.42,49.72
892,901011,5095,2,15883.76,16.22
893,901042,5206,2,66702.53,58.94
894,901508,5066,1,116953.98,33.4
895,900490,5276,1,22728.96,13.17
896,902221,5234,4,31052.99,24.91
897,900267,5260,4,42778.37,46.0
898,900092,5187,1,12145.65,4.98
899,902217,5262,4,14189.52,8.54
900,900380,5275,2,87493.26,52.81
901,900796,5242,5,109785.9,1.6
902,900130,5203,1,107160.64,50.2
903,902082,5185,5,17196.52,36.36
904,901369,5069,3,105305.65,10.71
905,901719,5276,2,22728.96,8.25
906,901550,5038,3,47468.53,39.86
907,901806,5281,2,79665.06,27.42
908,900379,5210,2,8721.3,51.87
909,901342,5075,4,56785.86,46.73
910,901317,5017,3,26232.21,2.62
911,900262,5258,1,61259.59,59.2
912,902223,5168,4,78534.08,15.1
913,901809,5298,1,53704.34,37.42
914,902168,5002,5,4452.46,49.28
915,901289,5103,2,27052.85,13.82
916,900608,5221,3,106453.74,22.01
917,900020,5024,3,20181.17,21.54
918,901372,5195,5,7009.9,59.26
919,901300,5124,1,98656.03,18.48
920,901582,5102,3,96913.93,32.83
921,900555,5216,2,24759.17,29.8
922,902021,5274,2,74942.75,24.51
923,901797,5107,1,114549.22,8.88
924,900006,5256,1,43257.45,26.16
925,902182,5171,1,106371.02,47.82
926,901659,5229,3,74603.25,33.5
927,901994,5271,5,40342.53,25.51
928,901445,5036,5,70576.95,22.38
929,900712,5039,3,10588.75,12.07
930,900685,5011,1,15384.54,47.54
931,901748,5081,5,1557.7,8.89
932,901478,5273,4,10208.71,32.08
933,902340,5108,3,13618.58,1.49
934,902118,5256,1,43257.45,30.25
935,902242,5272,5,89740.5,23.42
936,900111,5062,1,110172.41,33.76
937,901823,5058,2,117147.39,52.14
938,901334,5110,3,39631.61,6.81
939,901888,5129,1,13468.82,27.78
940,901411,5235,1,85451.26,42.42
941,901721,5292,5,75588.15,58.69
942,902274,5045,5,32630.52,46.94
943,901929,5070,3,20605.69,23.1
944,902046,5028,5,75074.9,53.34
945,900398,5047,4,5126.37,21.79
946,901766,5049,4,106799.26,30.48
947,900477,5241,5,32381.8,8.87
948,902072,5210,5,8721.3,33.46
949,901166,5128,5,19440.46,48.77
950,900274,5174,4,44150.01,7.24
951,901611,5075,4,56785.86,34.6
952,901641,5009,1,19808.61,21.36
953,902003,5299,1,92332.41,50.15
954,901888,5021,3,97294.53,41.94
955,900120,5170,2,1727.26,50.55
956,900506,5088,2,17338.8,39.88
957,901289,5288,5,27273.42,36.79
958,900536,5277,3,50824.79,15.02
959,900345,5228,5,61471.6,3.2
960,901274,5119,3,19763.13,54.55
961,900423,5255,5,108025.9,20.76
962,900495,5294,1,63582.01,5.4
963,902452,5042,2,72630.14,58.2
964,901498,5138,3,80796.56,25.62
965,902108,5114,4,23425.82,2.4
966,900958,5138,3,80796.56,2.52
967,901601,5253,3,94315.04,42.15
968,900122,5233,5,28726.2,51.11
969,901446,5290,1,86584.61,1.82
970,901929,5265,2,72194.97,19.56
971,901904,5290,5,86584.61,58.23
972,900830,5106,1,3550.44,36.67
973,902215,5053,5,12243.73,11.21
974,900417,5018,3,61626.46,25.17
975,900781,5043,3,25756.79,9.86
976,901137,5252,4,81400.9,43.89
977,902294,5232,4,41278.25,27.99
978,901558,5110,2,39631.61,16.71
979,900734,5071,2,116581.73,31.16
980,900694,5039,4,10588.75,10.05
981,901678,5282,1,112040.79,18.55
982,900518,5148,2,105897.4,7.04
983,901212,5080,5,102191.83,17.67
984,900661,5131,5,24594.48,48.36
985,900535,5010,2,23845.91,56.43
986,901497,5008,5,32565.72,45.03
987,902438,5219,2,4011.36,28.38
988,901291,5257,1,26824.95,49.45
989,901550,5233,1,28726.2,5.25
990,900758,5218,2,1453.94,40.39
991,900563,5243,2,8603.58,36.71
992,901331,5211,2,67610.16,34.5
993,901155,5220,-3,16844.95,35.12
994,901184,5156,2,13381.53,54.05
995,902407,5209,3,53353.56,10.97
996,901165,5240,4,68484.84,13.72
997,902123,5006,3,104831.05,4.33
998,901151,5191,2,25183.26,46.25
999,902454,5212,3,51907.75,20.7
1000,901524,5129,5,13468.82,2.92
1001,900766,5268,1,29983.13,55.29
1002,901298,5211,4,67610.16,15.35
1003,901913,5161,4,54756.46,8.42
1004,900677,5205,4,56789.72,57.66
1005,900778,5075,3,56785.86,16.29
1006,901540,5236,4,14596.22,56.72
1007,900267,5091,-3,80187.28,50.72
1008,900258,5157,2,10677.82,5.41
1009,901001,5089,1,34755.83,12.29
1010,901102,5083,5,11704.04,42.04
1011,900788,5222,3,102926.19,22.55
1012,902265,5047,3,5126.37,43.3
1013,901249,5289,4,115051.33,17.74
1014,901590,5296,4,96452.73,44.33
1015,900351,5155,4,78059.48,8.36
1016,900208,5185,4,17196.52,54.29
1017,902378,5294,3,63582.01,57.77
1018,901148,5116,3,90702.12,8.63
1019,901591,5144,5,24135.92,50.15
1020,902385,5246,4,79025.97,58.38
1021,902317,5061,3,114364.12,30.41
1022,901854,5076,3,74784.63,8.31
1023,901383,5284,4,64048.28,8.11
1024,900523,5242,1,109785.9,45.7
1025,901601,5290,4,86584.61,28.47
1026,900218,5284,3,64048.28,24.37
1027,900856,5062,3,110172.41,50.14
1028,901558,5003,2,83626.26,12.79
1029,900826,5021,-3,97294.53,32.0
1030,901416,5133,1,108501.12,20.08
1031,900193,5070,-3,20605.69,47.79
1032,900194,5106,5,3550.44,7.17
1033,902401,5055,1,39836.13,30.92
1034,900871,5032,5,99919.93,9.16
1035,902046,5193,5,19090.57,21.68
1036,901107,5286,1,82991.3,3.96
1037,902287,5206,2,66702.53,29.41
1038,901507,5233,2,28726.2,2.47
1039,900631,5242,4,109785.9,27.13
1040,902132,5296,5,96452.73,46.12
1041,901980,5247,3,23243.3,17.94
1042,900199,5092,3,87491.23,39.67
1043,901407,5149,4,63562.75,46.33
1044,900994,5026,3,119675.66,45.74
1045,900552,5184,1,87592.35,20.21
1046,902099,5136,5,70326.62,39.63
1047,901055,5109,4,49172.01,39.84
1048,901695,5222,5,102926.19,56.63
1049,902382,5078,2,64351.16,8.77
1050,900560,5047,2,5126.37,27.36
1051,901588,5216,5,24759.17,52.37
1052,901345,5115,5,94859.99,26.64
1053,901707,5057,4,7303.42,40.24
1054,902097,5049,3,106799.26,10.35
1055,901290,5011,2,15384.54,42.08
1056,900288,5114,1,23425.82,9.16
1057,901551,5282,-1,112040.79,42.33
1058,902430,5071,5,116581.73,44.64
1059,901062,5184,5,87592.35,10.19
1060,900261,5042,4,72630.14,21.14
1061,902191,5080,5,102191.83,12.77
1062,900438,5015,1,119779.19,42.92
1063,901385,5082,4,43272.32,14.11
1064,900515,5244,1,63596.53,12.97
1065,901635,5192,1,75042.83,57.56
1066,900683,5221,3,106453.74,4.47
1067,901434,5061,-2,114364.12,54.1
1068,900492,5170,5,1727.26,49.06
1069,902243,5179,2,82472.44,57.67
1070,901157,5116,2,90702.12,7.0
1071,902129,5034,2,63870.8,31.08
1072,902434,5294,1,63582.01,54.51
1073,900299,5017,4,26232.21,28.37
1074,900261,5091,3,80187.28,58.91
1075,900465,5138,2,80796.56,18.38
1076,901625,5187,5,12145.65,44.93
1077,901883,5072,1,37232.01,43.37
1078,900216,5274,5,74942.75,54.57
1079,900220,5232,5,41278.25,19.81
1080,900614,5038,5,47468.53,22.87
1081,901023,5283,1,54959.15,47.27
1082,902437,5038,1,47468.53,11.17
1083,901408,5022,1,1440.28,23.56
1084,902426,5222,1,102926.19,51.92
1085,901898,5184,1,87592.35,54.26
1086,902286,5065,4,48996.44,8.59
1087,900453,5080,3,102191.83,0.87
1088,900507,5227,5,113815.27,40.46
1089,900607,5095,4,15883.76,45.0
1090,900158,5017,3,26232.21,36.34
1091,900842,5127,3,97824.02,52.51
1092,901080,5199,1,30309.77,43.69
1093,901987,5237,3,119817.45,16.75
1094,902149,5278,1,37468.84,51.38
1095,901304,5069,2,105305.65,24.22
1096,902102,5296,2,96452.73,59.18
1097,900527,5258,1,61259.59,50.21
1098,901536,5152,3,79424.28,52.26
1099,900117,5096,4,85485.71,8.54
1100,901195,5103,5,27052.85,10.5
1101,901576,5121,1,107893.28,49.81
1102,901559,5134,1,42647.71,1.05
1103,900289,5036,4,70576.95,36.32
1104,902144,5225,1,36637.58,55.23
1105,901293,5042,2,72630.14,52.46
1106,901374,5132,-2,67216.17,11.86
1107,900114,5294,5,63582.01,0.23
1108,901961,5134,2,42647.71,55.22
1109,902020,5255,1,108025.9,34.12
1110,902053,5003,3,83626.26,8.83
1111,901995,5044,4,74370.27,1.62
1112,900403,5257,3,26824.95,33.41
1113,902193,5232,3,41278.25,51.5
1114,900070,5214,5,57360.37,58.72
1115,902172,5019,2,40574.83,29.43
1116,900333,5050,3,114700.68,5.39
1117,901347,5016,-2,13287.02,58.86
1118,900447,5137,1,86344.61,35.91
1119,900956,5159,2,72830.3,12.08
1120,901017,5273,3,10208.71,29.09
1121,902283,5068,4,41767.34,50.45
1122,902229,5172,3,93029.24,47.52
1123,901187,5060,3,55146.38,36.47
1124,902366,5154,5,60914.98,16.88
1125,901305,5091,1,80187.28,46.97
1126,902014,5042,4,72630.14,21.99
1127,900726,5167,1,11501.85,58.75
1128,901406,5018,3,61626.46,17.91
1129,901684,5075,3,56785.86,36.16
1130,900069,5074,5,43510.7,52.29
1131,900534,5226,2,8087.88,37.44
1132,901401,5008,1,32565.72,35.47
1133,902371,5284,3,64048.28,8.52
1134,900278,5107,3,114549.22,51.46
1135,900224,5186,2,61306.4,36.15
1136,902425,5209,2,53353.56,2.29
1137,900789,5106,4,3550.44,43.84
1138,901256,5232,1,41278.25,28.43
1139,901915,5295,5,74905.25,36.37
1140,901288,5015,1,119779.19,17.67
1141,901414,5081,3,1557.7,35.29
1142,901840,5027,4,93544.34,30.27
1143,901033,5117,4,2896.24,50.29
1144,900407,5013,4,6581.67,59.0
1145,900658,5042,1,72630.14,10.15
1146,901881,5016,3,13287.02,47.08
1147,900295,5196,4,70102.22,33.02
1148,900784,5097,5,26980.44,17.03
1149,901182,5182,4,77248.73,26.52
1150,901812,5091,1,80187.28,56.48
1151,901756,5235,1,85451.26,11.84
1152,900012,5019,3,40574.83,9.09
1153,900007,5088,4,17338.8,58.67
1154,900477,5012,4,60290.29,59.42
1155,900385,5196,4,70102.22,17.01
1156,901606,5147,4,56229.64,14.42
1157,902451,5063,5,70810.15,1.37
1158,901470,5233,4,28726.2,55.0
1159,900346,5111,4,69136.06,3.8
1160,901983,5202,1,106411.67,31.17
1161,900413,5231,2,115351.23,20.38
1162,900357,5038,5,47468.53,41.67
1163,901005,5258,5,61259.59,14.85
1164,900912,5035,4,94529.4,59.25
1165,900537,5273,4,10208.71,8.88
1166,900038,5090,1,110957.13,23.27
1167,900357,5237,4,119817.45,17.36
1168,900515,5023,5,94665.29,58.88
1169,901939,5013,4,6581.67,43.69
1170,902269,5246,5,79025.97,59.12
1171,900922,5291,5,6031.69,33.64
1172,901058,5152,2,79424.28,43.82
1173,901715,5275,3,87493.26,29.38
1174,902394,5012,5,60290.29,21.34
1175,900300,5057,2,7303.42,5.51
1176,901579,5132,1,67216.17,46.65
1177,901446,5284,2,64048.28,3.57
1178,902214,5265,1,72194.97,39.85
1179,901785,5191,4,25183.26,6.81
1180,901680,5254,3,116520.08,45.82
1181,900681,5290,4,86584.61,19.95
1182,900768,5264,5,36206.41,56.22
1183,900753,5284,1,64048.28,44.6
1184,900824,5146,3,66808.88,51.34
1185,900734,5073,3,111376.48,6.35
1186,900453,5019,3,40574.83,56.0
1187,900672,5027,2,93544.34,20.41
1188,901082,5298,2,53704.34,5.1
1189,901284,5159,3,72830.3,54.83
1190,901624,5231,3,115351.23,40.15
1191,901387,5211,1,67610.16,5.02
1192,902344,5080,1,102191.83,52.02
1193,900565,5182,3,77248.73,11.15
1194,901206,5137,3,86344.61,21.06
1195,902297,5045,3,32630.52,51.49
1196,901063,5073,5,111376.48,20.69
1197,901537,5202,1,106411.67,26.92
1198,900319,5059,4,53810.88,11.04
1199,901582,5092,1,87491.23,17.19
1200,902136,5055,5,39836.13,19.34
1201,901045,5108,1,13618.58,17.72
1202,902237,5020,2,92776.76,18.49
1203,902227,5015,4,119779.19,21.87
1204,900723,5293,4,38571.51,6.27
1205,902062,5125,3,30260.88,43.4
1206,902233,5252,-2,81400.9,29.53
1207,901707,5132,2,67216.17,30.7
1208,900529,5148,1,105897.4,0.97
1209,900054,5083,5,11704.04,19.6
1210,900295,5192,-1,75042.83,28.67
1211,901539,5174,5,44150.01,23.1
1212,900205,5040,2,100380.24,0.14
1213,902056,5264,2,36206.41,47.46
1214,901220,5285,2,2967.29,10.19
1215,901578,5028,4,75074.9,19.61
1216,902409,5121,5,107893.28,50.62
1217,902003,5268,2,29983.13,28.85
1218,901151,5217,1,118104.27,16.98
1219,902336,5213,4,61331.48,41.74
1220,900608,5127,-1,97824.02,3.41
1221,901529,5238,2,90430.72,47.31
1222,901262,5150,4,114822.4,17.21
1223,902224,5160,2,9138.2,27.91
1224,902411,5176,4,62331.61,32.2
1225,901828,5006,2,104831.05,6.68
1226,901019,5009,2,19808.61,11.22
1227,900242,5221,2,106453.74,29.39
1228,901419,5255,1,108025.9,56.29
1229,901279,5229,4,74603.25,25.16
1230,900155,5060,4,55146.38,34.82
1231,901577,5167,3,11501.85,1.08
1232,900272,5021,4,97294.53,35.27
1233,902313,5141,2,96027.46,38.56
1234,901289,5113,5,22911.17,30.96
1235,901126,5195,5,7009.9,42.38
1236,902496,5173,2,12716.76,51.94
1237,902410,5136,5,70326.62,23.99
1238,902388,5082,5,43272.32,35.15
1239,900066,5055,3,39836.13,4.23
1240,900974,5166,2,94554.28,49.59
1241,902101,5097,3,26980.44,32.76
1242,902183,5280,5,56292.05,7.35
1243,900500,5075,1,56785.86,29.78
1244,900562,5095,1,15883.76,45.5
1245,901746,5100,3,55009.8,47.04
1246,900242,5095,5,15883.76,34.83
1247,901120,5082,-3,43272.32,7.46
1248,902041,5199,4,30309.77,52.54
1249,901362,5218,3,1453.94,12.36
1250,902153,5290,4,86584.61,14.97
1251,900009,5173,4,12716.76,22.17
1252,900067,5049,4,106799.26,24.26
1253,900271,5063,5,70810.15,31.41
1254,900009,5028,3,75074.9,41.01
1255,900517,5063,2,70810.15,5.27
1256,902142,5019,1,40574.83,24.02
1257,900939,5165,4,35309.95,33.26
1258,901308,5270,1,10034.38,46.51
1259,900135,5223,5,71815.17,43.28
1260,900734,5231,3,115351.23,28.13
1261,902175,5112,2,105664.54,39.22
1262,900207,5246,2,79025.97,8.14
1263,900736,5046,2,96884.71,34.17
1264,902219,5104,1,27750.29,29.43
1265,900319,5097,2,26980.44,55.61
1266,901152,5216,3,24759.17,20.16
1267,900911,5007,1,11417.48,17.96
1268,900943,5114,5,23425.82,52.93
1269,900633,5221,1,106453.74,15.2
1270,900832,5093,2,101983.54,35.3
1271,900069,5217,4,118104.27,11.5
1272,902431,5204,3,79686.75,51.63
1273,901079,5096,1,85485.71,5.79
1274,902326,5256,1,43257.45,42.66
1275,900244,5237,5,119817.45,9.13
1276,901742,5111,1,69136.06,23.23
1277,901631,5051,5,1235.66,4.31
1278,901601,5269,4,108088.45,52.69
1279,900253,5233,2,28726.2,33.99
1280,901270,5210,5,8721.3,24.83
1281,900104,5241,1,32381.8,17.21
1282,901788,5246,-1,79025.97,18.1
1283,901519,5022,4,1440.28,49.66
1284,900100,5246,5,79025.97,28.63
1285,901857,5038,3,47468.53,8.11
1286,901952,5248,3,21905.83,18.44
1287,900481,5078,1,64351.16,37.6
1288,900781,5282,3,112040.79,22.74
1289,901967,5125,4,30260.88,45.13
1290,901899,5053,3,12243.73,40.84
1291,900290,5222,3,102926.19,15.77
1292,900129,5276,3,22728.96,10.4
1293,900151,5182,1,77248.73,48.09
1294,900001,5288,4,27273.42,54.15
1295,900913,5171,1,106371.02,57.94
1296,900788,5209,5,53353.56,21.54
1297,900947,5091,1,80187.28,49.62
1298,901926,5127,3,97824.02,24.63
1299,901989,5086,2,94800.96,12.16
1300,902254,5170,4,1727.26,15.32
1301,901727,5117,4,2896.24,19.39
1302,901293,5261,1,57882.25,25.8
1303,901008,5071,5,116581.73,12.77
1304,901007,5239,5,9764.99,34.1
1305,901328,5076,3,74784.63,13.85
1306,900851,5291,1,6031.69,47.61
1307,900707,5036,3,70576.95,58.51
1308,901225,5048,5,114931.19,1.85
1309,902499,5249,1,44047.24,30.9
1310,901836,5204,5,79686.75,36.9
1311,900979,5028,4,75074.9,9.25
1312,900893,5124,4,98656.03,43.25
1313,902048,5090,5,110957.13,47.79
1314,900538,5232,1,41278.25,19.53
1315,900372,5209,5,53353.56,31.59
1316,900199,5106,4,3550.44,16.68
1317,902285,5054,5,107272.03,45.49
1318,901112,5045,5,32630.52,50.15
1319,900529,5265,3,72194.97,0.93
1320,901817,5129,5,13468.82,43.91
1321,901792,5076,2,74784.63,9.64
1322,901317,5296,2,96452.73,33.84
1323,901434,5177,1,90645.31,33.38
1324,900983,5202,5,106411.67,59.99
1325,901348,5060,1,55146.38,48.87
1326,900974,5161,4,54756.46,20.08
1327,900403,5014,5,10581.79,12.08
1328,902358,5039,3,10588.75,48.63
1329,902221,5239,1,9764.99,30.67
1330,901888,5031,2,83287.34,33.79
1331,901967,5177,5,90645.31,10.12
1332,902015,5112,3,105664.54,46.51
1333,901979,5110,5,39631.61,18.5
1334,902261,5161,3,54756.46,54.28
1335,900116,5176,2,62331.61,28.57
1336,900579,5036,1,70576.95,37.28
1337,900193,5181,2,25224.51,36.23
1338,900586,5300,2,103005.86,4.07
1339,901171,5205,5,56789.72,55.09
1340,902342,5276,2,22728.96,18.19
1341,900011,5131,2,24594.48,3.92
1342,902295,5227,4,113815.27,6.35
1343,900467,5277,2,50824.79,2.0
1344,901949,5127,5,97824.02,6.55
1345,901327,5083,1,11704.04,32.2
1346,900876,5074,5,43510.7,54.67
1347,900571,5044,5,74370.27,30.5
1348,902107,5221,2,106453.74,47.89
1349,902293,5227,2,113815.27,22.53
1350,900617,5108,5,13618.58,47.42
1351,900391,5104,5,27750.29,4.89
1352,900800,5046,5,96884.71,4.12
1353,900887,5230,2,24348.69,15.98
1354,900965,5018,1,61626.46,35.56
1355,900365,5075,2,56785.86,53.32
1356,901595,5025,2,110999.09,46.29
1357,900135,5022,1,1440.28,56.42
1358,902479,5230,4,24348.69,59.59
1359,902488,5152,3,79424.28,23.95
1360,902176,5214,4,57360.37,22.03
1361,901907,5224,3,4453.63,20.47
1362,902001,5017,4,26232.21,27.69
1363,901641,5258,5,61259.59,49.9
1364,900550,5155,2,78059.48,47.87
1365,902343,5033,4,76825.5,6.01
1366,901554,5184,3,87592.35,45.66
1367,900345,5114,5,23425.82,55.11
1368,900272,5006,-3,104831.05,23.88
1369,900195,5019,2,40574.83,0.26
1370,900243,5245,5,61609.41,0.53
1371,900404,5230,4,24348.69,35.23
1372,900430,5054,4,107272.03,17.89
1373,901208,5293,3,38571.51,56.9
1374,900147,5197,-3,32308.96,31.63
1375,901844,5227,5,113815.27,25.46
1376,901939,5150,4,114822.4,16.9
1377,902074,5036,3,70576.95,52.6
1378,902059,5070,3,20605.69,30.93
1379,902122,5142,3,94598.18,58.25
1380,901745,5105,1,97076.08,19.19
1381,901946,5203,3,107160.64,17.55
1382,901460,5096,-1,85485.71,11.36
1383,900721,5057,4,7303.42,8.87
1384,901296,5010,4,23845.91,33.68
1385,902134,5008,2,32565.72,18.84
1386,900943,5103,3,27052.85,31.54
1387,901194,5188,1,82788.95,22.25
1388,901040,5194,1,5621.88,20.94
1389,901803,5020,5,92776.76,37.51
1390,901575,5233,2,28726.2,58.55
1391,901909,5172,3,93029.24,19.21
1392,900240,5240,4,68484.84,6.46
1393,901345,5250,-1,84169.66,52.78
1394,900994,5213,1,61331.48,39.56
1395,900617,5181,4,25224.51,54.81
1396,901294,5002,3,4452.46,49.81
1397,901774,5181,5,25224.51,23.23
1398,900428,5075,1,56785.86,5.82
1399,900760,5131,4,24594.48,11.88
1400,901036,5209,3,53353.56,27.82
1401,900721,5174,4,44150.01,31.59
1402,900743,5063,2,70810.15,45.68
1403,901862,5251,2,39474.25,46.63
1404,901837,5011,5,15384.54,6.03
1405,900463,5019,1,40574.83,45.97
1406,902353,5063,4,70810.15,25.31
1407,900026,5181,4,25224.51,36.36
1408,900151,5029,4,86135.7,41.42
1409,901913,5274,4,74942.75,30.21
1410,900324,5200,3,13509.97,12.59
1411,900911,5178,1,14331.9,33.86
1412,900746,5051,2,1235.66,52.28
1413,900959,5014,3,10581.79,19.29
1414,901497,5049,5,106799.26,33.7
1415,901623,5246,2,79025.97,57.07
1416,900338,5160,5,9138.2,48.09
1417,902169,5045,4,32630.52,5.11
1418,902432,5151,5,3710.99,13.55
1419,902095,5041,2,72519.0,27.81
1420,901094,5080,-2,102191.83,2.53
1421,901069,5014,3,10581.79,4.7
1422,901839,5167,4,11501.85,36.96
1423,902042,5089,5,34755.83,35.1
1424,901481,5027,1,93544.34,12.43
1425,901899,5058,2,117147.39,43.29
1426,901643,5249,5,44047.24,17.79
1427,901971,5166,5,94554.28,2.45
1428,901442,5152,1,79424.28,3.55
1429,900150,5030,3,115895.1,43.75
1430,902332,5146,1,66808.88,46.68
1431,902396,5297,2,57306.08,49.29
1432,902056,5229,1,74603.25,5.47
1433,900707,5243,2,8603.58,47.38
1434,902118,5205,1,56789.72,8.35
1435,900190,5278,4,37468.84,22.36
1436,901217,5072,5,37232.01,13.09
1437,902334,5115,3,94859.99,3.3
1438,901907,5036,1,70576.95,26.44
1439,902261,5024,2,20181.17,42.1
1440,901602,5194,1,5621.88,18.45
1441,901543,5046,5,96884.71,44.67
1442,902172,5120,1,5452.35,44.0
1443,902256,5214,-1,57360.37,24.74
1444,900377,5129,1,13468.82,41.01
1445,902387,5119,5,19763.13,23.03
1446,902081,5277,2,50824.79,33.12
1447,900159,5117,1,2896.24,33.74
1448,902182,5131,2,24594.48,35.0
1449,901708,5083,-2,11704.04,23.22
1450,900610,5251,1,39474.25,10.93
1451,900874,5293,1,38571.51,48.4
1452,901121,5181,3,25224.51,9.86
1453,900599,5115,1,94859.99,56.6
1454,900203,5087,4,96717.04,29.56
1455,902169,5171,2,106371.02,42.25
1456,900201,5044,4,74370.27,36.19
1457,901534,5114,2,23425.82,7.02
1458,900946,5016,4,13287.02,22.95
1459,901899,5246,4,79025.97,38.18
1460,900856,5215,-2,15938.21,46.88
1461,901766,5255,5,108025.9,49.66
1462,901713,5219,4,4011.36,3.49
1463,900147,5183,1,8291.64,56.51
1464,900321,5073,3,111376.48,2.41
1465,900096,5263,5,76205.22,52.18
1466,900106,5281,2,79665.06,59.95
1467,901141,5191,1,25183.26,45.6
1468,901778,5211,5,67610.16,36.23
1469,900057,5045,4,32630.52,20.47
1470,900570,5279,5,70408.01,33.16
1471,900400,5245,3,61609.41,27.47
1472,901076,5016,4,13287.02,10.39
1473,901934,5029,1,86135.7,32.02
1474,902283,5151,2,3710.99,30.13
1475,902300,5034,5,63870.8,13.38
1476,901216,5095,3,15883.76,31.52
1477,902072,5279,5,70408.01,29.78
1478,900423,5166,3,94554.28,2.1
1479,900219,5287,1,37439.79,20.45
1480,901282,5203,2,107160.64,18.31
1481,901188,5258,2,61259.59,15.4
1482,901144,5254,1,116520.08,12.46
1483,901987,5254,1,116520.08,7.26
1484,900489,5248,2,21905.83,36.88
1485,901036,5048,4,114931.19,50.11
1486,901613,5251,3,39474.25,27.98
1487,900533,5149,3,63562.75,21.5
1488,900727,5209,4,53353.56,1.04
1489,901666,5220,2,16844.95,34.11
1490,900444,5178,1,14331.9,7.3
1491,900307,5214,5,57360.37,9.72
1492,900590,5040,2,100380.24,6.97
1493,901303,5088,5,17338.8,22.15
1494,900392,5228,2,61471.6,38.19
1495,900311,5298,5,53704.34,2.82
1496,901319,5005,5,112994.23,46.12
1497,901139,5252,3,81400.9,34.07
1498,901219,5297,-1,57306.08,43.77
1499,900520,5232,3,41278.25,3.03
1500,902310,5249,3,44047.24,40.73
1501,900029,5215,4,15938.21,42.2
1502,901160,5222,1,102926.19,19.18
1503,900450,5006,1,104831.05,11.54
1504,900739,5032,2,99919.93,35.47
1505,900037,5149,1,63562.75,41.93
1506,900786,5262,1,14189.52,26.72
1507,900555,5021,1,97294.53,48.14
1508,901512,5085,1,83088.08,57.54
1509,900431,5299,1,92332.41,57.2
1510,902500,5069,4,105305.65,20.78
1511,901535,5134,2,42647.71,53.97
1512,900764,5043,3,25756.79,0.9
1513,900998,5267,3,3632.67,57.12
1514,901172,5253,2,94315.04,1.28
1515,900013,5069,2,105305.65,39.44
1516,901411,5228,5,61471.6,5.8
1517,902128,5048,1,114931.19,34.19
1518,901966,5260,5,42778.37,27.76
1519,902404,5171,3,106371.02,22.28
1520,901654,5276,5,22728.96,50.68
1521,900269,5234,2,31052.99,4.76
1522,900092,5155,2,78059.48,47.96
1523,901279,5031,5,83287.34,24.34
1524,900118,5255,3,108025.9,20.06
1525,901560,5161,5,54756.46,9.83
1526,900686,5003,5,83626.26,25.19
1527,901698,5175,5,63780.57,7.91
1528,900152,5047,2,5126.37,43.12
1529,901557,5254,2,116520.08,0.89
1530,900156,5207,2,58272.74,37.65
1531,900893,5236,3,14596.22,49.21
1532,901005,5278,5,37468.84,39.88
1533,900335,5146,4,66808.88,32.02
1534,901275,5136,5,70326.62,2.38
1535,901574,5106,4,3550.44,32.11
1536,902458,5010,5,23845.91,1.39
1537,901529,5010,5,23845.91,48.44
1538,900889,5281,2,79665.06,7.95
1539,901281,5012,3,60290.29,8.35
1540,900652,5228,3,61471.6,18.7
1541,901847,5058,2,117147.39,12.65
1542,900116,5043,2,25756.79,5.91
1543,900914,5083,5,11704.04,27.56
1544,902177,5200,2,13509.97,56.22
1545,900334,5143,3,77786.21,29.53
1546,900401,5145,4,48327.63,43.99
1547,900254,5240,5,68484.84,45.81
1548,902246,5029,-3,86135.7,54.26
1549,901012,5259,3,9473.59,56.78
1550,900808,5247,4,23243.3,23.63
1551,900086,5010,3,23845.91,30.97
1552,902319,5230,2,24348.69,15.53
1553,901568,5003,3,83626.26,25.11
1554,900558,5280,5,56292.05,46.78
1555,901227,5244,1,63596.53,16.73
1556,900784,5239,5,9764.99,56.63
1557,901370,5086,3,94800.96,26.67
1558,901606,5098,4,116982.74,3.42
1559,900022,5075,3,56785.86,15.58
1560,901189,5115,3,94859.99,4.23
1561,901544,5034,1,63870.8,35.64
1562,902157,5300,1,103005.86,40.04
1563,900393,5157,4,10677.82,20.61
1564,902228,5088,1,17338.8,18.41
1565,902059,5262,5,14189.52,50.69
1566,902301,5234,3,31052.99,52.58
1567,901435,5065,4,48996.44,59.67
1568,900708,5100,5,55009.8,50.88
1569,901437,5255,1,108025.9,6.2
1570,901781,5093,4,101983.54,10.94
1571,901356,5164,2,51778.22,35.52
1572,900267,5253,5,94315.04,31.59
1573,901997,5263,5,76205.22,49.7
1574,900914,5287,5,37439.79,3.27
1575,900544,5200,5,13509.97,17.91
1576,900131,5147,2,56229.64,4.99
1577,902178,5215,5,15938.21,56.97
1578,900428,5089,3,34755.83,5.52
1579,900128,5232,2,41278.25,48.05
1580,901497,5183,-1,8291.64,56.87
1581,901969,5112,3,105664.54,27.49
1582,901632,5177,4,90645.31,41.71
1583,902129,5046,5,96884.71,26.87
1584,901023,5083,1,11704.04,49.42
1585,900481,5120,2,5452.35,51.9
1586,902360,5122,1,102996.42,35.07
1587,902438,5283,4,54959.15,48.26
1588,901800,5240,4,68484.84,42.21
1589,901724,5092,4,87491.23,32.5
1590,901531,5211,1,67610.16,49.34
1591,902467,5165,5,35309.95,32.64
1592,901151,5057,3,7303.42,59.26
1593,901199,5299,4,92332.41,57.13
1594,901119,5225,-1,36637.58,11.78
1595,900793,5012,5,60290.29,51.62
1596,902127,5083,-2,11704.04,31.33
1597,900300,5049,4,106799.26,8.3
1598,901068,5241,4,32381.8,21.34
1599,900143,5063,1,70810.15,53.55
1600,901023,5188,2,82788.95,44.81
1601,902102,5053,4,12243.73,12.12
1602,902293,5270,4,10034.38,2.38
1603,900766,5212,5,51907.75,37.46
1604,902112,5210,1,8721.3,9.45
1605,901912,5092,5,87491.23,1.23
1606,900496,5148,3,105897.4,39.29
1607,902113,5056,2,79390.52,20.04
1608,901183,5180,2,30966.92,8.86
1609,902493,5156,5,13381.53,14.69
1610,900017,5159,2,72830.3,36.13
1611,901632,5145,5,48327.63,56.54
1612,901112,5184,4,87592.35,24.72
1613,900869,5117,1,2896.24,26.11
1614,902384,5238,5,90430.72,28.25
1615,901310,5108,3,13618.58,38.03
1616,902165,5032,3,99919.93,36.61
1617,900798,5177,2,90645.31,23.97
1618,902044,5275,5,87493.26,56.5
1619,901153,5299,5,92332.41,34.54
1620,901911,5255,3,108025.9,27.45
1621,900863,5130,-3,99662.88,40.09
1622,901633,5257,3,26824.95,26.21
1623,900011,5019,5,40574.83,31.48
1624,901799,5049,-1,106799.26,36.15
1625,901314,5201,2,45785.64,39.09
1626,902385,5111,4,69136.06,14.77
1627,900776,5266,5,71522.44,18.28
1628,900109,5138,1,80796.56,22.56
1629,901941,5281,4,79665.06,33.93
1630,900080,5254,2,116520.08,32.37
1631,901304,5003,1,83626.26,19.49
1632,902438,5041,5,72519.0,12.17
1633,902367,5065,5,48996.44,46.14
1634,901779,5288,3,27273.42,44.52
1635,900062,5011,5,15384.54,54.65
1636,901260,5164,1,51778.22,44.86
1637,901740,5022,3,1440.28,3.16
1638,901172,5184,5,87592.35,18.42
1639,901052,5297,5,57306.08,58.5
1640,902436,5042,4,72630.14,2.33
1641,902097,5183,5,8291.64,41.15
1642,900552,5219,4,4011.36,3.95
1643,901368,5044,4,74370.27,18.23
1644,902455,5125,3,30260.88,8.2
1645,901510,5059,4,53810.88,5.43
1646,902455,5051,4,1235.66,44.55
1647,901394,5137,1,86344.61,20.04
1648,900061,5176,3,62331.61,52.04
1649,901221,5221,3,106453.74,35.28
1650,902463,5105,2,97076.08,4.13
1651,901680,5110,2,39631.61,31.09
1652,901214,5166,1,94554.28,53.18
1653,902085,5189,3,103377.72,20.43
1654,901237,5240,5,68484.84,11.67
1655,900797,5034,5,63870.8,20.36
1656,900892,5039,3,10588.75,40.49
1657,901347,5004,3,9286.56,0.86
1658,902190,5215,3,15938.21,6.02
1659,901152,5215,3,15938.21,38.14
1660,901761,5162,3,25417.46,13.03
1661,901115,5193,5,19090.57,21.84
1662,900927,5222,-2,102926.19,19.72
1663,900550,5199,1,30309.77,30.97
1664,900834,5049,1,106799.26,38.02
1665,900849,5142,1,94598.18,4.81
1666,901324,5096,3,85485.71,4.66
1667,900273,5214,5,57360.37,58.68
1668,902318,5034,2,63870.8,46.04
1669,901026,5047,1,5126.37,2.03
1670,900377,5009,5,19808.61,45.59
1671,901429,5088,1,17338.8,1.01
1672,902184,5244,5,63596.53,5.46
1673,900174,5001,5,13687.43,28.79
1674,900689,5127,4,97824.02,16.32
1675,900355,5178,1,14331.9,47.65
1676,901493,5243,4,8603.58,9.2
1677,901256,5238,5,90430.72,27.2
1678,901569,5134,3,42647.71,58.67
1679,902094,5060,5,55146.38,56.99
1680,900259,5025,3,110999.09,39.31
1681,901873,5291,3,6031.69,15.91
1682,901239,5090,4,110957.13,54.91
1683,900220,5154,5,60914.98,42.01
1684,900145,5079,1,43624.56,43.98
1685,901097,5045,5,32630.52,45.12
1686,901454,5005,1,112994.23,37.25
1687,900662,5023,3,94665.29,38.26
1688,901759,5159,3,72830.3,7.72
1689,902097,5143,4,77786.21,39.39
1690,902197,5194,2,5621.88,12.34
1691,900723,5147,4,56229.64,23.97
1692,902445,5033,4,76825.5,48.42
1693,901682,5042,3,72630.14,41.26
1694,902291,5179,1,82472.44,56.86
1695,900334,5269,3,108088.45,9.29
1696,901024,5117,1,2896.24,29.22
1697,900354,5300,1,103005.86,25.15
1698,900110,5115,5,94859.99,12.18
1699,902249,5074,-1,43510.7,22.43
1700,901075,5244,5,63596.53,55.26
1701,902264,5273,4,10208.71,9.82
1702,900519,5102,4,96913.93,6.21
1703,900966,5268,2,29983.13,51.65
1704,901844,5029,4,86135.7,4.44
1705,901378,5229,4,74603.25,51.95
1706,900279,5281,2,79665.06,18.56
1707,901503,5108,1,13618.58,22.26
1708,901976,5056,4,79390.52,51.6
1709,900627,5042,3,72630.14,8.18
1710,901587,5256,2,43257.45,40.26
1711,902104,5275,5,87493.26,46.65
1712,901729,5048,1,114931.19,25.72
1713,901944,5274,4,74942.75,28.16
1714,902494,5006,1,104831.05,16.37
1715,902234,5129,5,13468.82,15.95
1716,901150,5241,1,32381.8,44.95
1717,900629,5207,3,58272.74,3.94
1718,902193,5078,4,64351.16,0.53
1719,901606,5213,1,61331.48,49.85
1720,901029,5014,3,10581.79,5.02
1721,901234,5014,3,10581.79,7.14
1722,901892,5078,3,64351.16,43.36
1723,901584,5300,1,103005.86,29.48
1724,901637,5160,4,9138.2,43.66
1725,900660,5180,3,30966.92,13.36
1726,901762,5016,4,13287.02,44.02
1727,902398,5069,1,105305.65,31.74
1728,900185,5162,1,25417.46,7.8
1729,900445,5100,3,55009.8,12.35
1730,902301,5054,5,107272.03,17.08
1731,901344,5265,2,72194.97,24.48
1732,901835,5227,1,113815.27,15.98
1733,901551,5140,2,109096.85,55.74
1734,901973,5179,3,82472.44,15.79
1735,901611,5300,4,103005.86,53.81
1736,901411,5239,4,9764.99,35.76
1737,902210,5112,1,105664.54,9.22
1738,900626,5030,2,115895.1,11.88
1739,900883,5262,3,14189.52,34.49
1740,901041,5168,1,78534.08,28.19
1741,900756,5033,3,76825.5,26.97
1742,900103,5047,3,5126.37,53.33
1743,901135,5146,1,66808.88,8.95
1744,900036,5044,4,74370.27,19.45
1745,900082,5130,4,99662.88,40.98
1746,900357,5235,3,85451.26,14.7
1747,901154,5015,4,119779.19,8.47
1748,902455,5205,3,56789.72,1.23
1749,901252,5022,5,1440.28,28.13
1750,900861,5081,2,1557.7,26.34
1751,900502,5218,1,1453.94,16.63
1752,900960,5172,3,93029.24,23.36
1753,900833,5168,4,78534.08,5.75
1754,901131,5164,2,51778.22,56.61
1755,902076,5259,4,9473.59,29.57
1756,901868,5264,1,36206.41,6.84
1757,901206,5122,1,102996.42,20.66
1758,900383,5267,5,3632.67,18.37
1759,901845,5160,2,9138.2,34.5
1760,901262,5288,2,27273.42,59.11
1761,902351,5122,3,102996.42,25.94
1762,900831,5002,2,4452.46,51.0
1763,900360,5259,1,9473.59,52.32
1764,901702,5132,5,67216.17,5.85
1765,900685,5123,3,10066.49,46.59
1766,902023,5271,1,40342.53,58.49
1767,900659,5271,2,40342.53,40.36
1768,901141,5249,4,44047.24,25.85
1769,901489,5281,2,79665.06,47.14
1770,902413,5261,3,57882.25,35.84
1771,901484,5026,4,119675.66,31.84
1772,901275,5196,1,70102.22,29.87
1773,902076,5129,5,13468.82,46.44
1774,901150,5063,4,70810.15,12.85
1775,900989,5055,1,39836.13,49.03
1776,900811,5111,3,69136.06,36.07
1777,900153,5119,4,19763.13,25.58
1778,901721,5213,4,61331.48,9.75
1779,902147,5202,1,106411.67,23.02
1780,901221,5087,5,96717.04,59.4
1781,900334,5170,1,1727.26,7.24
1782,901364,5253,3,94315.04,4.21
1783,902374,5212,3,51907.75,41.11
1784,902440,5298,5,53704.34,35.62
1785,900006,5124,1,98656.03,38.27
1786,900045,5103,4,27052.85,29.16
1787,902291,5032,3,99919.93,35.52
1788,900468,5283,1,54959.15,16.86
1789,902224,5214,-1,57360.37,54.57
1790,901972,5202,1,106411.67,0.76
1791,900062,5243,2,8603.58,23.86
1792,902047,5281,3,79665.06,52.78
1793,900848,5191,5,25183.26,59.19
1794,902124,5140,3,109096.85,57.57
1795,900985,5268,2,29983.13,17.12
1796,900411,5297,1,57306.08,56.41
1797,901253,5002,3,4452.46,12.27
1798,901093,5281,2,79665.06,21.75
1799,902353,5264,4,36206.41,44.68
1800,901835,5224,3,4453.63,25.58
1801,901462,5182,1,77248.73,16.8
1802,900937,5185,1,17196.52,20.31
1803,902406,5124,5,98656.03,32.5
1804,901207,5249,3,44047.24,51.44
1805,900263,5253,3,94315.04,27.49
1806,900683,5044,4,74370.27,45.86
1807,901779,5159,3,72830.3,45.85
1808,900797,5271,5,40342.53,33.37
1809,900981,5117,4,2896.24,22.71
1810,901668,5117,5,2896.24,24.94
1811,901126,5039,5,10588.75,50.27
1812,901610,5009,-1,19808.61,36.05
1813,901557,5123,3,10066.49,1.78
1814,900877,5082,5,43272.32,46.24
1815,902225,5289,5,115051.33,38.02
1816,900258,5239,1,9764.99,29.11
1817,902417,5196,4,70102.22,27.07
1818,900425,5169,1,119312.69,8.82
1819,900327,5273,5,10208.71,7.67
1820,900296,5079,1,43624.56,52.03
1821,901292,5294,4,63582.01,30.22
1822,901905,5086,1,94800.96,46.79
1823,900758,5164,4,51778.22,27.16
1824,900064,5054,5,107272.03,49.59
1825,901116,5277,4,50824.79,41.8
1826,902398,5205,2,56789.72,26.41
1827,901069,5128,4,19440.46,45.88
1828,902238,5125,5,30260.88,16.83
1829,902094,5020,3,92776.76,24.95
1830,901308,5177,2,90645.31,7.73
1831,901581,5298,1,53704.34,22.88
1832,900823,5085,2,83088.08,1.5
1833,901565,5264,1,36206.41,55.01
1834,901303,5278,3,37468.84,5.77
1835,901673,5155,3,78059.48,9.19
1836,901551,5229,5,74603.25,10.82
1837,901859,5145,1,48327.63,26.96
1838,901304,5129,2,13468.82,35.15
1839,900240,5039,5,10588.75,39.47
1840,900958,5001,1,13687.43,39.28
1841,902186,5282,5,112040.79,58.48
1842,900077,5027,2,93544.34,56.08
1843,902370,5144,3,24135.92,12.83
1844,900901,5233,5,28726.2,38.16
1845,901586,5105,3,97076.08,12.91
1846,900839,5116,3,90702.12,59.74
1847,900452,5147,2,56229.64,41.4
1848,901292,5095,4,15883.76,36.74
1849,901511,5082,4,43272.32,49.94
1850,901480,5086,2,94800.96,20.58
1851,900053,5045,2,32630.52,35.38
1852,900886,5028,5,75074.9,8.42
1853,902328,5045,4,32630.52,16.69
1854,900513,5247,2,23243.3,31.58
1855,900698,5062,4,110172.41,24.29
1856,901004,5292,3,75588.15,50.28
1857,901142,5161,4,54756.46,59.2
1858,900660,5088,3,17338.8,7.43
1859,900933,5026,3,119675.66,55.21
1860,901970,5060,5,55146.38,11.41
1861,901124,5262,1,14189.52,21.11
1862,900050,5261,5,57882.25,43.2
1863,901626,5161,4,54756.46,16.69
1864,901892,5141,5,96027.46,44.79
1865,900425,5204,1,79686.75,46.57
1866,901686,5066,3,116953.98,21.08
1867,900778,5130,4,99662.88,27.24
1868,901783,5280,-2,56292.05,58.54
1869,901854,5144,2,24135.92,39.03
1870,900875,5271,3,40342.53,59.32
1871,901442,5086,2,94800.96,19.66
1872,902495,5215,3,15938.21,15.82
1873,901107,5219,5,4011.36,58.85
1874,902273,5136,2,70326.62,22.59
1875,901329,5030,1,115895.1,37.68
1876,901478,5071,4,116581.73,32.95
1877,902294,5053,2,12243.73,32.82
1878,900627,5191,3,25183.26,18.43
1879,900882,5176,5,62331.61,27.36
1880,901064,5290,2,86584.61,41.03
1881,900619,5122,5,102996.42,36.58
1882,900430,5245,4,61609.41,51.27
1883,900086,5247,1,23243.3,37.2
1884,901551,5206,4,66702.53,1.98
1885,901538,5056,-3,79390.52,21.15
1886,902052,5074,5,43510.7,32.35
1887,900138,5152,1,79424.28,25.8
1888,900506,5151,1,3710.99,43.41
1889,902047,5165,1,35309.95,42.54
1890,901936,5161,4,54756.46,24.78
1891,900146,5189,2,103377.72,7.05
1892,901616,5078,5,64351.16,32.65
1893,901541,5250,1,84169.66,4.36
1894,901389,5008,3,32565.72,21.56
1895,900478,5032,4,99919.93,31.2
1896,900365,5084,5,36937.64,27.12
1897,901676,5200,3,13509.97,3.04
1898,900637,5199,5,30309.77,1.6
1899,901297,5109,2,49172.01,7.87
1900,901747,5267,5,3632.67,49.6
1901,901550,5137,1,86344.61,17.94
1902,900911,5141,1,96027.46,52.41
1903,900667,5146,5,66808.88,16.8
1904,902405,5152,2,79424.28,26.74
1905,900257,5235,5,85451.26,0.67
1906,902131,5016,4,13287.02,14.73
1907,900811,5152,4,79424.28,32.58
1908,901734,5155,4,78059.48,11.45
1909,900248,5137,2,86344.61,14.06
1910,900188,5113,1,22911.17,4.31
1911,900039,5061,-3,114364.12,41.19
1912,901710,5218,1,1453.94,24.65
1913,901696,5124,2,98656.03,8.33
1914,902234,5283,4,54959.15,13.74
1915,901339,5298,5,53704.34,29.32
1916,900156,5178,4,14331.9,40.37
1917,900644,5157,2,10677.82,15.84
1918,900774,5150,2,114822.4,42.28
1919,901983,5108,-1,13618.58,9.44
1920,901304,5168,2,78534.08,47.97
1921,901538,5218,2,1453.94,14.86
1922,901558,5208,2,7426.61,9.88
1923,901462,5093,1,101983.54,20.06
1924,901535,5297,3,57306.08,18.37
1925,900893,5237,1,119817.45,16.53
1926,900383,5111,4,69136.06,11.87
1927,900778,5014,5,10581.79,54.56
1928,900197,5028,3,75074.9,34.41
1929,900207,5067,3,39005.62,41.22
1930,901637,5032,5,99919.93,39.45
1931,902194,5284,2,64048.28,4.94
1932,901867,5182,1,77248.73,57.85
1933,900108,5119,3,19763.13,22.53
1934,901957,5114,3,23425.82,5.72
1935,902302,5038,3,47468.53,45.86
1936,901039,5028,3,75074.9,58.61
1937,902108,5194,2,5621.88,58.48
1938,901396,5052,5,54630.3,58.07
1939,901365,5109,3,49172.01,9.85
1940,900676,5172,1,93029.24,26.89
1941,902410,5004,3,9286.56,32.41
1942,901156,5289,2,115051.33,1.31
1943,901341,5244,3,63596.53,10.95
1944,902306,5069,2,105305.65,24.27
1945,900900,5086,3,94800.96,35.53
1946,901711,5073,2,111376.48,20.01
1947,901681,5081,4,1557.7,24.71
1948,902407,5144,4,24135.92,47.32
1949,902358,5037,4,112000.42,13.98
1950,902062,5109,1,49172.01,27.22
1951,901589,5269,1,108088.45,21.88
1952,900691,5163,5,86042.99,47.71
1953,901190,5147,4,56229.64,57.64
1954,901689,5041,1,72519.0,18.21
1955,900071,5203,1,107160.64,41.35
1956,901138,5281,5,79665.06,50.01
1957,900966,5047,4,5126.37,28.0
1958,900104,5051,3,1235.66,46.61
1959,900103,5081,2,1557.7,20.11
1960,900678,5096,1,85485.71,26.28
1961,902159,5195,1,7009.9,52.77
1962,900630,5281,5,79665.06,41.79
1963,900764,5248,5,21905.83,0.22
1964,902430,5270,3,10034.38,4.51
1965,901414,5149,4,63562.75,59.3
1966,901621,5294,4,63582.01,0.09
1967,901368,5161,3,54756.46,35.73
1968,901400,5295,5,74905.25,42.24
1969,900648,5013,4,6581.67,34.46
1970,900942,5158,3,32988.73,25.18
1971,902445,5128,-2,19440.46,47.59
1972,900395,5133,5,108501.12,11.04
1973,902238,5198,1,86758.57,6.41
1974,900462,5240,1,68484.84,40.92
1975,901324,5120,4,5452.35,52.03
1976,900983,5225,1,36637.58,57.24
1977,900304,5220,5,16844.95,40.35
1978,900674,5287,2,37439.79,35.02
1979,901990,5192,4,75042.83,50.93
1980,900217,5276,3,22728.96,3.8
1981,900121,5214,5,57360.37,12.94
1982,901957,5283,-2,54959.15,16.93
1983,902199,5234,1,31052.99,57.77
1984,900367,5251,5,39474.25,50.61
1985,900756,5129,5,13468.82,54.05
1986,900262,5018,2,61626.46,11.43
1987,900193,5293,2,38571.51,52.7
1988,902431,5037,3,112000.42,52.49
1989,900784,5289,4,115051.33,21.94
1990,900763,5266,2,71522.44,13.0
1991,901005,5096,1,85485.71,43.76
1992,900186,5049,1,106799.26,55.26
1993,901246,5211,1,67610.16,20.66
1994,902495,5106,4,3550.44,48.74
1995,902235,5256,2,43257.45,38.79
1996,902424,5134,4,42647.71,43.39
1997,900915,5031,4,83287.34,3.05
1998,900010,5029,5,86135.7,3.1
1999,900950,5275,5,87493.26,14.9
2000,902261,5063,3,70810.15,10.02
2001,901698,5294,1,63582.01,45.47
2002,902430,5264,4,36206.41,25.02
2003,901778,5088,1,17338.8,8.2
2004,902429,5089,5,34755.83,45.84
2005,901461,5264,4,36206.41,45.88
2006,901146,5074,4,43510.7,19.8
2007,900101,5141,5,96027.46,30.96
2008,900918,5079,1,43624.56,36.28
2009,902018,5290,1,86584.61,31.35
2010,901131,5263,1,76205.22,53.54
2011,902018,5254,-2,116520.08,43.55
2012,901567,5253,5,94315.04,58.99
2013,900632,5190,4,24845.29,26.55
2014,900144,5270,3,10034.38,26.62
2015,900138,5082,2,43272.32,10.14
2016,901711,5138,2,80796.56,46.32
2017,900446,5096,3,85485.71,42.36
2018,900026,5166,5,94554.28,10.8
2019,901204,5043,1,25756.79,15.81
2020,902040,5259,1,9473.59,0.27
2021,900551,5209,4,53353.56,4.12
2022,900563,5047,3,5126.37,22.91
2023,900115,5034,1,63870.8,35.79
2024,902302,5070,4,20605.69,15.37
2025,901968,5111,4,69136.06,26.27
2026,900739,5254,-2,116520.08,26.82
2027,900289,5045,1,32630.52,58.52
2028,902276,5114,5,23425.82,22.88
2029,901509,5244,4,63596.53,26.31
2030,901146,5289,-3,115051.33,20.33
2031,900547,5043,3,25756.79,12.71
2032,902056,5265,2,72194.97,52.27
2033,901533,5109,4,49172.01,22.04
2034,900833,5282,1,112040.79,51.18
2035,901194,5040,1,100380.24,33.85
2036,901969,5024,3,20181.17,39.05
2037,901378,5270,5,10034.38,56.78
2038,901438,5082,3,43272.32,59.41
2039,901962,5095,1,15883.76,4.97
2040,901418,5300,5,103005.86,24.65
2041,901550,5137,5,86344.61,38.91
2042,901824,5057,4,7303.42,56.6
2043,901266,5011,2,15384.54,10.82
2044,901341,5116,2,90702.12,48.24
2045,902222,5075,-1,56785.86,56.31
2046,901569,5003,3,83626.26,44.29
2047,901339,5096,5,85485.71,13.2
2048,900316,5066,4,116953.98,30.41
2049,900027,5005,1,112994.23,57.69
2050,901437,5018,2,61626.46,46.29
2051,901752,5215,4,15938.21,59.08
2052,900161,5124,5,98656.03,37.51
2053,901332,5110,1,39631.61,44.35
2054,901963,5105,4,97076.08,28.52
2055,900369,5257,5,26824.95,18.79
2056,900481,5296,2,96452.73,32.41
2057,901244,5261,5,57882.25,1.96
2058,900753,5061,3,114364.12,59.45
2059,902359,5258,5,61259.59,23.86
2060,900830,5041,4,72519.0,30.11
2061,901279,5280,3,56292.05,58.75
2062,900767,5281,1,79665.06,34.21
2063,901075,5177,5,90645.31,14.9
2064,901261,5007,2,11417.48,58.91
2065,901041,5096,4,85485.71,13.36
2066,901249,5120,3,5452.35,0.95
2067,901024,5291,2,6031.69,22.9
2068,901136,5185,3,17196.52,57.04
2069,902295,5079,1,43624.56,6.86
2070,902015,5078,4,64351.16,50.95
2071,902385,5263,3,76205.22,50.4
2072,900708,5111,1,69136.06,8.13
2073,901543,5299,2,92332.41,9.85
2074,901330,5112,3,105664.54,0.22
2075,901872,5146,1,66808.88,6.83
2076,900380,5229,2,74603.25,13.95
2077,902054,5056,1,79390.52,3.26
2078,901190,5155,3,78059.48,48.15
2079,900946,5066,3,116953.98,10.37
2080,901228,5093,1,101983.54,57.76
2081,900457,5085,4,83088.08,17.64
2082,901029,5189,-2,103377.72,8.06
2083,900101,5020,2,92776.76,40.62
2084,902359,5215,1,15938.21,34.07
2085,901069,5292,4,75588.15,38.84
2086,901374,5093,4,101983.54,50.85
2087,900681,5200,1,13509.97,56.27
2088,901013,5188,5,82788.95,41.51
2089,902077,5073,5,111376.48,11.38
2090,902016,5138,5,80796.56,3.6
2091,902237,5275,5,87493.26,14.73
2092,902074,5064,2,35046.88,12.78
2093,900432,5177,1,90645.31,15.91
2094,900107,5284,3,64048.28,11.52
2095,902314,5116,3,90702.12,39.42
2096,901343,5069,5,105305.65,33.17
2097,900342,5044,4,74370.27,44.58
2098,900125,5181,4,25224.51,17.43
2099,901939,5242,5,109785.9,4.41
2100,900667,5185,2,17196.52,8.76
2101,900284,5275,4,87493.26,42.46
2102,901820,5266,5,71522.44,38.03
2103,901171,5216,1,24759.17,6.5
2104,901315,5013,2,6581.67,13.29
2105,900644,5208,5,7426.61,22.69
2106,901626,5236,3,14596.22,2.8
2107,902004,5094,5,34020.23,35.44
2108,901166,5152,4,79424.28,56.64
2109,901228,5118,2,50237.09,39.7
2110,901645,5086,3,94800.96,38.58
2111,901462,5069,1,105305.65,54.01
2112,900513,5031,5,83287.34,41.23
2113,900436,5007,5,11417.48,45.93
2114,901668,5222,1,102926.19,27.66
2115,900197,5229,2,74603.25,55.9
2116,901738,5296,2,96452.73,36.83
2117,900512,5130,2,99662.88,57.86
2118,902422,5080,-3,102191.83,9.58
2119,900989,5270,4,10034.38,22.62
2120,902395,5208,2,7426.61,35.57
2121,900406,5263,3,76205.22,51.66
2122,901033,5215,4,15938.21,27.41
2123,901849,5074,4,43510.7,15.84
2124,901537,5084,-1,36937.64,51.16
2125,901652,5158,2,32988.73,24.29
2126,902281,5172,2,93029.24,33.65
2127,900490,5241,5,32381.8,39.84
2128,900838,5086,4,94800.96,42.84
2129,901675,5242,2,109785.9,45.24
2130,900465,5192,1,75042.83,49.45
2131,901603,5143,2,77786.21,47.73
2132,901878,5262,1,14189.52,11.72
2133,902475,5175,3,63780.57,0.45
2134,901533,5093,2,101983.54,1.54
2135,900329,5170,3,1727.26,2.95
2136,900587,5179,5,82472.44,48.58
2137,901138,5075,3,56785.86,4.56
2138,900982,5116,4,90702.12,42.02
2139,902099,5025,2,110999.09,54.94
2140,902074,5026,1,119675.66,6.19
2141,900966,5204,3,79686.75,42.23
2142,900660,5173,5,12716.76,21.87
2143,901894,5222,1,102926.19,20.77
2144,900048,5258,-3,61259.59,27.61
2145,901645,5152,5,79424.28,1.89
2146,900160,5238,4,90430.72,43.96
2147,900692,5107,2,114549.22,49.92
2148,901798,5033,5,76825.5,3.49
2149,901911,5106,3,3550.44,44.71
2150,900788,5257,3,26824.95,21.62
2151,900267,5184,2,87592.35,32.42
2152,901081,5092,2,87491.23,24.73
2153,900851,5241,3,32381.8,33.37
2154,901351,5271,4,40342.53,59.04
2155,901547,5010,5,23845.91,22.87
2156,901096,5075,-3,56785.86,14.49
2157,901455,5106,4,3550.44,2.02
2158,902128,5022,1,1440.28,5.36
2159,900471,5277,2,50824.79,37.58
2160,902203,5213,4,61331.48,12.65
2161,902104,5105,2,97076.08,50.49
2162,900466,5158,5,32988.73,12.46
2163,900250,5234,1,31052.99,44.23
2164,902179,5212,4,51907.75,33.2
2165,900212,5221,1,106453.74,16.44
2166,901810,5189,4,103377.72,39.87
2167,901931,5138,3,80796.56,39.85
2168,901077,5175,-2,63780.57,22.3
2169,901739,5115,3,94859.99,16.1
2170,901447,5280,1,56292.05,48.26
2171,902087,5020,3,92776.76,30.73
2172,902308,5293,3,38571.51,28.87
2173,901820,5145,1,48327.63,26.25
2174,902457,5181,2,25224.51,50.02
2175,900676,5005,3,112994.23,19.46
2176,902432,5225,2,36637.58,25.83
2177,901933,5212,2,51907.75,38.05
2178,902211,5253,5,94315.04,22.66
2179,900840,5088,4,17338.8,3.65
2180,900098,5101,4,7233.16,34.66
2181,900388,5281,3,79665.06,18.93
2182,900534,5041,-3,72519.0,49.82
2183,901416,5113,2,22911.17,18.66
2184,901053,5090,2,110957.13,54.66
2185,901711,5238,1,90430.72,14.29
2186,900411,5144,1,24135.92,55.97
2187,902091,5024,5,20181.17,20.52
2188,900285,5139,5,83090.05,24.25
2189,902434,5208,5,7426.61,56.31
2190,901153,5223,5,71815.17,47.87
2191,901187,5165,1,35309.95,23.52
2192,900186,5273,4,10208.71,22.07
2193,902445,5239,1,9764.99,0.43
2194,901826,5133,5,108501.12,56.61
2195,900067,5114,2,23425.82,38.52
2196,901511,5089,5,34755.83,33.12
2197,901644,5036,1,70576.95,56.92
2198,900821,5151,2,3710.99,50.1
2199,900027,5227,1,113815.27,23.05
2200,900057,5246,3,79025.97,9.27
2201,900955,5141,1,96027.46,6.8
2202,902180,5173,1,12716.76,0.64
2203,900782,5115,1,94859.99,18.73
2204,900096,5178,4,14331.9,5.39
2205,901797,5253,1,94315.04,2.45
2206,900451,5140,3,109096.85,17.58
2207,900807,5234,5,31052.99,2.39
2208,901345,5246,4,79025.97,10.51
2209,900945,5054,4,107272.03,12.89
2210,902372,5025,2,110999.09,35.78
2211,900543,5189,1,103377.72,13.06
2212,901102,5096,4,85485.71,51.05
2213,900758,5081,2,1557.7,35.54
2214,901716,5173,5,12716.76,12.18
2215,900748,5242,4,109785.9,40.82
2216,900917,5213,4,61331.48,56.06
2217,902486,5240,5,68484.84,47.55
2218,902024,5113,5,22911.17,5.32
2219,901567,5024,-3,20181.17,37.78
2220,902016,5295,-1,74905.25,56.09
2221,901148,5069,4,105305.65,41.76
2222,901908,5065,1,48996.44,30.42
2223,900525,5059,1,53810.88,8.7
2224,900175,5005,3,112994.23,55.74
2225,902173,5210,5,8721.3,15.62
2226,901888,5240,-1,68484.84,46.33
2227,900060,5105,4,97076.08,16.43
2228,900370,5166,5,94554.28,39.92
2229,900085,5207,4,58272.74,0.25
2230,900757,5184,4,87592.35,31.69
2231,900762,5095,5,15883.76,30.89
2232,901380,5255,4,108025.9,24.81
2233,900804,5156,5,13381.53,9.69
2234,900185,5181,3,25224.51,34.55
2235,902397,5217,3,118104.27,41.53
2236,902193,5001,4,13687.43,22.13
2237,902272,5084,5,36937.64,25.62
2238,900966,5206,1,66702.53,55.98
2239,901483,5161,5,54756.46,15.05
2240,901684,5204,1,79686.75,49.96
2241,901395,5199,4,30309.77,36.34
2242,900205,5020,5,92776.76,52.57
2243,900634,5136,1,70326.62,12.69
2244,901453,5046,5,96884.71,41.13
2245,900893,5050,2,114700.68,26.32
2246,900956,5052,5,54630.3,37.26
2247,901023,5021,3,97294.53,28.69
2248,900446,5177,2,90645.31,20.7
2249,901180,5154,1,60914.98,9.78
2250,900091,5242,4,109785.9,47.47
2251,901106,5216,3,24759.17,23.13
2252,900403,5245,5,61609.41,7.41
2253,901214,5221,4,106453.74,19.36
2254,900015,5021,2,97294.53,21.78
2255,902484,5057,1,7303.42,22.93
2256,900559,5066,4,116953.98,48.16
2257,900443,5244,4,63596.53,15.2
2258,902015,5282,1,112040.79,54.06
2259,900587,5087,1,96717.04,44.22
2260,901533,5283,-3,54959.15,2.74
2261,901900,5111,1,69136.06,13.99
2262,901497,5175,3,63780.57,48.41
2263,901194,5227,-1,113815.27,13.24
2264,900348,5116,4,90702.12,6.18
2265,901460,5268,5,29983.13,35.17
2266,900897,5238,3,90430.72,27.88
2267,901827,5174,1,44150.01,22.46
2268,901479,5243,3,8603.58,35.0
2269,900081,5240,4,68484.84,42.63
2270,901864,5215,2,15938.21,26.37
2271,900385,5227,1,113815.27,34.15
2272,901629,5298,5,53704.34,1.87
2273,900467,5140,1,109096.85,32.51
2274,902461,5193,4,19090.57,16.8
2275,901971,5223,5,71815.17,27.95
2276,901534,5262,4,14189.52,52.47
2277,902380,5014,3,10581.79,46.92
2278,901073,5004,1,9286.56,41.25
2279,902010,5172,3,93029.24,11.43
2280,901834,5132,3,67216.17,3.44
2281,901266,5297,-3,57306.08,21.43
2282,900047,5287,4,37439.79,32.72
2283,900439,5225,3,36637.58,17.73
2284,900345,5126,3,78811.18,15.89
2285,900483,5130,1,99662.88,15.74
2286,901705,5187,4,12145.65,59.01
2287,901514,5112,3,105664.54,47.21
2288,901092,5140,2,109096.85,30.3
2289,900869,5279,1,70408.01,24.26
2290,902310,5246,5,79025.97,13.18
2291,901676,5152,-3,79424.28,40.74
2292,900445,5018,-3,61626.46,16.63
2293,901907,5109,4,49172.01,4.66
2294,900138,5034,5,63870.8,41.75
2295,902140,5102,3,96913.93,37.49
2296,900750,5187,3,12145.65,23.48
2297,900920,5165,2,35309.95,31.23
2298,901407,5036,2,70576.95,59.18
2299,901871,5179,1,82472.44,13.48
2300,902478,5076,5,74784.63,41.59
2301,902339,5213,1,61331.48,49.55
2302,900453,5056,3,79390.52,45.07
2303,901051,5205,4,56789.72,36.98
2304,901386,5043,5,25756.79,7.29
2305,900257,5182,1,77248.73,19.64
2306,901520,5297,1,57306.08,27.96
2307,901707,5251,2,39474.25,53.91
2308,901892,5129,2,13468.82,52.72
2309,900088,5126,3,78811.18,38.11
2310,900375,5069,1,105305.65,45.47
2311,902483,5061,4,114364.12,55.9
2312,900154,5012,5,60290.29,6.44
2313,901366,5106,1,3550.44,59.65
2314,900089,5104,4,27750.29,37.25
2315,900614,5058,1,117147.39,12.57
2316,900272,5296,3,96452.73,21.27
2317,900047,5182,2,77248.73,38.88
2318,900294,5204,-2,79686.75,28.63
2319,900246,5296,5,96452.73,46.34
2320,900003,5164,2,51778.22,1.84
2321,900010,5001,1,13687.43,53.78
2322,900145,5296,1,96452.73,11.65
2323,901684,5264,2,36206.41,3.2
2324,902120,5290,2,86584.61,55.34
2325,900825,5149,3,63562.75,31.44
2326,900032,5029,5,86135.7,47.23
2327,901368,5079,5,43624.56,39.28
2328,901485,5115,3,94859.99,39.09
2329,902078,5128,1,19440.46,38.27
2330,901265,5065,2,48996.44,55.22
2331,902381,5299,5,92332.41,26.64
2332,902451,5192,4,75042.83,47.61
2333,901211,5271,1,40342.53,44.82
2334,900314,5275,2,87493.26,0.38
2335,900102,5287,2,37439.79,46.63
2336,901827,5233,4,28726.2,8.34
2337,902349,5103,1,27052.85,43.89
2338,901188,5068,-1,41767.34,55.73
2339,902350,5292,4,75588.15,16.82
2340,901136,5263,4,76205.22,24.18
2341,901327,5212,2,51907.75,11.75
2342,901769,5090,1,110957.13,54.75
2343,900869,5254,4,116520.08,40.12
2344,902001,5129,5,13468.82,4.15
2345,902164,5181,1,25224.51,9.92
2346,902189,5113,1,22911.17,59.22
2347,900481,5178,4,14331.9,40.76
2348,902329,5159,5,72830.3,51.54
2349,901573,5178,1,14331.9,34.14
2350,901571,5080,2,102191.83,41.29
2351,900029,5071,2,116581.73,55.4
2352,902129,5267,4,3632.67,44.44
2353,902060,5026,3,119675.66,29.86
2354,900307,5249,4,44047.24,45.73
2355,902020,5054,1,107272.03,51.22
2356,900403,5097,1,26980.44,15.08
2357,901548,5111,5,69136.06,16.87
2358,901282,5249,5,44047.24,3.55
2359,901510,5259,3,9473.59,50.7
2360,900518,5130,3,99662.88,35.89
2361,901233,5264,2,36206.41,33.82
2362,900022,5111,3,69136.06,46.01
2363,900948,5254,3,116520.08,53.6
2364,901844,5048,5,114931.19,42.16
2365,900319,5160,5,9138.2,51.88
2366,900710,5153,2,1064.72,36.96
2367,900763,5295,3,74905.25,13.29
2368,902397,5241,2,32381.8,30.22
2369,901806,5038,5,47468.53,3.26
2370,900996,5054,4,107272.03,58.84
2371,900403,5093,5,101983.54,19.35
2372,901613,5162,1,25417.46,53.29
2373,900400,5164,1,51778.22,7.06
2374,901679,5180,4,30966.92,34.47
2375,901433,5213,4,61331.48,56.68
2376,901097,5300,3,103005.86,6.46
2377,901049,5224,4,4453.63,59.91
2378,900429,5016,1,13287.02,20.27
2379,900524,5064,2,35046.88,38.13
2380,900694,5238,3,90430.72,20.1
2381,900723,5226,2,8087.88,35.3
2382,900340,5005,2,112994.23,9.09
2383,902394,5102,4,96913.93,31.97
2384,901793,5280,-1,56292.05,25.31
2385,900010,5071,3,116581.73,43.19
2386,901433,5030,5,115895.1,37.06
2387,900003,5221,5,106453.74,36.2
2388,900228,5270,5,10034.38,35.99
2389,900323,5291,4,6031.69,8.47
2390,901939,5221,4,106453.74,20.02
2391,902091,5064,2,35046.88,2.04
2392,900234,5108,4,13618.58,19.94
2393,901552,5014,2,10581.79,24.41
2394,902145,5119,4,19763.13,40.98
2395,901935,5064,5,35046.88,17.37
2396,900914,5196,2,70102.22,21.46
2397,901391,5218,2,1453.94,11.86
2398,900197,5200,2,13509.97,29.95
2399,902080,5008,5,32565.72,0.82
2400,900607,5036,5,70576.95,42.34
2401,901989,5269,4,108088.45,14.9
2402,902194,5203,-2,107160.64,19.94
2403,902477,5058,4,117147.39,54.76
2404,901672,5236,1,14596.22,9.45
2405,902125,5144,3,24135.92,48.89
2406,902325,5238,2,90430.72,7.19
2407,902016,5253,4,94315.04,43.11
2408,900302,5152,4,79424.28,1.92
2409,902205,5145,-2,48327.63,0.85
2410,901672,5020,1,92776.76,29.82
2411,900184,5049,2,106799.26,18.7
2412,901639,5165,-3,35309.95,17.98
2413,900527,5118,4,50237.09,22.95
2414,902244,5269,5,108088.45,16.34
2415,901643,5074,4,43510.7,36.27
2416,901692,5059,3,53810.88,21.5
2417,900054,5150,2,114822.4,3.8
2418,901646,5150,1,114822.4,17.6
2419,900063,5035,4,94529.4,51.11
2420,902366,5022,3,1440.28,35.21
2421,900968,5129,4,13468.82,7.11
2422,900380,5014,1,10581.79,52.98
2423,900538,5128,3,19440.46,40.27
2424,900546,5163,4,86042.99,29.26
2425,902485,5138,5,80796.56,36.16
2426,900009,5050,3,114700.68,27.0
2427,901866,5093,4,101983.54,58.25
2428,901933,5108,4,13618.58,57.44
2429,902040,5156,2,13381.53,11.78
2430,901801,5233,4,28726.2,23.41
2431,901051,5176,1,62331.61,53.0
2432,901757,5183,1,8291.64,34.21
2433,900142,5286,5,82991.3,6.57
2434,900909,5194,3,5621.88,40.22
2435,901127,5271,3,40342.53,10.05
2436,900821,5015,2,119779.19,14.39
2437,901342,5039,2,10588.75,56.07
2438,901906,5261,4,57882.25,12.74
2439,900846,5277,5,50824.79,35.17
2440,900491,5083,1,11704.04,4.31
2441,902407,5112,3,105664.54,21.28
2442,901330,5191,5,25183.26,4.41
2443,901089,5181,4,25224.51,19.21
2444,901868,5232,2,41278.25,36.01
2445,900748,5110,5,39631.61,54.18
2446,901092,5067,4,39005.62,35.01
2447,900712,5133,4,108501.12,29.78
2448,902244,5247,3,23243.3,36.39
2449,900679,5191,2,25183.26,8.94
2450,902064,5168,1,78534.08,58.51
2451,902176,5226,5,8087.88,26.57
2452,902301,5270,3,10034.38,58.03
2453,902362,5113,5,22911.17,56.88
2454,901509,5215,4,15938.21,14.19
2455,902358,5012,2,60290.29,43.32
2456,900549,5214,3,57360.37,30.2
2457,901465,5262,3,14189.52,24.99
2458,902082,5024,1,20181.17,59.87
2459,900227,5169,5,119312.69,1.87
2460,900619,5290,1,86584.61,9.16
2461,902390,5274,3,74942.75,1.6
2462,901974,5275,2,87493.26,59.24
2463,900851,5043,2,25756.79,26.07
2464,901193,5148,3,105897.4,55.1
2465,900276,5158,4,32988.73,3.95
2466,901829,5270,4,10034.38,21.22
2467,901980,5056,1,79390.52,17.13
2468,900509,5156,3,13381.53,12.71
2469,901994,5127,4,97824.02,15.38
2470,902466,5029,1,86135.7,10.43
2471,902045,5295,3,74905.25,0.73
2472,900437,5126,2,78811.18,37.85
2473,900796,5004,1,9286.56,49.24
2474,901539,5266,4,71522.44,30.48
2475,902266,5100,1,55009.8,5.68
2476,900446,5007,4,11417.48,57.15
2477,902164,5288,5,27273.42,31.82
2478,901855,5056,1,79390.52,50.19
2479,900395,5251,2,39474.25,7.22
2480,900238,5168,3,78534.08,13.03
2481,900021,5293,5,38571.51,18.9
2482,900135,5074,4,43510.7,39.98
2483,901337,5282,2,112040.79,54.46
2484,901672,5291,1,6031.69,26.53
2485,901873,5034,2,63870.8,58.13
2486,900228,5043,1,25756.79,28.33
2487,901358,5180,3,30966.92,58.95
2488,902068,5296,4,96452.73,51.32
2489,902410,5099,5,62144.76,1.44
2490,900261,5010,5,23845.91,19.46
2491,900495,5262,5,14189.52,12.3
2492,901113,5131,3,24594.48,29.9
2493,901404,5030,4,115895.1,26.75
2494,901823,5079,1,43624.56,27.2
2495,901792,5057,4,7303.42,45.17
2496,901374,5039,1,10588.75,42.13
2497,901686,5019,2,40574.83,42.54
2498,900913,5149,3,63562.75,19.71
2499,902444,5090,3,110957.13,39.34
2500,902197,5193,3,19090.57,3.14
2501,901169,5168,3,78534.08,44.75
2502,901828,5202,2,106411.67,6.26
2503,902294,5298,1,53704.34,24.73
2504,900909,5249,3,44047.24,1.1
2505,900055,5091,5,80187.28,17.84
2506,902085,5091,5,80187.28,4.53
2507,902031,5065,1,48996.44,15.2
2508,900239,5274,4,74942.75,9.17
2509,901944,5204,1,79686.75,28.95
2510,900530,5148,4,105897.4,3.3
2511,901653,5051,1,1235.66,55.2
2512,901149,5117,3,2896.24,55.7
2513,902321,5250,1,84169.66,17.41
2514,901087,5125,2,30260.88,11.01
2515,900440,5227,5,113815.27,44.86
2516,900754,5124,2,98656.03,28.76
2517,901369,5038,3,47468.53,15.3
2518,901455,5161,5,54756.46,13.49
2519,902170,5173,1,12716.76,2.09
2520,902153,5299,4,92332.41,55.78
2521,900376,5046,2,96884.71,42.86
2522,901308,5013,3,6581.67,20.01
2523,902329,5261,4,57882.25,54.2
2524,901025,5194,1,5621.88,28.84
2525,900688,5212,5,51907.75,42.0
2526,901090,5204,5,79686.75,17.29
2527,901056,5080,1,102191.83,21.09
2528,902017,5223,2,71815.17,50.1
2529,902107,5154,5,60914.98,25.54
2530,902113,5106,3,3550.44,28.02
2531,902198,5278,5,37468.84,57.29
2532,900825,5016,2,13287.02,10.61
2533,902456,5062,1,110172.41,23.57
2534,900302,5044,2,74370.27,52.91
2535,901422,5002,5,4452.46,58.95
2536,902003,5203,4,107160.64,4.04
2537,901628,5156,4,13381.53,4.78
2538,900779,5071,4,116581.73,25.15
2539,900532,5266,5,71522.44,12.23
2540,901335,5122,2,102996.42,33.0
2541,901250,5168,1,78534.08,53.07
2542,900856,5251,1,39474.25,59.43
2543,902113,5098,5,116982.74,49.42
2544,902407,5277,4,50824.79,23.51
2545,902298,5126,5,78811.18,28.61
2546,900840,5017,5,26232.21,9.08
2547,901930,5274,1,74942.75,47.07
2548,902122,5112,1,105664.54,46.33
2549,900781,5020,4,92776.76,16.03
2550,901652,5232,4,41278.25,48.99
2551,901285,5084,3,36937.64,46.17
2552,900844,5076,-1,74784.63,43.73
2553,900097,5064,1,35046.88,50.23
2554,900037,5117,2,2896.24,19.73
2555,901345,5127,3,97824.02,5.0
2556,901130,5192,3,75042.83,54.39
2557,901922,5015,5,119779.19,12.2
2558,900155,5252,2,81400.9,48.36
2559,901441,5064,1,35046.88,48.89
2560,900250,5101,1,7233.16,56.1
2561,902417,5097,2,26980.44,17.78
2562,900532,5014,5,10581.79,57.69
2563,901659,5134,5,42647.71,12.94
2564,900769,5231,5,115351.23,24.77
2565,901426,5184,2,87592.35,28.04
2566,900392,5021,4,97294.53,37.54
2567,901335,5197,2,32308.96,31.31
2568,901733,5125,4,30260.88,35.6
2569,900556,5139,5,83090.05,32.46
2570,902000,5203,4,107160.64,5.06
2571,901024,5123,1,10066.49,18.46
2572,900337,5071,5,116581.73,4.1
2573,900443,5284,1,64048.28,56.1
2574,901777,5268,1,29983.13,3.67
2575,901617,5180,4,30966.92,2.83
2576,902459,5195,1,7009.9,6.15
2577,900266,5223,5,71815.17,50.4
2578,902303,5231,1,115351.23,8.62
2579,900419,5059,2,53810.88,35.8
2580,901927,5128,4,19440.46,41.77
2581,900279,5054,4,107272.03,49.02
2582,900185,5291,4,6031.69,29.53
2583,900712,5229,5,74603.25,37.64
2584,901471,5267,5,3632.67,30.01
2585,900115,5232,3,41278.25,6.37
2586,902342,5030,4,115895.1,49.2
2587,901388,5090,4,110957.13,28.91
2588,902103,5211,4,67610.16,50.55
2589,900747,5012,3,60290.29,45.29
2590,901535,5094,1,34020.23,30.88
2591,900571,5091,4,80187.28,59.12
2592,902227,5246,5,79025.97,26.51
2593,901960,5243,1,8603.58,40.35
2594,901681,5039,5,10588.75,11.34
2595,901566,5265,3,72194.97,44.56
2596,901230,5149,5,63562.75,45.73
2597,900020,5091,2,80187.28,0.76
2598,901035,5068,1,41767.34,2.09
2599,901820,5142,2,94598.18,9.89
2600,901796,5052,1,54630.3,3.07
2601,901718,5230,5,24348.69,10.27
2602,900603,5217,5,118104.27,21.09
2603,902339,5077,1,107108.61,52.74
2604,902194,5132,4,67216.17,38.4
2605,901505,5187,5,12145.65,39.0
2606,901106,5149,5,63562.75,57.09
2607,901852,5084,1,36937.64,17.8
2608,900315,5244,1,63596.53,49.33
2609,902402,5263,5,76205.22,58.46
2610,900187,5096,-3,85485.71,1.01
2611,901186,5065,1,48996.44,10.6
2612,901812,5283,4,54959.15,48.68
2613,900325,5091,2,80187.28,32.79
2614,902093,5097,5,26980.44,8.39
2615,900489,5073,2,111376.48,18.96
2616,901669,5201,5,45785.64,19.67
2617,902322,5167,3,11501.85,45.67
2618,901638,5158,4,32988.73,22.58
2619,900175,5154,1,60914.98,4.41
2620,901933,5185,2,17196.52,33.49
2621,901078,5277,4,50824.79,14.16
2622,902294,5138,2,80796.56,25.12
2623,901233,5255,4,108025.9,50.72
2624,900531,5184,5,87592.35,1.99
2625,900685,5293,4,38571.51,0.89
2626,901277,5299,2,92332.41,55.06
2627,901703,5097,1,26980.44,28.88
2628,900868,5260,3,42778.37,18.01
2629,900703,5085,3,83088.08,13.36
2630,901184,5043,1,25756.79,55.88
2631,900731,5229,2,74603.25,40.17
2632,902144,5150,1,114822.4,38.65
2633,901312,5153,3,1064.72,34.36
2634,900196,5067,4,39005.62,7.92
2635,900925,5115,1,94859.99,5.7
2636,901622,5048,-2,114931.19,18.51
2637,901526,5283,2,54959.15,8.58
2638,900976,5157,1,10677.82,41.93
2639,900915,5064,5,35046.88,37.79
2640,900947,5214,3,57360.37,46.62
2641,900077,5020,2,92776.76,58.69
2642,901590,5038,5,47468.53,51.4
2643,900159,5250,5,84169.66,25.24
2644,901182,5256,2,43257.45,0.67
2645,901831,5070,5,20605.69,3.76
2646,901070,5260,5,42778.37,32.81
2647,901642,5284,3,64048.28,42.01
2648,901324,5202,3,106411.67,15.22
2649,901778,5101,4,7233.16,11.04
2650,901569,5089,-2,34755.83,21.96
2651,902422,5267,1,3632.67,59.75
2652,901988,5300,1,103005.86,43.19
2653,900127,5113,4,22911.17,8.32
2654,901976,5279,1,70408.01,18.77
2655,901812,5074,2,43510.7,49.97
2656,901757,5108,5,13618.58,29.1
2657,901956,5274,1,74942.75,28.24
2658,901713,5253,2,94315.04,21.54
2659,900567,5123,-2,10066.49,35.75
2660,901558,5140,4,109096.85,4.12
2661,900828,5221,3,106453.74,46.55
2662,902331,5281,4,79665.06,46.4
2663,900619,5265,5,72194.97,14.79
2664,900238,5040,3,100380.24,20.27
2665,901516,5115,1,94859.99,49.15
2666,902170,5250,4,84169.66,30.14
2667,900350,5151,2,3710.99,48.45
2668,901084,5116,5,90702.12,51.06
2669,900308,5092,4,87491.23,4.64
2670,900565,5279,3,70408.01,23.45
2671,901703,5126,5,78811.18,47.78
2672,901392,5155,2,78059.48,2.44
2673,900783,5132,5,67216.17,47.63
2674,901396,5255,3,108025.9,37.61
2675,901606,5050,1,114700.68,37.04
2676,900822,5185,5,17196.52,54.93
2677,901712,5093,3,101983.54,4.09
2678,901270,5217,3,118104.27,24.0
2679,901070,5260,5,42778.37,56.13
2680,901088,5124,5,98656.03,47.81
2681,900705,5137,2,86344.61,8.7
2682,900393,5079,1,43624.56,55.83
2683,901105,5129,5,13468.82,19.83
2684,900500,5204,5,79686.75,23.71
2685,902308,5103,5,27052.85,42.88
2686,900937,5037,5,112000.42,5.76
2687,902191,5120,5,5452.35,57.53
2688,900304,5298,3,53704.34,1.69
2689,901106,5241,1,32381.8,47.7
2690,900837,5199,1,30309.77,27.17
2691,902086,5187,5,12145.65,26.41
2692,902275,5116,2,90702.12,11.35
2693,901992,5228,3,61471.6,58.66
2694,901714,5139,2,83090.05,12.48
2695,900070,5005,4,112994.23,54.65
2696,900340,5271,1,40342.53,17.66
2697,901119,5036,1,70576.95,55.61
2698,902296,5059,1,53810.88,39.73
2699,900327,5096,5,85485.71,8.26
2700,901108,5279,3,70408.01,56.29
2701,902314,5156,1,13381.53,46.33
2702,901054,5029,5,86135.7,20.61
2703,902086,5275,5,87493.26,56.61
2704,900944,5276,2,22728.96,45.34
2705,900597,5042,5,72630.14,43.29
2706,901059,5148,3,105897.4,57.91
2707,901217,5183,5,8291.64,44.08
2708,900429,5242,4,109785.9,9.56
2709,900311,5240,5,68484.84,55.07
2710,900529,5225,5,36637.58,50.52
2711,900828,5201,2,45785.64,13.82
2712,900712,5241,2,32381.8,1.33
2713,900602,5208,1,7426.61,9.64
2714,902435,5097,5,26980.44,56.52
2715,900888,5225,5,36637.58,33.23
2716,901607,5300,3,103005.86,28.2
2717,902046,5154,2,60914.98,4.72
2718,901942,5277,4,50824.79,6.78
2719,901058,5242,4,109785.9,16.66
2720,902411,5187,1,12145.65,31.49
2721,901558,5175,3,63780.57,42.91
2722,900023,5136,4,70326.62,47.37
2723,900288,5255,5,108025.9,12.57
2724,901898,5036,-1,70576.95,55.76
2725,902000,5122,2,102996.42,44.14
2726,902065,5015,2,119779.19,51.25
2727,900322,5122,5,102996.42,52.28
2728,901938,5247,3,23243.3,20.51
2729,902383,5260,5,42778.37,56.32
2730,902467,5088,4,17338.8,39.18
2731,900069,5259,3,9473.59,7.68
2732,901570,5066,5,116953.98,1.45
2733,901596,5075,1,56785.86,26.84
2734,900437,5039,4,10588.75,46.06
2735,901060,5007,-2,11417.48,30.49
2736,900444,5058,2,117147.39,9.79
2737,900359,5044,2,74370.27,41.74
2738,900389,5293,3,38571.51,55.19
2739,900387,5269,3,108088.45,32.73
2740,901347,5135,2,15280.01,1.13
2741,901537,5240,1,68484.84,40.44
2742,901744,5191,5,25183.26,33.23
2743,901517,5081,2,1557.7,51.65
2744,901258,5038,4,47468.53,48.88
2745,901036,5146,1,66808.88,54.58
2746,902100,5083,3,11704.04,20.34
2747,901512,5030,5,115895.1,57.55
2748,901863,5032,4,99919.93,30.58
2749,901170,5249,1,44047.24,21.15
2750,901533,5103,4,27052.85,50.1
2751,901099,5091,4,80187.28,4.2
2752,900881,5102,2,96913.93,30.53
2753,900381,5227,1,113815.27,42.67
2754,901519,5124,5,98656.03,0.52
2755,900822,5127,2,97824.02,6.49
2756,901800,5088,3,17338.8,41.21
2757,902100,5249,1,44047.24,6.84
2758,901953,5087,1,96717.04,7.59
2759,900727,5151,5,3710.99,17.3
2760,900723,5028,5,75074.9,4.78
2761,900084,5295,1,74905.25,8.3
2762,901230,5093,5,101983.54,6.25
2763,900428,5233,5,28726.2,37.26
2764,900507,5191,1,25183.26,45.4
2765,900542,5133,3,108501.12,10.18
2766,902475,5124,2,98656.03,32.48
2767,901305,5038,2,47468.53,57.52
2768,902252,5210,1,8721.3,10.11
2769,901592,5003,1,83626.26,12.35
2770,901170,5267,5,3632.67,45.25
2771,902336,5200,2,13509.97,28.0
2772,902124,5289,1,115051.33,40.3
2773,900683,5160,1,9138.2,18.3
2774,901150,5260,1,42778.37,36.95
2775,901252,5175,1,63780.57,59.01
2776,901603,5259,5,9473.59,2.43
2777,902474,5235,2,85451.26,53.4
2778,900388,5016,2,13287.02,32.73
2779,900540,5097,2,26980.44,28.29
2780,902103,5169,5,119312.69,25.43
2781,902182,5079,4,43624.56,12.37
2782,902296,5140,3,109096.85,55.58
2783,900766,5051,1,1235.66,42.88
2784,900842,5214,5,57360.37,24.43
2785,902496,5150,4,114822.4,14.77
2786,902284,5148,2,105897.4,43.53
2787,901947,5235,3,85451.26,4.01
2788,902040,5021,2,97294.53,8.6
2789,901567,5163,3,86042.99,27.8
2790,902117,5137,4,86344.61,14.01
2791,900326,5175,2,63780.57,52.76
2792,901070,5266,3,71522.44,4.49
2793,901296,5129,5,13468.82,1.81
2794,901482,5124,3,98656.03,46.28
2795,902089,5019,1,40574.83,16.18
2796,902037,5201,4,45785.64,30.77
2797,900502,5268,4,29983.13,13.52
2798,901384,5048,1,114931.19,39.29
2799,901135,5046,4,96884.71,41.78
2800,901130,5171,3,106371.02,7.02
2801,902208,5069,4,105305.65,29.7
2802,902407,5180,1,30966.92,23.99
2803,901243,5197,3,32308.96,54.87
2804,901618,5057,3,7303.42,1.67
2805,901039,5114,2,23425.82,50.17
2806,900379,5109,1,49172.01,7.64
2807,902232,5130,4,99662.88,54.06
2808,900313,5263,5,76205.22,41.71
2809,900510,5107,5,114549.22,40.64
2810,901152,5280,4,56292.05,31.72
2811,901041,5122,4,102996.42,50.05
2812,901639,5173,3,12716.76,28.43
2813,901316,5031,2,83287.34,38.34
2814,902282,5146,4,66808.88,2.99
2815,900526,5070,1,20605.69,22.27
2816,902125,5234,1,31052.99,31.46
2817,901320,5056,1,79390.52,12.57
2818,901160,5141,3,96027.46,35.87
2819,902377,5162,2,25417.46,42.35
2820,900339,5120,1,5452.35,27.13
2821,901779,5230,2,24348.69,1.76
2822,900460,5168,1,78534.08,57.71
2823,900052,5266,1,71522.44,28.42
2824,901985,5187,2,12145.65,8.49
2825,900697,5024,5,20181.17,20.18
2826,900237,5039,3,10588.75,49.26
2827,901599,5198,4,86758.57,42.18
2828,901613,5080,4,102191.83,43.92
2829,900608,5022,5,1440.28,14.92
2830,901963,5181,3,25224.51,19.96
2831,901199,5255,5,108025.9,12.55
2832,900965,5232,4,41278.25,3.44
2833,900063,5155,1,78059.48,58.95
2834,901967,5185,4,17196.52,31.21
2835,900839,5193,3,19090.57,12.04
2836,901952,5272,4,89740.5,21.94
2837,901505,5057,3,7303.42,7.41
2838,900254,5293,5,38571.51,38.48
2839,901399,5232,1,41278.25,14.52
2840,900110,5163,1,86042.99,22.91
2841,902243,5096,3,85485.71,47.91
2842,900314,5003,4,83626.26,42.7
2843,900794,5170,3,1727.26,36.4
2844,902360,5290,1,86584.61,0.7
2845,901387,5071,2,116581.73,55.19
2846,901773,5151,1,3710.99,22.61
2847,900056,5031,3,83287.34,9.25
2848,902120,5132,5,67216.17,4.69
2849,902180,5105,5,97076.08,38.3
2850,901451,5221,4,106453.74,46.73
2851,901439,5233,4,28726.2,49.55
2852,900356,5137,1,86344.61,38.68
2853,901233,5184,4,87592.35,12.55
2854,901558,5250,3,84169.66,17.35
2855,901074,5044,1,74370.27,28.05
2856,902109,5253,1,94315.04,8.86
2857,901775,5152,1,79424.28,25.49
2858,900579,5154,1,60914.98,57.27
2859,901445,5244,4,63596.53,27.06
2860,900672,5055,3,39836.13,54.63
2861,900743,5188,1,82788.95,50.54
2862,902001,5225,2,36637.58,8.73
2863,900748,5014,5,10581.79,4.44
2864,901168,5235,4,85451.26,44.98
2865,901243,5224,3,4453.63,2.94
2866,902114,5038,2,47468.53,58.08
2867,902323,5124,1,98656.03,10.6
2868,900958,5143,3,77786.21,56.09
2869,900986,5172,2,93029.24,49.21
2870,902378,5108,4,13618.58,3.67
2871,900206,5018,4,61626.46,21.95
2872,902281,5034,-2,63870.8,1.66
2873,900419,5030,2,115895.1,25.03
2874,902394,5151,2,3710.99,35.16
2875,901024,5137,1,86344.61,3.25
2876,902196,5140,3,109096.85,24.71
2877,900565,5084,2,36937.64,38.03
2878,902359,5299,1,92332.41,3.75
2879,900827,5149,4,63562.75,8.83
2880,901771,5267,2,3632.67,56.89
2881,900888,5258,2,61259.59,2.03
2882,901072,5156,5,13381.53,52.55
2883,900690,5073,5,111376.48,31.64
2884,901984,5129,1,13468.82,56.5
2885,902092,5009,1,19808.61,23.82
2886,901019,5203,3,107160.64,33.65
2887,900043,5298,3,53704.34,1.08
2888,901549,5234,1,31052.99,33.58
2889,900638,5035,2,94529.4,35.41
2890,901851,5199,3,30309.77,48.43
2891,901008,5099,5,62144.76,43.25
2892,900600,5100,1,55009.8,4.6
2893,901335,5293,4,38571.51,52.22
2894,902499,5208,5,7426.61,15.42
2895,900729,5257,5,26824.95,35.31
2896,900843,5055,2,39836.13,9.08
2897,902448,5186,4,61306.4,4.77
2898,900624,5182,5,77248.73,50.27
2899,901297,5033,4,76825.5,28.83
2900,901992,5211,1,67610.16,9.56
2901,901324,5084,3,36937.64,23.21
2902,901878,5115,3,94859.99,49.91
2903,900523,5198,3,86758.57,59.59
2904,900977,5244,3,63596.53,14.15
2905,901344,5192,5,75042.83,13.62
2906,900377,5242,2,109785.9,17.14
2907,901797,5222,4,102926.19,17.4
2908,902130,5269,3,108088.45,31.26
2909,901449,5230,1,24348.69,34.32
2910,900227,5273,2,10208.71,40.02
2911,902109,5122,3,102996.42,24.45
2912,902291,5196,3,70102.22,5.85
2913,901977,5135,5,15280.01,5.99
2914,900141,5191,3,25183.26,20.89
2915,900059,5125,5,30260.88,17.55
2916,900797,5181,4,25224.51,18.03
2917,900719,5041,5,72519.0,51.77
2918,900583,5112,5,105664.54,5.92
2919,900736,5039,3,10588.75,50.84
2920,902183,5170,4,1727.26,46.98
2921,901209,5206,3,66702.53,51.56
2922,901903,5082,1,43272.32,26.59
2923,901576,5095,3,15883.76,7.17
2924,901312,5081,3,1557.7,37.08
2925,900173,5059,5,53810.88,34.03
2926,901810,5042,1,72630.14,0.38
2927,902235,5236,4,14596.22,22.31
2928,901564,5274,2,74942.75,48.1
2929,900626,5294,2,63582.01,41.38
2930,900061,5143,5,77786.21,12.05
2931,900216,5105,4,97076.08,3.26
2932,900324,5118,5,50237.09,28.7
2933,900250,5096,5,85485.71,34.58
2934,900160,5236,3,14596.22,2.06
2935,900696,5288,2,27273.42,48.95
2936,900708,5113,1,22911.17,10.57
2937,902418,5054,3,107272.03,41.02
2938,901609,5232,4,41278.25,52.19
2939,901393,5004,5,9286.56,16.52
2940,901118,5073,4,111376.48,19.4
2941,900806,5003,1,83626.26,37.09
2942,900598,5052,5,54630.3,52.06
2943,901801,5279,2,70408.01,41.57
2944,900431,5083,3,11704.04,57.92
2945,901974,5244,-3,63596.53,23.89
2946,901082,5242,1,109785.9,43.06
2947,900528,5269,1,108088.45,28.24
2948,901098,5117,1,2896.24,32.75
2949,900971,5104,1,27750.29,26.72
2950,901134,5101,3,7233.16,45.03
2951,900230,5154,2,60914.98,0.73
2952,902274,5125,3,30260.88,18.78
2953,900622,5206,4,66702.53,27.05
2954,902019,5069,4,105305.65,47.25
2955,901176,5294,5,63582.01,22.34
2956,900041,5251,1,39474.25,21.14
2957,900934,5187,5,12145.65,6.4
2958,900061,5060,5,55146.38,44.06
2959,901289,5257,1,26824.95,9.4
2960,902436,5093,1,101983.54,16.24
2961,901812,5033,2,76825.5,21.29
2962,901561,5143,2,77786.21,4.45
2963,901264,5204,2,79686.75,53.31
2964,902464,5256,5,43257.45,32.33
2965,901905,5101,1,7233.16,18.39
2966,900361,5258,5,61259.59,35.44
2967,901269,5052,2,54630.3,9.84
2968,902056,5006,2,104831.05,45.15
2969,901480,5283,-3,54959.15,51.8
2970,900373,5100,2,55009.8,45.41
2971,900801,5158,2,32988.73,36.0
2972,902391,5232,3,41278.25,37.83
2973,900678,5136,2,70326.62,42.11
2974,902311,5030,4,115895.1,12.29
2975,900778,5240,5,68484.84,53.31
2976,900952,5260,4,42778.37,15.93
2977,900952,5237,3,119817.45,50.73
2978,900252,5180,3,30966.92,48.92
2979,900285,5094,3,34020.23,20.43
2980,901871,5276,4,22728.96,24.36
2981,901638,5161,3,54756.46,10.42
2982,901059,5114,2,23425.82,49.45
2983,901670,5147,1,56229.64,10.97
2984,901441,5059,5,53810.88,2.61
2985,902051,5063,1,70810.15,36.26
2986,900562,5071,4,116581.73,25.4
2987,902415,5004,4,9286.56,11.25
2988,900251,5170,5,1727.26,12.23
2989,901760,5012,3,60290.29,22.46
2990,902191,5185,4,17196.52,22.95
2991,900756,5206,2,66702.53,16.82
2992,900695,5208,4,7426.61,27.74
2993,900206,5175,4,63780.57,22.11
2994,901198,5152,3,79424.28,35.09
2995,902385,5174,5,44150.01,13.81
2996,900717,5222,1,102926.19,30.21
2997,902071,5232,1,41278.25,13.44
2998,900609,5114,1,23425.82,18.5
2999,900883,5295,1,74905.25,2.24
3000,900950,5168,4,78534.08,12.48
3001,900166,5077,5,107108.61,39.78
3002,900828,5129,2,13468.82,35.12
3003,900205,5153,5,1064.72,0.5
3004,901233,5060,5,55146.38,55.21
3005,900123,5146,1,66808.88,54.45
3006,901213,5079,4,43624.56,17.99
3007,900268,5223,3,71815.17,59.48
3008,901464,5050,4,114700.68,21.88
3009,901364,5155,3,78059.48,58.08
3010,901344,5060,4,55146.38,33.73
3011,900008,5113,3,22911.17,43.03
3012,901079,5055,5,39836.13,10.73
3013,900682,5096,4,85485.71,10.42
3014,900682,5298,1,53704.34,45.3
3015,902104,5190,-2,24845.29,24.18
3016,901571,5183,1,8291.64,58.56
3017,900832,5197,4,32308.96,42.16
3018,900218,5161,4,54756.46,41.99
3019,900479,5121,-3,107893.28,21.08
3020,900939,5164,5,51778.22,0.24
3021,900883,5281,2,79665.06,34.4
3022,901256,5288,2,27273.42,27.96
3023,902470,5270,3,10034.38,42.68
3024,901505,5174,1,44150.01,28.92
3025,901906,5048,4,114931.19,36.85
3026,902133,5098,3,116982.74,24.16
3027,901338,5239,5,9764.99,27.1
3028,902191,5239,1,9764.99,48.14
3029,900086,5012,2,60290.29,41.19
3030,900600,5294,5,63582.01,52.34
3031,902213,5048,2,114931.19,47.03
3032,900673,5152,3,79424.28,15.89
3033,900104,5082,5,43272.32,49.28
3034,900973,5161,1,54756.46,29.45
3035,900647,5096,1,85485.71,35.64
3036,900462,5113,3,22911.17,4.13
3037,900559,5258,-3,61259.59,2.22
3038,900040,5280,2,56292.05,44.35
3039,901960,5210,2,8721.3,8.66
3040,900342,5029,5,86135.7,6.12
3041,901831,5231,5,115351.23,32.18
3042,900571,5115,1,94859.99,56.81
3043,901779,5003,2,83626.26,29.3
3044,900045,5224,5,4453.63,22.8
3045,900804,5030,2,115895.1,41.27
3046,901861,5116,1,90702.12,2.36
3047,900647,5163,1,86042.99,48.52
3048,901785,5194,1,5621.88,30.64
3049,902297,5295,5,74905.25,7.44
3050,900502,5114,2,23425.82,6.12
3051,900259,5177,3,90645.31,50.13
3052,900028,5196,5,70102.22,6.44
3053,901820,5069,4,105305.65,17.48
3054,900975,5192,1,75042.83,35.88
3055,902188,5064,2,35046.88,4.77
3056,901579,5053,4,12243.73,5.81
3057,900704,5210,2,8721.3,34.27
3058,902394,5243,2,8603.58,33.74
3059,902097,5125,2,30260.88,8.01
3060,900444,5168,4,78534.08,40.9
3061,900453,5083,4,11704.04,58.67
3062,900570,5146,2,66808.88,23.65
3063,901392,5289,4,115051.33,45.83
3064,900606,5191,3,25183.26,22.96
3065,900664,5273,5,10208.71,9.29
3066,901594,5006,3,104831.05,0.98
3067,901659,5120,5,5452.35,5.67
3068,901539,5201,3,45785.64,5.28
3069,900324,5205,4,56789.72,54.83
3070,901048,5045,4,32630.52,23.76
3071,901301,5299,3,92332.41,54.9
3072,900260,5128,4,19440.46,31.62
3073,900634,5170,3,1727.26,35.79
3074,900452,5178,3,14331.9,53.9
3075,900315,5033,2,76825.5,14.23
3076,901858,5180,5,30966.92,55.14
3077,902347,5155,2,78059.48,32.09
3078,902454,5054,2,107272.03,4.86
3079,901959,5155,3,78059.48,42.55
3080,901372,5026,3,119675.66,17.05
3081,902257,5037,1,112000.42,42.15
3082,900800,5183,4,8291.64,34.23
3083,900159,5196,4,70102.22,21.07
3084,901349,5005,4,112994.23,27.77
3085,901502,5096,5,85485.71,7.26
3086,901646,5055,5,39836.13,19.86
3087,901611,5237,1,119817.45,14.98
3088,901712,5157,5,10677.82,42.42
3089,901057,5146,3,66808.88,13.43
3090,900435,5194,1,5621.88,8.59
3091,902100,5230,3,24348.69,54.81
3092,901432,5236,5,14596.22,18.95
3093,901975,5216,-2,24759.17,48.64
3094,901593,5060,3,55146.38,19.56
3095,900995,5284,4,64048.28,31.59
3096,902287,5264,2,36206.41,59.78
3097,902175,5199,3,30309.77,33.93
3098,901986,5041,4,72519.0,50.29
3099,900684,5040,1,100380.24,13.79
3100,900993,5058,2,117147.39,1.16
3101,900114,5153,3,1064.72,6.8
3102,901004,5040,3,100380.24,20.51
3103,900733,5169,4,119312.69,39.43
3104,900742,5007,1,11417.48,19.37
3105,900581,5273,4,10208.71,17.98
3106,901116,5132,3,67216.17,25.01
3107,900798,5107,4,114549.22,0.94
3108,900114,5170,4,1727.26,36.16
3109,900627,5120,4,5452.35,54.41
3110,900960,5153,5,1064.72,54.0
3111,900004,5123,5,10066.49,48.36
3112,902263,5072,4,37232.01,52.96
3113,901378,5286,4,82991.3,49.98
3114,900005,5155,5,78059.48,34.35
3115,900110,5064,4,35046.88,36.89
3116,900823,5183,4,8291.64,4.46
3117,900269,5119,5,19763.13,50.14
3118,900339,5144,-1,24135.92,19.12
3119,901152,5264,2,36206.41,3.32
3120,900230,5043,4,25756.79,16.48
3121,900373,5057,4,7303.42,48.52
3122,900287,5231,3,115351.23,26.22
3123,901544,5008,1,32565.72,35.13
3124,902485,5121,5,107893.28,59.69
3125,900892,5006,5,104831.05,38.56
3126,901173,5216,1,24759.17,9.48
3127,900429,5087,3,96717.04,15.51
3128,902003,5032,4,99919.93,13.53
3129,900210,5004,4,9286.56,45.98
3130,901029,5237,4,119817.45,25.54
3131,900806,5188,-2,82788.95,37.03
3132,901481,5292,4,75588.15,38.5
3133,900361,5096,2,85485.71,59.47
3134,901404,5174,2,44150.01,55.21
3135,900191,5294,2,63582.01,1.88
3136,900377,5283,2,54959.15,25.58
3137,901999,5246,-1,79025.97,39.73
3138,901956,5281,4,79665.06,16.82
3139,900283,5243,4,8603.58,27.45
3140,901092,5300,1,103005.86,6.0
3141,900632,5185,3,17196.52,52.61
3142,901763,5103,5,27052.85,57.24
3143,902237,5161,4,54756.46,33.23
3144,901472,5291,3,6031.69,42.18
3145,902169,5212,1,51907.75,3.89
3146,901864,5234,-3,31052.99,34.08
3147,900456,5255,1,108025.9,31.92
3148,901186,5003,2,83626.26,28.65
3149,902376,5298,4,53704.34,21.17
3150,902037,5239,2,9764.99,33.9
3151,901944,5110,4,39631.61,36.42
3152,901461,5146,3,66808.88,3.92
3153,902091,5257,3,26824.95,48.98
3154,900782,5038,3,47468.53,43.31
3155,900416,5268,4,29983.13,45.15
3156,901985,5152,4,79424.28,48.2
3157,901002,5008,4,32565.72,48.36
3158,901043,5192,2,75042.83,57.19
3159,902308,5097,5,26980.44,48.7
3160,900448,5131,1,24594.48,45.74
3161,900352,5297,5,57306.08,54.39
3162,900938,5094,3,34020.23,19.43
3163,900070,5135,1,15280.01,47.65
3164,901197,5142,1,94598.18,30.95
3165,901309,5175,2,63780.57,29.83
3166,901308,5010,3,23845.91,27.91
3167,901669,5091,2,80187.28,43.12
3168,900629,5161,5,54756.46,14.27
3169,900966,5086,2,94800.96,37.77
3170,900495,5297,3,57306.08,50.52
3171,900765,5146,2,66808.88,42.23
3172,901445,5186,4,61306.4,0.66
3173,901824,5299,1,92332.41,5.06
3174,901736,5217,4,118104.27,20.34
3175,900813,5162,2,25417.46,11.52
3176,900781,5223,5,71815.17,5.65
3177,900117,5043,1,25756.79,5.5
3178,901853,5251,2,39474.25,53.32
3179,902366,5125,1,30260.88,43.95
3180,900192,5162,4,25417.46,29.4
3181,902002,5206,4,66702.53,13.09
3182,902250,5253,5,94315.04,46.54
3183,901572,5170,4,1727.26,37.13
3184,901607,5106,5,3550.44,0.44
3185,900255,5274,1,74942.75,51.38
3186,901861,5233,2,28726.2,53.5
3187,901981,5003,3,83626.26,13.2
3188,900429,5144,3,24135.92,51.43
3189,901441,5185,5,17196.52,31.68
3190,900337,5237,3,119817.45,21.11
3191,902099,5073,3,111376.48,47.77
3192,902136,5060,-3,55146.38,7.37
3193,900571,5022,3,1440.28,48.98
3194,900294,5122,3,102996.42,54.37
3195,902210,5177,4,90645.31,14.92
3196,901056,5298,2,53704.34,57.55
3197,900229,5267,5,3632.67,13.16
3198,900782,5032,1,99919.93,59.35
3199,902203,5063,3,70810.15,43.22
3200,900591,5231,2,115351.23,11.89
3201,902475,5075,2,56785.86,43.16
3202,900302,5166,2,94554.28,16.86
3203,900835,5210,1,8721.3,18.53
3204,901195,5208,3,7426.61,46.21
3205,900963,5131,3,24594.48,44.05
3206,901019,5139,2,83090.05,9.57
3207,901059,5051,2,1235.66,20.78
3208,900138,5016,2,13287.02,17.12
3209,902196,5044,5,74370.27,28.68
3210,900706,5298,5,53704.34,38.56
3211,901362,5283,5,54959.15,40.57
3212,900362,5071,3,116581.73,3.48
3213,902288,5158,2,32988.73,3.42
3214,900566,5148,1,105897.4,21.25
3215,902441,5123,2,10066.49,49.22
3216,900808,5089,1,34755.83,26.14
3217,901966,5066,1,116953.98,37.56
3218,901315,5078,1,64351.16,52.96
3219,902327,5236,3,14596.22,52.9
3220,901377,5184,5,87592.35,23.56
3221,900072,5039,5,10588.75,50.19
3222,900241,5235,3,85451.26,7.21
3223,901393,5014,2,10581.79,39.1
3224,902153,5298,3,53704.34,17.19
3225,900117,5045,5,32630.52,15.97
3226,900790,5059,1,53810.88,55.07
3227,902031,5199,2,30309.77,36.18
3228,901211,5141,3,96027.46,55.21
3229,902103,5232,2,41278.25,37.04
3230,901049,5007,1,11417.48,7.73
3231,901106,5190,5,24845.29,30.3
3232,901844,5058,5,117147.39,39.14
3233,902199,5137,4,86344.61,49.11
3234,901458,5289,1,115051.33,53.77
3235,900844,5008,2,32565.72,35.27
3236,901154,5227,3,113815.27,7.41
3237,901719,5271,4,40342.53,59.37
3238,900334,5095,2,15883.76,0.06
3239,902066,5202,4,106411.67,59.48
3240,902025,5264,2,36206.41,10.47
3241,901854,5192,5,75042.83,32.87
3242,901533,5016,5,13287.02,11.14
3243,900816,5273,2,10208.71,18.76
3244,900221,5173,5,12716.76,32.87
3245,901492,5133,2,108501.12,2.8
3246,900772,5045,4,32630.52,5.53
3247,901537,5119,1,19763.13,22.43
3248,901170,5163,5,86042.99,47.93
3249,901785,5289,5,115051.33,41.35
3250,901685,5196,3,70102.22,21.37
3251,900818,5075,1,56785.86,35.81
3252,901836,5240,3,68484.84,37.46
3253,900602,5243,3,8603.58,32.16
3254,900248,5060,-2,55146.38,4.52
3255,900668,5274,5,74942.75,24.7
3256,902124,5169,3,119312.69,54.55
3257,901712,5073,4,111376.48,23.19
3258,900532,5053,4,12243.73,11.19
3259,900535,5028,5,75074.9,43.79
3260,900697,5289,5,115051.33,42.55
3261,902490,5238,5,90430.72,33.75
3262,901239,5240,-3,68484.84,9.87
3263,900096,5072,-1,37232.01,53.52
3264,902382,5023,2,94665.29,41.82
3265,901032,5289,5,115051.33,1.24
3266,901007,5050,2,114700.68,50.94
3267,900945,5005,2,112994.23,20.35
3268,901112,5155,1,78059.48,5.95
3269,901793,5211,1,67610.16,20.27
3270,900892,5063,4,70810.15,10.16
3271,901207,5183,4,8291.64,28.79
3272,902423,5076,5,74784.63,51.59
3273,901727,5269,1,108088.45,28.25
3274,901695,5224,3,4453.63,27.49
3275,900644,5180,5,30966.92,33.03
3276,902016,5289,3,115051.33,26.5
3277,900024,5117,2,2896.24,16.75
3278,901365,5170,1,1727.26,51.55
3279,901134,5276,2,22728.96,35.07
3280,901550,5096,2,85485.71,48.47
3281,900171,5060,1,55146.38,41.31
3282,902305,5116,4,90702.12,26.69
3283,901748,5201,3,45785.64,35.78
3284,901142,5267,2,3632.67,27.24
3285,900579,5258,3,61259.59,29.25
3286,900156,5223,4,71815.17,54.03
3287,901098,5240,4,68484.84,0.7
3288,901701,5033,5,76825.5,27.68
3289,900595,5239,2,9764.99,44.02
3290,901701,5042,3,72630.14,5.6
3291,900167,5049,2,106799.26,57.72
3292,901245,5146,2,66808.88,39.7
3293,900999,5013,2,6581.67,25.51
3294,900267,5094,5,34020.23,27.01
3295,901432,5294,5,63582.01,22.53
3296,901664,5054,2,107272.03,47.6
3297,901493,5263,2,76205.22,28.69
3298,901735,5285,4,2967.29,11.02
3299,900784,5235,3,85451.26,22.72
3300,900587,5062,5,110172.41,49.22
3301,902192,5196,3,70102.22,31.77
3302,902301,5023,1,94665.29,14.74
3303,900764,5087,4,96717.04,41.57
3304,901897,5100,2,55009.8,27.08
3305,900188,5255,3,108025.9,20.15
3306,900046,5011,1,15384.54,55.11
3307,901306,5102,1,96913.93,16.37
3308,902461,5182,4,77248.73,47.52
3309,901443,5174,1,44150.01,3.66
3310,901148,5215,4,15938.21,7.0
3311,902109,5290,1,86584.61,5.81
3312,900085,5148,5,105897.4,33.3
3313,901433,5045,5,32630.52,35.52
3314,902252,5178,2,14331.9,32.93
3315,900113,5263,2,76205.22,22.33
3316,902462,5229,3,74603.25,43.05
3317,902433,5104,3,27750.29,40.62
3318,901987,5205,2,56789.72,50.63
3319,900127,5230,2,24348.69,27.14
3320,900618,5248,3,21905.83,35.3
3321,900634,5203,5,107160.64,29.92
3322,902424,5018,2,61626.46,7.68
3323,901975,5070,5,20605.69,56.66
3324,900882,5157,3,10677.82,21.93
3325,902385,5181,2,25224.51,49.99
3326,900782,5189,2,103377.72,55.31
3327,901054,5003,4,83626.26,56.51
3328,902475,5049,4,106799.26,26.91
3329,900778,5244,1,63596.53,16.04
3330,901779,5071,2,116581.73,3.92
3331,900126,5167,2,11501.85,40.31
3332,901523,5032,4,99919.93,5.66
3333,902144,5162,2,25417.46,58.63
3334,901430,5128,3,19440.46,52.49
3335,901743,5048,-3,114931.19,49.28
3336,900649,5181,3,25224.51,7.09
3337,902413,5148,5,105897.4,19.27
3338,900613,5246,2,79025.97,3.08
3339,900161,5132,1,67216.17,31.39
3340,901448,5128,4,19440.46,46.23
3341,901462,5259,2,9473.59,48.07
3342,900197,5044,1,74370.27,53.69
3343,902110,5253,1,94315.04,4.36
3344,901878,5250,2,84169.66,19.4
3345,902072,5008,1,32565.72,49.82
3346,900978,5075,2,56785.86,44.39
3347,901975,5137,2,86344.61,32.36
3348,902085,5279,4,70408.01,48.23
3349,901277,5035,5,94529.4,58.16
3350,901476,5140,1,109096.85,10.27
3351,900417,5115,3,94859.99,2.44
3352,901520,5249,5,44047.24,36.26
3353,900750,5201,2,45785.64,5.79
3354,900183,5134,5,42647.71,12.22
3355,901352,5113,5,22911.17,0.52
3356,902052,5035,3,94529.4,6.73
3357,902326,5074,3,43510.7,36.12
3358,901411,5264,2,36206.41,47.86
3359,900933,5184,3,87592.35,28.92
3360,901870,5155,5,78059.48,36.69
3361,901690,5173,1,12716.76,41.57
3362,901337,5170,2,1727.26,1.39
3363,901820,5246,-3,79025.97,17.34
3364,901911,5167,4,11501.85,34.77
3365,900364,5269,2,108088.45,9.08
3366,900002,5136,5,70326.62,2.14
3367,900320,5051,5,1235.66,25.15
3368,900919,5285,1,2967.29,45.33
3369,900011,5035,2,94529.4,49.41
3370,900090,5055,2,39836.13,1.68
3371,901040,5276,5,22728.96,49.94
3372,900741,5181,5,25224.51,13.45
3373,901180,5145,4,48327.63,57.23
3374,901473,5002,1,4452.46,14.49
3375,902403,5047,4,5126.37,9.88
3376,900803,5188,2,82788.95,38.87
3377,901485,5171,4,106371.02,22.36
3378,900920,5142,1,94598.18,45.08
3379,902008,5281,5,79665.06,14.86
3380,900093,5027,4,93544.34,47.59
3381,902104,5233,5,28726.2,19.29
3382,902196,5076,5,74784.63,14.06
3383,901121,5187,4,12145.65,44.19
3384,901046,5005,1,112994.23,50.55
3385,901352,5031,3,83287.34,23.57
3386,900648,5178,1,14331.9,37.46
3387,901076,5128,2,19440.46,33.54
3388,901461,5289,5,115051.33,52.04
3389,901214,5086,1,94800.96,38.93
3390,901740,5153,1,1064.72,49.73
3391,902344,5064,2,35046.88,28.12
3392,901939,5095,3,15883.76,17.4
3393,900956,5027,2,93544.34,1.18
3394,901812,5266,4,71522.44,29.98
3395,901844,5032,2,99919.93,0.74
3396,900782,5107,3,114549.22,17.8
3397,902298,5225,4,36637.58,58.8
3398,901093,5110,1,39631.61,53.39
3399,901267,5108,4,13618.58,49.53
3400,902454,5068,1,41767.34,21.74
3401,902036,5007,3,11417.48,4.58
3402,901443,5275,5,87493.26,59.43
3403,901617,5232,3,41278.25,23.14
3404,901758,5043,4,25756.79,19.86
3405,900096,5020,2,92776.76,37.28
3406,901654,5153,2,1064.72,37.79
3407,901439,5077,3,107108.61,2.43
3408,902448,5230,5,24348.69,4.95
3409,901766,5190,2,24845.29,36.21
3410,900764,5147,3,56229.64,22.32
3411,901342,5209,3,53353.56,12.24
3412,902488,5057,4,7303.42,5.07
3413,901936,5015,2,119779.19,5.51
3414,901602,5028,1,75074.9,58.12
3415,900675,5280,2,56292.05,16.42
3416,901441,5249,3,44047.24,2.87
3417,902167,5151,5,3710.99,10.65
3418,902123,5203,1,107160.64,11.39
3419,901336,5004,3,9286.56,39.31
3420,900292,5209,1,53353.56,43.22
3421,901742,5111,2,69136.06,54.58
3422,902482,5168,5,78534.08,28.1
3423,900932,5279,5,70408.01,2.8
3424,900269,5185,5,17196.52,54.1
3425,902075,5052,2,54630.3,34.83
3426,900172,5104,4,27750.29,33.97
3427,902314,5021,3,97294.53,34.49
3428,902216,5194,-3,5621.88,38.07
3429,900421,5207,4,58272.74,32.88
3430,900565,5159,2,72830.3,49.2
3431,901051,5195,2,7009.9,59.63
3432,901677,5135,3,15280.01,7.64
3433,902204,5009,4,19808.61,34.69
3434,901261,5257,2,26824.95,24.61
3435,901791,5195,5,7009.9,49.78
3436,900654,5093,2,101983.54,28.83
3437,900507,5173,3,12716.76,42.77
3438,900761,5059,3,53810.88,50.89
3439,901595,5012,5,60290.29,17.7
3440,902016,5037,3,112000.42,22.32
3441,900079,5059,2,53810.88,9.96
3442,901590,5191,5,25183.26,34.52
3443,900615,5089,3,34755.83,14.28
3444,901272,5191,3,25183.26,40.51
3445,901346,5276,1,22728.96,54.08
3446,901712,5276,1,22728.96,32.06
3447,900807,5223,3,71815.17,10.21
3448,901244,5252,3,81400.9,45.28
3449,900498,5175,3,63780.57,17.43
3450,900679,5262,2,14189.52,12.73
3451,900979,5134,4,42647.71,39.79
3452,900725,5149,3,63562.75,14.89
3453,901532,5068,2,41767.34,50.81
3454,900873,5184,4,87592.35,27.53
3455,902003,5134,1,42647.71,34.08
3456,902030,5244,3,63596.53,36.32
3457,900791,5121,5,107893.28,49.52
3458,902481,5040,4,100380.24,42.02
3459,901008,5277,-3,50824.79,54.7
3460,902138,5280,2,56292.05,59.86
3461,901516,5148,3,105897.4,32.83
3462,900764,5135,4,15280.01,28.04
3463,901590,5248,4,21905.83,11.89
3464,901188,5058,3,117147.39,26.4
3465,900772,5192,-2,75042.83,24.79
3466,902190,5087,4,96717.04,24.8
3467,900271,5125,3,30260.88,23.63
3468,901326,5126,4,78811.18,28.25
3469,901034,5168,1,78534.08,54.65
3470,901168,5210,2,8721.3,5.06
3471,900335,5046,5,96884.71,31.79
3472,900335,5290,3,86584.61,7.47
3473,902389,5080,4,102191.83,27.29
3474,900122,5214,4,57360.37,45.09
3475,901353,5278,2,37468.84,49.68
3476,900392,5177,2,90645.31,38.16
3477,901643,5013,1,6581.67,17.87
3478,900737,5236,2,14596.22,57.48
3479,901286,5293,4,38571.51,0.31
3480,900021,5105,1,97076.08,25.97
3481,900753,5121,2,107893.28,35.71
3482,902326,5063,1,70810.15,38.2
3483,902276,5050,3,114700.68,51.51
3484,902038,5114,2,23425.82,11.77
3485,900965,5162,4,25417.46,29.04
3486,900480,5044,4,74370.27,5.42
3487,900948,5139,3,83090.05,36.25
3488,901033,5028,1,75074.9,45.62
3489,900538,5264,3,36206.41,13.35
3490,900287,5133,4,108501.12,55.84
3491,901518,5261,4,57882.25,2.33
3492,901021,5296,2,96452.73,46.02
3493,902490,5161,1,54756.46,52.55
3494,901871,5279,3,70408.01,51.39
3495,900424,5047,3,5126.37,34.84
3496,901979,5040,5,100380.24,12.3
3497,901891,5283,3,54959.15,41.89
3498,901046,5297,2,57306.08,3.89
3499,900762,5053,2,12243.73,52.65
3500,900020,5165,4,35309.95,55.26
3501,900036,5227,3,113815.27,36.1
3502,902393,5104,5,27750.29,35.61
3503,902076,5183,5,8291.64,55.34
3504,901834,5247,2,23243.3,38.25
3505,901942,5078,3,64351.16,34.93
3506,901961,5039,3,10588.75,52.11
3507,900375,5005,5,112994.23,49.84
3508,901836,5040,1,100380.24,16.94
3509,900557,5114,4,23425.82,32.69
3510,900934,5133,4,108501.12,23.49
3511,900451,5096,1,85485.71,7.0
3512,900265,5121,3,107893.28,20.13
3513,900085,5131,2,24594.48,37.04
3514,900658,5140,1,109096.85,15.66
3515,902446,5065,2,48996.44,23.67
3516,901059,5040,3,100380.24,55.22
3517,901644,5272,4,89740.5,24.45
3518,900058,5018,5,61626.46,51.51
3519,901599,5137,2,86344.61,17.72
3520,901293,5232,3,41278.25,21.89
3521,900619,5132,4,67216.17,40.46
3522,901791,5208,1,7426.61,37.22
3523,900354,5192,1,75042.83,51.07
3524,901634,5061,5,114364.12,52.59
3525,900749,5218,1,1453.94,7.81
3526,900314,5128,3,19440.46,55.46
3527,902026,5064,-3,35046.88,27.26
3528,902168,5181,5,25224.51,38.5
3529,900789,5105,1,97076.08,37.85
3530,901429,5275,-2,87493.26,41.99
3531,900810,5256,3,43257.45,38.22
3532,900123,5197,2,32308.96,43.14
3533,900179,5124,5,98656.03,54.11
3534,901385,5249,2,44047.24,10.71
3535,900549,5100,3,55009.8,42.07
3536,902364,5070,4,20605.69,23.8
3537,900355,5295,2,74905.25,35.8
3538,901481,5143,2,77786.21,3.78
3539,901865,5151,5,3710.99,22.13
3540,900143,5051,3,1235.66,27.02
3541,902128,5074,4,43510.7,39.53
3542,902128,5295,3,74905.25,3.75
3543,900240,5065,4,48996.44,35.26
3544,901795,5027,5,93544.34,45.29
3545,901920,5297,1,57306.08,54.16
3546,901936,5135,5,15280.01,46.09
3547,901039,5207,5,58272.74,39.29
3548,900767,5263,4,76205.22,16.17
3549,900360,5041,2,72519.0,11.21
3550,902417,5171,2,106371.02,3.16
3551,901652,5191,4,25183.26,2.71
3552,900652,5168,5,78534.08,23.26
3553,902239,5247,1,23243.3,29.33
3554,901260,5165,3,35309.95,57.82
3555,902391,5036,-2,70576.95,28.02
3556,901050,5058,3,117147.39,48.31
3557,902293,5180,3,30966.92,3.69
3558,901683,5189,1,103377.72,43.19
3559,901139,5071,4,116581.73,17.92
3560,901345,5187,2,12145.65,57.5
3561,901551,5004,2,9286.56,20.2
3562,902315,5079,4,43624.56,41.34
3563,901954,5164,4,51778.22,52.61
3564,901108,5252,2,81400.9,35.19
3565,902089,5230,1,24348.69,22.98
3566,900515,5123,2,10066.49,44.92
3567,901253,5074,5,43510.7,11.95
3568,900492,5152,1,79424.28,5.12
3569,900887,5058,5,117147.39,40.38
3570,902290,5179,5,82472.44,6.71
3571,900525,5055,5,39836.13,30.22
3572,900360,5165,-2,35309.95,8.32
3573,901761,5045,2,32630.52,54.56
3574,900612,5226,4,8087.88,17.71
3575,901717,5174,5,44150.01,34.64
3576,900908,5136,5,70326.62,9.02
3577,901160,5146,3,66808.88,4.11
3578,900677,5240,1,68484.84,18.81
3579,901118,5091,4,80187.28,42.72
3580,900313,5111,5,69136.06,32.06
3581,901128,5219,4,4011.36,34.05
3582,902023,5012,5,60290.29,23.83
3583,901891,5207,1,58272.74,28.35
3584,901934,5233,5,28726.2,43.61
3585,901061,5014,3,10581.79,11.5
3586,901453,5231,5,115351.23,1.62
3587,901410,5051,1,1235.66,26.15
3588,901162,5214,1,57360.37,22.26
3589,900327,5015,1,119779.19,23.08
3590,901435,5195,1,7009.9,21.46
3591,901473,5149,3,63562.75,55.81
3592,900676,5252,-2,81400.9,12.01
3593,901288,5054,2,107272.03,24.81
3594,901008,5279,5,70408.01,26.83
3595,900426,5063,3,70810.15,7.03
3596,902450,5062,4,110172.41,3.52
3597,900924,5207,4,58272.74,21.32
3598,900322,5242,4,109785.9,59.2
3599,900690,5010,3,23845.91,29.82
3600,901458,5143,5,77786.21,13.57
3601,900308,5162,2,25417.46,12.53
3602,901499,5139,4,83090.05,26.57
3603,900951,5038,1,47468.53,7.64
3604,901586,5094,3,34020.23,21.84
3605,901696,5154,4,60914.98,34.72
3606,902041,5124,2,98656.03,28.98
3607,901339,5188,1,82788.95,47.28
3608,900852,5269,5,108088.45,28.15
3609,901469,5159,2,72830.3,52.05
3610,902303,5211,2,67610.16,17.9
3611,902096,5104,2,27750.29,50.85
3612,901008,5297,5,57306.08,47.97
3613,901843,5104,5,27750.29,43.96
3614,900096,5238,5,90430.72,24.41
3615,901689,5184,2,87592.35,34.28
3616,901103,5026,2,119675.66,17.57
3617,902221,5069,3,105305.65,12.35
3618,901661,5038,2,47468.53,3.76
3619,900813,5203,4,107160.64,28.56
3620,901027,5176,5,62331.61,5.46
3621,900665,5104,1,27750.29,0.8
3622,901304,5205,5,56789.72,29.71
3623,900157,5132,5,67216.17,43.82
3624,901726,5236,5,14596.22,20.9
3625,900440,5086,5,94800.96,54.31
3626,902455,5049,5,106799.26,38.53
3627,901964,5013,3,6581.67,16.54
3628,900714,5296,4,96452.73,23.54
3629,900249,5020,5,92776.76,33.73
3630,901791,5182,2,77248.73,1.35
3631,901843,5083,5,11704.04,16.94
3632,901164,5266,1,71522.44,46.06
3633,901150,5139,4,83090.05,21.79
3634,901505,5079,2,43624.56,9.44
3635,901291,5027,1,93544.34,27.07
3636,900786,5103,4,27052.85,46.45
3637,902302,5187,4,12145.65,43.09
3638,900578,5138,5,80796.56,26.3
3639,900826,5074,5,43510.7,33.71
3640,900339,5239,2,9764.99,24.97
3641,900152,5284,1,64048.28,14.79
3642,901809,5203,4,107160.64,1.65
3643,902328,5022,2,1440.28,39.84
3644,901559,5036,4,70576.95,42.88
3645,900705,5099,5,62144.76,41.37
3646,902280,5211,5,67610.16,23.23
3647,901868,5058,1,117147.39,47.3
3648,900880,5201,3,45785.64,42.92
3649,901869,5014,4,10581.79,33.03
3650,900825,5113,5,22911.17,50.18
3651,902276,5260,3,42778.37,15.32
3652,900103,5223,5,71815.17,50.92
3653,900193,5207,1,58272.74,33.34
3654,901914,5097,5,26980.44,25.95
3655,900631,5069,4,105305.65,33.37
3656,902309,5095,2,15883.76,52.11
3657,902127,5015,4,119779.19,56.97
3658,900096,5182,4,77248.73,55.83
3659,902165,5198,4,86758.57,21.94
3660,902494,5237,1,119817.45,21.06
3661,901179,5271,2,40342.53,55.7
3662,901333,5085,3,83088.08,8.38
3663,900536,5254,5,116520.08,36.44
3664,901585,5276,1,22728.96,22.87
3665,900278,5059,2,53810.88,18.48
3666,900457,5127,2,97824.02,9.3
3667,902002,5190,2,24845.29,51.74
3668,901041,5113,1,22911.17,36.49
3669,900181,5164,3,51778.22,11.1
3670,902173,5068,2,41767.34,6.73
3671,901806,5293,3,38571.51,50.15
3672,901420,5220,5,16844.95,55.59
3673,901319,5156,5,13381.53,1.99
3674,900195,5240,1,68484.84,21.85
3675,900355,5215,1,15938.21,9.05
3676,900012,5076,1,74784.63,42.62
3677,900425,5088,2,17338.8,11.21
3678,901020,5296,-2,96452.73,41.17
3679,902014,5109,2,49172.01,58.71
3680,900444,5021,5,97294.53,8.69
3681,900799,5274,4,74942.75,7.84
3682,900683,5217,1,118104.27,29.85
3683,900462,5224,1,4453.63,41.97
3684,900190,5298,-3,53704.34,32.44
3685,902022,5271,5,40342.53,20.55
3686,901990,5102,5,96913.93,12.85
3687,900506,5194,5,5621.88,20.35
3688,902486,5057,3,7303.42,35.15
3689,901907,5091,1,80187.28,52.97
3690,900727,5270,5,10034.38,47.53
3691,900381,5008,4,32565.72,51.26
3692,902113,5178,4,14331.9,44.7
3693,900295,5028,5,75074.9,26.62
3694,900089,5085,5,83088.08,47.67
3695,900418,5055,2,39836.13,49.4
3696,901981,5064,4,35046.88,6.27
3697,901435,5192,1,75042.83,7.61
3698,901578,5060,5,55146.38,44.14
3699,900040,5277,-1,50824.79,19.48
3700,901527,5026,1,119675.66,15.31
3701,901599,5120,5,5452.35,24.22
3702,901026,5025,2,110999.09,6.8
3703,900925,5248,4,21905.83,21.04
3704,901593,5147,3,56229.64,7.54
3705,901606,5105,1,97076.08,50.24
3706,900091,5159,3,72830.3,58.44
3707,902327,5060,1,55146.38,28.04
3708,900126,5090,2,110957.13,31.83
3709,901415,5059,4,53810.88,5.13
3710,901778,5100,4,55009.8,46.53
3711,900361,5269,1,108088.45,28.3
3712,901945,5072,2,37232.01,13.68
3713,900204,5189,5,103377.72,19.81
3714,900762,5088,4,17338.8,25.08
3715,901851,5009,4,19808.61,23.88
3716,900518,5211,3,67610.16,8.89
3717,901205,5234,4,31052.99,16.01
3718,901865,5241,5,32381.8,8.94
3719,901061,5101,4,7233.16,41.11
3720,900874,5024,5,20181.17,49.94
3721,901779,5054,5,107272.03,47.82
3722,900699,5088,3,17338.8,38.45
3723,901984,5052,3,54630.3,44.07
3724,901992,5186,4,61306.4,42.2
3725,902268,5287,1,37439.79,55.24
3726,900785,5143,2,77786.21,2.97
3727,902308,5098,1,116982.74,22.75
3728,902019,5234,5,31052.99,4.07
3729,901693,5039,3,10588.75,58.06
3730,902102,5029,3,86135.7,8.67
3731,900558,5226,4,8087.88,15.47
3732,902422,5032,5,99919.93,58.08
3733,901502,5152,4,79424.28,20.61
3734,900253,5122,5,102996.42,37.91
3735,900041,5083,3,11704.04,39.09
3736,900758,5075,2,56785.86,57.0
3737,900964,5188,3,82788.95,18.88
3738,902201,5284,5,64048.28,1.95
3739,900591,5075,4,56785.86,44.18
3740,901728,5285,1,2967.29,20.06
3741,902037,5197,2,32308.96,25.72
3742,900733,5272,2,89740.5,31.54
3743,900220,5269,2,108088.45,28.46
3744,901099,5082,1,43272.32,1.94
3745,901489,5002,3,4452.46,28.22
3746,902402,5104,1,27750.29,13.09
3747,901177,5167,3,11501.85,21.32
3748,902253,5113,5,22911.17,17.15
3749,902301,5123,1,10066.49,21.59
3750,900134,5208,1,7426.61,0.64
3751,900381,5117,3,2896.24,43.94
3752,900034,5205,3,56789.72,43.24
3753,902411,5016,1,13287.02,7.29
3754,902097,5081,3,1557.7,12.2
3755,902026,5243,2,8603.58,44.67
3756,901378,5018,3,61626.46,41.18
3757,900102,5101,4,7233.16,26.82
3758,902078,5069,2,105305.65,32.99
3759,901635,5281,-2,79665.06,19.63
3760,900500,5135,5,15280.01,33.91
3761,900437,5005,1,112994.23,30.07
3762,901737,5081,2,1557.7,33.68
3763,902041,5051,3,1235.66,40.12
3764,901776,5160,5,9138.2,24.14
3765,901154,5059,5,53810.88,21.18
3766,900035,5277,1,50824.79,54.51
3767,900656,5045,3,32630.52,22.88
3768,901046,5012,3,60290.29,43.51
3769,900834,5056,1,79390.52,59.85
3770,901405,5166,2,94554.28,4.45
3771,900847,5019,-2,40574.83,59.48
3772,902459,5090,2,110957.13,27.12
3773,902272,5208,2,7426.61,29.64
3774,902059,5041,2,72519.0,13.81
3775,901160,5036,2,70576.95,32.71
3776,900565,5262,5,14189.52,19.69
3777,900972,5070,4,20605.69,4.4
3778,902423,5283,5,54959.15,13.01
3779,901058,5187,3,12145.65,51.34
3780,901879,5207,2,58272.74,27.04
3781,902251,5195,2,7009.9,2.29
3782,900050,5082,1,43272.32,37.08
3783,901525,5027,1,93544.34,27.48
3784,901874,5092,1,87491.23,6.66
3785,901541,5281,5,79665.06,23.38
3786,900289,5103,1,27052.85,10.28
3787,900263,5002,1,4452.46,41.12
3788,901776,5198,4,86758.57,39.67
3789,901455,5113,2,22911.17,21.61
3790,901799,5258,1,61259.59,55.03
3791,900544,5254,3,116520.08,30.66
3792,900930,5155,1,78059.48,48.96
3793,900483,5286,2,82991.3,48.79
3794,901487,5052,3,54630.3,12.45
3795,900670,5245,2,61609.41,8.99
3796,901579,5069,2,105305.65,56.75
3797,901682,5250,2,84169.66,32.49
3798,900004,5190,4,24845.29,20.23
3799,900674,5090,4,110957.13,51.36
3800,900632,5262,-2,14189.52,9.39
3801,901813,5054,1,107272.03,2.89
3802,900770,5078,3,64351.16,17.0
3803,900514,5030,5,115895.1,19.31
3804,901117,5287,2,37439.79,50.36
3805,901144,5159,4,72830.3,49.8
3806,900163,5058,4,117147.39,19.93
3807,902191,5160,4,9138.2,58.8
3808,900104,5014,1,10581.79,32.23
3809,901706,5045,1,32630.52,26.84
3810,901190,5240,5,68484.84,40.03
3811,900684,5077,4,107108.61,3.11
3812,901586,5286,4,82991.3,7.98
3813,900267,5161,5,54756.46,37.89
3814,901036,5131,-3,24594.48,0.94
3815,902404,5136,4,70326.62,5.13
3816,902289,5079,1,43624.56,15.36
3817,900296,5273,1,10208.71,19.81
3818,902370,5013,1,6581.67,37.26
3819,900641,5265,5,72194.97,46.77
3820,901319,5135,3,15280.01,41.29
3821,900758,5085,5,83088.08,46.43
3822,902447,5038,3,47468.53,49.96
3823,900025,5176,5,62331.61,48.97
3824,900907,5064,4,35046.88,48.4
3825,902364,5292,4,75588.15,10.09
3826,900837,5291,1,6031.69,21.06
3827,900116,5203,3,107160.64,41.31
3828,900744,5067,-3,39005.62,28.62
3829,900056,5276,2,22728.96,11.05
3830,902042,5139,2,83090.05,54.47
3831,901973,5117,4,2896.24,28.61
3832,900507,5128,4,19440.46,36.99
3833,900743,5217,5,118104.27,54.59
3834,901287,5011,4,15384.54,39.7
3835,901342,5128,1,19440.46,30.73
3836,901210,5244,3,63596.53,10.89
3837,900620,5006,5,104831.05,28.51
3838,902091,5232,5,41278.25,12.6
3839,901055,5257,5,26824.95,37.1
3840,900018,5216,3,24759.17,52.0
3841,901854,5019,2,40574.83,15.43
3842,900918,5091,5,80187.28,19.06
3843,900430,5095,4,15883.76,51.04
3844,900556,5164,3,51778.22,33.17
3845,901365,5083,4,11704.04,8.36
3846,900668,5076,4,74784.63,41.33
3847,901851,5206,4,66702.53,52.24
3848,902203,5259,5,9473.59,25.06
3849,900521,5028,4,75074.9,51.77
3850,901268,5219,3,4011.36,13.22
3851,901920,5104,5,27750.29,3.71
3852,900731,5053,5,12243.73,33.22
3853,900719,5232,5,41278.25,11.96
3854,901547,5032,1,99919.93,7.74
3855,901740,5262,-3,14189.52,11.88
3856,900862,5244,2,63596.53,47.55
3857,902120,5159,1,72830.3,23.15
3858,900135,5155,3,78059.48,36.42
3859,900440,5079,5,43624.56,20.09
3860,902457,5227,1,113815.27,1.46
3861,901943,5129,4,13468.82,49.66
3862,901535,5130,3,99662.88,26.87
3863,900121,5150,4,114822.4,47.28
3864,901843,5094,4,34020.23,27.52
3865,901570,5006,5,104831.05,33.16
3866,900316,5233,5,28726.2,18.73
3867,900149,5067,4,39005.62,53.21
3868,901531,5131,3,24594.48,13.62
3869,901212,5267,4,3632.67,20.21
3870,900279,5112,2,105664.54,59.99
3871,901804,5161,1,54756.46,10.71
3872,902097,5171,3,106371.02,1.41
3873,900266,5145,4,48327.63,36.2
3874,902093,5183,4,8291.64,54.1
3875,900909,5192,4,75042.83,24.37
3876,900075,5203,3,107160.64,2.43
3877,901947,5028,3,75074.9,3.63
3878,900926,5069,3,105305.65,33.37
3879,900747,5285,3,2967.29,58.76
3880,900502,5206,2,66702.53,51.28
3881,900253,5241,5,32381.8,17.65
3882,901869,5173,1,12716.76,55.2
3883,900323,5292,4,75588.15,42.91
3884,900443,5150,1,114822.4,7.46
3885,900663,5115,5,94859.99,19.51
3886,902179,5208,4,7426.61,15.96
3887,901705,5045,5,32630.52,45.09
3888,902193,5262,3,14189.52,31.02
3889,900114,5251,1,39474.25,44.69
3890,900909,5117,1,2896.24,44.47
3891,900405,5190,2,24845.29,24.93
3892,900421,5261,3,57882.25,2.16
3893,901897,5099,1,62144.76,8.45
3894,901438,5105,4,97076.08,8.52
3895,902416,5215,3,15938.21,12.03
3896,901960,5077,3,107108.61,13.59
3897,900177,5094,1,34020.23,3.43
3898,901898,5158,3,32988.73,34.28
3899,901166,5163,2,86042.99,8.65
3900,900743,5002,2,4452.46,16.91
3901,902009,5043,1,25756.79,19.13
3902,901601,5181,5,25224.51,3.58
3903,902493,5006,5,104831.05,22.51
3904,900628,5261,3,57882.25,4.35
3905,900162,5066,5,116953.98,23.6
3906,901567,5217,1,118104.27,28.26
3907,902119,5116,1,90702.12,21.16
3908,901017,5019,3,40574.83,2.91
3909,901181,5048,5,114931.19,22.26
3910,901536,5018,5,61626.46,30.83
3911,900970,5064,5,35046.88,35.25
3912,901308,5019,5,40574.83,52.28
3913,900026,5089,1,34755.83,46.23
3914,902192,5116,4,90702.12,2.07
3915,902362,5282,3,112040.79,40.82
3916,900835,5239,2,9764.99,48.69
3917,900238,5230,1,24348.69,29.02
3918,900390,5085,5,83088.08,11.81
3919,900325,5280,3,56292.05,21.39
3920,901531,5014,2,10581.79,6.76
3921,900459,5071,3,116581.73,36.09
3922,901629,5191,4,25183.26,5.8
3923,900232,5077,-2,107108.61,5.48
3924,900550,5050,3,114700.68,0.69
3925,902300,5126,1,78811.18,38.89
3926,900455,5106,2,3550.44,20.16
3927,901367,5147,5,56229.64,10.59
3928,901669,5099,2,62144.76,52.77
3929,901199,5292,5,75588.15,43.19
3930,901274,5269,2,108088.45,11.35
3931,900977,5201,-3,45785.64,41.5
3932,900467,5166,4,94554.28,52.51
3933,901603,5109,3,49172.01,52.83
3934,901967,5286,4,82991.3,25.33
3935,901936,5138,1,80796.56,41.97
3936,902065,5194,1,5621.88,48.46
3937,900665,5275,2,87493.26,52.72
3938,900935,5141,1,96027.46,8.19
3939,902090,5213,3,61331.48,22.99
3940,901140,5173,3,12716.76,4.25
3941,902050,5174,3,44150.01,18.57
3942,901687,5207,1,58272.74,45.13
3943,901215,5238,2,90430.72,53.23
3944,900847,5110,1,39631.61,32.63
3945,901169,5268,4,29983.13,49.91
3946,901903,5294,1,63582.01,0.81
3947,902154,5086,5,94800.96,45.5
3948,901460,5185,5,17196.52,34.97
3949,900974,5251,5,39474.25,41.95
3950,902466,5040,3,100380.24,46.2
3951,902479,5227,2,113815.27,53.97
3952,900224,5232,3,41278.25,18.56
3953,900853,5092,4,87491.23,27.79
3954,901063,5254,5,116520.08,11.41
3955,900060,5248,5,21905.83,55.04
3956,902500,5123,4,10066.49,1.0
3957,901673,5080,4,102191.83,5.59
3958,901255,5247,5,23243.3,4.81
3959,901009,5175,3,63780.57,24.65
3960,900165,5274,1,74942.75,30.73
3961,901247,5128,2,19440.46,51.63
3962,902298,5029,-2,86135.7,3.03
3963,901040,5292,1,75588.15,57.4
3964,901479,5157,3,10677.82,22.26
3965,902408,5295,4,74905.25,40.06
3966,901794,5006,4,104831.05,42.8
3967,901654,5202,2,106411.67,24.56
3968,902279,5117,3,2896.24,35.15
3969,900248,5294,4,63582.01,2.9
3970,901432,5002,5,4452.46,54.54
3971,900947,5222,3,102926.19,13.05
3972,900598,5271,3,40342.53,9.06
3973,901474,5141,5,96027.46,43.83
3974,902336,5048,4,114931.19,44.75
3975,900154,5078,4,64351.16,54.15
3976,901144,5116,2,90702.12,55.56
3977,900912,5072,5,37232.01,11.58
3978,900704,5102,4,96913.93,0.02
3979,901783,5237,5,119817.45,54.86
3980,902374,5116,5,90702.12,9.16
3981,900940,5209,4,53353.56,19.95
3982,901019,5197,1,32308.96,15.47
3983,900383,5297,1,57306.08,12.57
3984,900665,5255,4,108025.9,35.94
3985,901770,5287,2,37439.79,36.49
3986,901565,5231,4,115351.23,32.85
3987,901140,5169,2,119312.69,44.74
3988,900647,5004,2,9286.56,17.78
3989,900972,5166,2,94554.28,21.87
3990,900105,5078,3,64351.16,55.8
3991,900735,5021,5,97294.53,47.67
3992,900217,5082,3,43272.32,6.64
3993,902081,5019,2,40574.83,22.89
3994,901967,5249,4,44047.24,28.78
3995,902344,5080,3,102191.83,36.51
3996,900217,5015,4,119779.19,55.88
3997,902363,5084,4,36937.64,46.37
3998,900779,5173,1,12716.76,29.3
3999,900962,5007,1,11417.48,30.57
4000,900317,5269,5,108088.45,41.75
4001,900750,5137,2,86344.61,31.09
4002,901148,5286,5,82991.3,27.67
4003,902436,5072,5,37232.01,30.58
4004,901555,5078,1,64351.16,7.23
4005,900291,5234,1,31052.99,41.4
4006,900502,5041,3,72519.0,40.0
4007,901006,5109,2,49172.01,14.7
4008,901716,5071,4,116581.73,45.43
4009,902072,5183,3,8291.64,4.45
4010,900305,5073,4,111376.48,51.52
4011,901135,5158,4,32988.73,42.78
4012,902074,5020,2,92776.76,42.36
4013,900770,5139,4,83090.05,58.53
4014,900881,5030,3,115895.1,28.17
4015,900800,5011,3,15384.54,25.6
4016,901011,5263,4,76205.22,23.36
4017,902157,5258,4,61259.59,52.47
4018,900781,5163,5,86042.99,30.08
4019,902397,5052,2,54630.3,57.32
4020,901561,5105,3,97076.08,2.05
4021,900254,5273,5,10208.71,35.81
4022,900644,5093,3,101983.54,15.09
4023,901871,5084,3,36937.64,54.24
4024,902286,5045,4,32630.52,31.09
4025,902113,5265,5,72194.97,45.32
4026,900708,5043,5,25756.79,11.61
4027,900248,5026,2,119675.66,44.92
4028,900286,5193,4,19090.57,28.54
4029,900131,5167,5,11501.85,56.67
4030,900737,5078,4,64351.16,6.64
4031,900861,5144,1,24135.92,23.76
4032,900193,5231,5,115351.23,26.75
4033,901483,5128,1,19440.46,0.12
4034,901153,5189,5,103377.72,3.16
4035,902389,5091,2,80187.28,27.78
4036,900316,5010,5,23845.91,51.58
4037,901358,5083,3,11704.04,33.11
4038,901112,5218,1,1453.94,38.63
4039,900862,5129,4,13468.82,42.86
4040,901961,5198,3,86758.57,51.95
4041,902212,5166,1,94554.28,55.19
4042,900642,5040,3,100380.24,42.65
4043,900929,5095,5,15883.76,21.37
4044,902180,5151,1,3710.99,2.32
4045,900624,5246,2,79025.97,56.19
4046,902451,5103,1,27052.85,33.03
4047,900349,5258,1,61259.59,47.24
4048,900698,5173,4,12716.76,50.75
4049,902007,5024,2,20181.17,10.48
4050,901746,5051,3,1235.66,5.33
4051,902190,5265,5,72194.97,32.09
4052,901209,5112,2,105664.54,30.84
4053,900837,5064,4,35046.88,32.16
4054,900424,5270,2,10034.38,14.14
4055,900358,5254,-1,116520.08,50.61
4056,900745,5292,4,75588.15,0.54
4057,900989,5250,1,84169.66,7.27
4058,900703,5215,1,15938.21,43.12
4059,900464,5115,3,94859.99,7.52
4060,901133,5045,4,32630.52,32.21
4061,902129,5026,1,119675.66,32.43
4062,902043,5164,2,51778.22,8.67
4063,900963,5070,2,20605.69,42.65
4064,900356,5098,3,116982.74,57.7
4065,900267,5019,4,40574.83,10.61
4066,900574,5050,3,114700.68,52.83
4067,900593,5072,1,37232.01,57.64
4068,901186,5034,5,63870.8,15.74
4069,901524,5001,2,13687.43,13.33
4070,902167,5300,5,103005.86,42.79
4071,900022,5063,3,70810.15,50.08
4072,902035,5078,3,64351.16,35.43
4073,901163,5113,2,22911.17,25.36
4074,900969,5150,5,114822.4,44.85
4075,901044,5256,4,43257.45,2.52
4076,900295,5098,2,116982.74,12.96
4077,901753,5002,-1,4452.46,30.79
4078,902193,5246,5,79025.97,48.77
4079,901268,5300,2,103005.86,35.06
4080,901788,5050,4,114700.68,6.77
4081,901910,5191,4,25183.26,0.47
4082,900243,5161,3,54756.46,10.6
4083,902388,5199,3,30309.77,36.08
4084,902121,5277,-1,50824.79,27.9
4085,902489,5148,5,105897.4,52.2
4086,901247,5128,3,19440.46,11.51
4087,901708,5010,4,23845.91,40.76
4088,902077,5004,1,9286.56,16.2
4089,901657,5104,1,27750.29,2.69
4090,900875,5107,4,114549.22,10.45
4091,900516,5037,2,112000.42,47.58
4092,901276,5141,2,96027.46,21.59
4093,901639,5292,2,75588.15,31.55
4094,901746,5014,-1,10581.79,12.72
4095,901679,5164,2,51778.22,14.79
4096,900108,5170,5,1727.26,33.81
4097,901318,5203,3,107160.64,23.15
4098,902190,5079,2,43624.56,17.49
4099,901054,5214,2,57360.37,19.33
4100,901986,5134,3,42647.71,33.97
4101,902352,5142,2,94598.18,58.42
4102,901355,5016,1,13287.02,42.74
4103,901836,5011,2,15384.54,44.31
4104,900246,5159,5,72830.3,56.46
4105,900960,5290,5,86584.61,6.14
4106,901410,5190,5,24845.29,34.6
4107,900656,5279,-3,70408.01,46.07
4108,900876,5216,3,24759.17,53.11
4109,901051,5006,3,104831.05,35.42
4110,900880,5240,5,68484.84,50.04
4111,901157,5065,5,48996.44,47.77
4112,902441,5194,5,5621.88,17.73
4113,900100,5185,1,17196.52,35.62
4114,901237,5075,5,56785.86,54.15
4115,900203,5237,1,119817.45,46.11
4116,901885,5246,2,79025.97,18.15
4117,900441,5148,4,105897.4,1.74
4118,901119,5155,2,78059.48,33.18
4119,900885,5076,2,74784.63,27.52
4120,902448,5218,3,1453.94,55.95
4121,901516,5064,4,35046.88,56.32
4122,902025,5106,4,3550.44,52.35
4123,900437,5220,4,16844.95,11.73
4124,902222,5189,4,103377.72,15.83
4125,902439,5116,5,90702.12,40.53
4126,901722,5246,3,79025.97,24.02
4127,902402,5259,5,9473.59,2.2
4128,901983,5106,3,3550.44,11.52
4129,900937,5126,3,78811.18,52.45
4130,900953,5050,2,114700.68,42.68
4131,900122,5118,4,50237.09,40.62
4132,901853,5231,3,115351.23,20.59
4133,901222,5089,1,34755.83,3.18
4134,900806,5100,5,55009.8,11.05
4135,901401,5094,1,34020.23,32.48
4136,901041,5097,5,26980.44,20.62
4137,900853,5012,5,60290.29,42.85
4138,901266,5187,4,12145.65,42.71
4139,900642,5176,1,62331.61,43.05
4140,900303,5275,3,87493.26,12.75
4141,902042,5058,3,117147.39,55.16
4142,901650,5243,4,8603.58,15.2
4143,901591,5136,3,70326.62,37.53
4144,900658,5237,4,119817.45,26.18
4145,902172,5081,1,1557.7,34.3
4146,900206,5170,2,1727.26,17.52
4147,901034,5289,3,115051.33,41.98
4148,902363,5295,1,74905.25,31.38
4149,901762,5252,3,81400.9,39.77
4150,900216,5101,5,7233.16,17.66
4151,901301,5150,5,114822.4,2.04
4152,902442,5171,5,106371.02,48.69
4153,901027,5170,3,1727.26,24.57
4154,900642,5201,3,45785.64,48.39
4155,900292,5214,1,57360.37,39.55
4156,902263,5089,5,34755.83,52.78
4157,902347,5224,4,4453.63,11.91
4158,902217,5070,1,20605.69,45.82
4159,900032,5162,5,25417.46,52.67
4160,900979,5163,3,86042.99,8.36
4161,901740,5178,1,14331.9,30.69
4162,901949,5089,1,34755.83,19.19
4163,900495,5088,1,17338.8,7.94
4164,901875,5247,5,23243.3,39.54
4165,902087,5205,1,56789.72,52.64
4166,902222,5283,5,54959.15,38.63
4167,900131,5082,5,43272.32,19.04
4168,900771,5109,1,49172.01,3.87
4169,900526,5010,4,23845.91,12.79
4170,900738,5093,1,101983.54,51.73
4171,902365,5060,4,55146.38,1.54
4172,901154,5077,3,107108.61,28.75
4173,900679,5008,2,32565.72,28.11
4174,900932,5149,4,63562.75,58.93
4175,900853,5077,3,107108.61,55.17
4176,901481,5109,5,49172.01,57.9
4177,901441,5110,5,39631.61,15.35
4178,902320,5116,5,90702.12,40.77
4179,901984,5139,5,83090.05,44.36
4180,901978,5025,3,110999.09,20.92
4181,901200,5277,1,50824.79,32.26
4182,901472,5229,2,74603.25,14.62
4183,900047,5089,-2,34755.83,21.29
4184,900561,5046,3,96884.71,59.38
4185,901931,5098,2,116982.74,11.34
4186,900982,5088,5,17338.8,11.05
4187,901512,5188,3,82788.95,22.08
4188,902370,5254,5,116520.08,36.97
4189,901362,5094,4,34020.23,51.64
4190,901997,5164,4,51778.22,17.18
4191,900542,5249,4,44047.24,35.82
4192,901405,5098,4,116982.74,22.47
4193,902329,5002,3,4452.46,31.17
4194,902438,5069,3,105305.65,23.06
4195,900204,5209,5,53353.56,58.43
4196,901066,5119,1,19763.13,42.04
4197,901072,5094,1,34020.23,43.3
4198,900219,5027,2,93544.34,55.78
4199,902284,5052,1,54630.3,45.15
4200,900514,5012,5,60290.29,43.83
4201,900106,5149,1,63562.75,6.31
4202,901065,5066,1,116953.98,5.45
4203,902430,5074,4,43510.7,19.5
4204,900982,5108,5,13618.58,21.05
4205,901931,5197,3,32308.96,51.48
4206,900876,5150,5,114822.4,34.5
4207,900380,5230,4,24348.69,39.46
4208,900268,5016,1,13287.02,10.73
4209,900093,5250,3,84169.66,19.38
4210,900922,5217,2,118104.27,27.41
4211,900147,5121,5,107893.28,31.27
4212,900635,5214,2,57360.37,27.58
4213,900578,5166,4,94554.28,9.05
4214,900736,5212,2,51907.75,41.19
4215,900117,5198,3,86758.57,22.4
4216,901734,5123,1,10066.49,51.37
4217,900049,5081,5,1557.7,30.47
4218,902156,5117,2,2896.24,44.37
4219,902058,5126,1,78811.18,26.41
4220,900944,5227,4,113815.27,36.91
4221,901653,5242,2,109785.9,5.52
4222,901784,5121,3,107893.28,3.75
4223,901040,5074,5,43510.7,19.91
4224,900269,5182,2,77248.73,34.44
4225,900918,5293,4,38571.51,1.6
4226,900671,5091,4,80187.28,11.89
4227,901007,5260,5,42778.37,50.55
4228,901036,5131,1,24594.48,21.22
4229,901063,5140,4,109096.85,31.26
4230,900508,5133,1,108501.12,37.25
4231,900644,5286,1,82991.3,44.93
4232,902126,5269,5,108088.45,26.89
4233,901863,5215,2,15938.21,30.84
4234,900825,5262,4,14189.52,45.56
4235,900512,5280,3,56292.05,17.84
4236,902068,5200,3,13509.97,14.32
4237,900739,5242,3,109785.9,56.93
4238,902237,5208,1,7426.61,6.82
4239,900377,5244,3,63596.53,56.74
4240,900190,5297,5,57306.08,28.2
4241,900947,5098,5,116982.74,0.75
4242,900038,5274,4,74942.75,16.42
4243,900421,5022,1,1440.28,23.51
4244,901914,5021,4,97294.53,55.5
4245,901020,5132,-3,67216.17,52.47
4246,900861,5251,1,39474.25,44.45
4247,901519,5164,4,51778.22,22.44
4248,901569,5111,4,69136.06,32.34
4249,901270,5222,5,102926.19,9.07
4250,901172,5294,3,63582.01,13.12
4251,902456,5143,1,77786.21,13.96
4252,902155,5067,2,39005.62,10.87
4253,901880,5216,4,24759.17,54.06
4254,901684,5298,4,53704.34,52.53
4255,900142,5089,3,34755.83,18.45
4256,902317,5191,5,25183.26,36.74
4257,902391,5276,4,22728.96,3.89
4258,900368,5047,3,5126.37,5.75
4259,901483,5194,2,5621.88,14.22
4260,900546,5120,1,5452.35,26.23
4261,901205,5241,3,32381.8,51.63
4262,902031,5013,4,6581.67,49.12
4263,901554,5289,3,115051.33,15.06
4264,901802,5081,2,1557.7,40.37
4265,900757,5076,5,74784.63,21.66
4266,901650,5132,4,67216.17,37.82
4267,902347,5192,3,75042.83,3.67
4268,900256,5160,5,9138.2,51.9
4269,900508,5258,3,61259.59,41.36
4270,901268,5013,4,6581.67,15.9
4271,901591,5166,4,94554.28,9.26
4272,901001,5210,4,8721.3,50.61
4273,900963,5176,1,62331.61,54.64
4274,902002,5028,3,75074.9,45.47
4275,902415,5226,1,8087.88,37.67
4276,901341,5061,3,114364.12,27.59
4277,902087,5139,1,83090.05,41.68
4278,900278,5001,1,13687.43,49.87
4279,901207,5171,3,106371.02,24.32
4280,901587,5153,2,1064.72,21.37
4281,901649,5075,2,56785.86,25.77
4282,901228,5261,4,57882.25,30.62
4283,902142,5233,5,28726.2,38.83
4284,900036,5105,5,97076.08,57.4
4285,901721,5072,5,37232.01,37.82
4286,900544,5040,1,100380.24,59.21
4287,901024,5064,3,35046.88,48.99
4288,900844,5119,1,19763.13,54.59
4289,900056,5279,3,70408.01,12.76
4290,900595,5238,2,90430.72,38.25
4291,901464,5248,2,21905.83,58.67
4292,901827,5076,1,74784.63,38.72
4293,902009,5094,1,34020.23,32.43
4294,900124,5093,2,101983.54,25.56
4295,902427,5278,2,37468.84,29.85
4296,902124,5113,1,22911.17,56.31
4297,900372,5071,5,116581.73,38.23
4298,900643,5016,3,13287.02,5.21
4299,901672,5052,1,54630.3,4.8
4300,900768,5198,1,86758.57,47.56
4301,900095,5221,2,106453.74,46.72
4302,900206,5129,1,13468.82,1.68
4303,902026,5096,-1,85485.71,7.59
4304,901803,5018,4,61626.46,49.19
4305,900252,5127,3,97824.02,53.93
4306,900714,5003,2,83626.26,7.11
4307,900624,5138,4,80796.56,43.66
4308,901637,5106,1,3550.44,17.65
4309,902111,5039,3,10588.75,47.48
4310,900490,5249,1,44047.24,31.93
4311,900199,5123,5,10066.49,53.75
4312,900611,5118,-1,50237.09,41.82
4313,900472,5228,3,61471.6,11.6
4314,900143,5272,2,89740.5,49.07
4315,900913,5198,3,86758.57,10.24
4316,900720,5242,-2,109785.9,52.85
4317,900535,5153,4,1064.72,47.99
4318,901916,5240,1,68484.84,25.14
4319,902431,5174,5,44150.01,17.77
4320,902124,5234,2,31052.99,52.01
4321,902399,5140,1,109096.85,9.9
4322,901063,5171,2,106371.02,19.98
4323,901674,5168,1,78534.08,3.0
4324,902344,5280,5,56292.05,29.96
4325,900240,5162,3,25417.46,40.58
4326,901217,5116,1,90702.12,46.25
4327,900467,5040,2,100380.24,46.23
4328,900588,5163,1,86042.99,21.02
4329,900657,5223,2,71815.17,14.24
4330,900559,5012,2,60290.29,17.62
4331,902182,5121,4,107893.28,26.29
4332,901554,5027,5,93544.34,15.31
4333,900707,5094,5,34020.23,32.33
4334,902439,5001,5,13687.43,51.44
4335,900895,5164,1,51778.22,14.22
4336,900683,5025,4,110999.09,29.0
4337,901660,5296,1,96452.73,58.26
4338,902467,5273,2,10208.71,34.89
4339,901796,5077,3,107108.61,17.42
4340,901811,5013,4,6581.67,18.15
4341,901612,5101,1,7233.16,5.6
4342,901643,5281,4,79665.06,48.27
4343,900277,5236,4,14596.22,28.06
4344,901628,5237,3,119817.45,50.34
4345,902019,5168,2,78534.08,38.2
4346,900588,5226,3,8087.88,4.09
4347,901814,5297,1,57306.08,49.02
4348,900072,5298,5,53704.34,8.08
4349,901707,5294,2,63582.01,42.05
4350,901918,5086,5,94800.96,36.22
4351,902100,5162,2,25417.46,56.8
4352,900863,5026,4,119675.66,7.61
4353,901716,5277,3,50824.79,27.05
4354,901695,5057,3,7303.42,10.47
4355,902016,5019,3,40574.83,42.21
4356,901467,5036,1,70576.95,30.32
4357,901665,5080,3,102191.83,32.85
4358,901159,5190,1,24845.29,2.41
4359,901092,5090,2,110957.13,52.68
4360,900788,5289,1,115051.33,21.01
4361,900389,5166,3,94554.28,5.9
4362,902013,5246,2,79025.97,58.74
4363,901423,5140,4,109096.85,0.93
4364,901200,5133,3,108501.12,6.65
4365,900132,5102,3,96913.93,40.26
4366,901445,5295,4,74905.25,5.07
4367,900655,5290,5,86584.61,59.06
4368,901487,5264,2,36206.41,1.58
4369,901685,5136,2,70326.62,45.22
4370,900994,5291,2,6031.69,17.46
4371,900734,5029,4,86135.7,15.29
4372,900561,5174,2,44150.01,21.99
4373,900202,5153,1,1064.72,41.98
4374,902210,5007,5,11417.48,29.36
4375,900966,5224,1,4453.63,29.5
4376,900246,5211,3,67610.16,2.31
4377,901542,5277,5,50824.79,26.4
4378,900895,5030,5,115895.1,6.85
4379,902230,5271,2,40342.53,21.26
4380,901712,5210,1,8721.3,19.73
4381,900910,5081,3,1557.7,34.84
4382,900772,5243,3,8603.58,12.71
4383,900236,5295,1,74905.25,8.22
4384,901699,5231,4,115351.23,1.09
4385,900691,5193,4,19090.57,16.75
4386,902080,5038,4,47468.53,59.71
4387,900028,5029,-2,86135.7,18.95
4388,901218,5116,4,90702.12,26.95
4389,901688,5014,3,10581.79,49.69
4390,901341,5174,3,44150.01,49.3
4391,900828,5025,2,110999.09,31.77
4392,901561,5137,-2,86344.61,17.24
4393,901793,5135,5,15280.01,14.06
4394,900870,5248,1,21905.83,41.75
4395,900555,5030,2,115895.1,19.14
4396,900345,5041,3,72519.0,50.43
4397,900364,5048,2,114931.19,0.62
4398,900515,5162,3,25417.46,47.81
4399,902402,5298,3,53704.34,15.98
4400,900343,5072,3,37232.01,20.2
4401,902393,5060,5,55146.38,38.67
4402,900431,5078,2,64351.16,28.71
4403,902209,5030,2,115895.1,15.24
4404,901094,5268,1,29983.13,48.91
4405,901690,5169,1,119312.69,42.42
4406,901467,5048,3,114931.19,30.95
4407,901899,5235,4,85451.26,10.27
4408,901381,5291,3,6031.69,50.0
4409,901813,5070,2,20605.69,14.44
4410,900325,5104,5,27750.29,45.14
4411,900470,5240,3,68484.84,51.4
4412,901559,5084,4,36937.64,46.03
4413,901414,5250,5,84169.66,12.61
4414,901259,5145,3,48327.63,9.07
4415,901333,5150,2,114822.4,45.97
4416,902329,5120,4,5452.35,14.01
4417,901304,5247,3,23243.3,59.84
4418,901179,5262,2,14189.52,31.15
4419,900291,5003,-3,83626.26,2.74
4420,900582,5289,1,115051.33,59.7
4421,901920,5001,4,13687.43,41.6
4422,901636,5299,5,92332.41,9.95
4423,900136,5031,3,83287.34,12.54
4424,900488,5185,2,17196.52,7.98
4425,901824,5102,5,96913.93,8.82
4426,901595,5224,4,4453.63,24.1
4427,902151,5077,4,107108.61,18.09
4428,900727,5218,3,1453.94,38.21
4429,901319,5217,5,118104.27,34.92
4430,900016,5241,5,32381.8,57.67
4431,900674,5276,3,22728.96,36.18
4432,900632,5135,1,15280.01,33.06
4433,900705,5281,3,79665.06,11.37
4434,901630,5136,5,70326.62,10.62
4435,901557,5288,3,27273.42,23.02
4436,901491,5197,4,32308.96,2.57
4437,901818,5142,5,94598.18,13.41
4438,900315,5296,2,96452.73,44.34
4439,900835,5277,4,50824.79,36.81
4440,900191,5257,5,26824.95,34.51
4441,901352,5216,5,24759.17,26.89
4442,902290,5279,1,70408.01,17.27
4443,901670,5180,1,30966.92,38.77
4444,901307,5185,1,17196.52,27.72
4445,900994,5199,1,30309.77,53.09
4446,901860,5206,3,66702.53,44.89
4447,902391,5082,5,43272.32,37.66
4448,900581,5094,5,34020.23,33.37
4449,901217,5247,4,23243.3,2.23
4450,900271,5233,3,28726.2,28.02
4451,900139,5070,3,20605.69,35.85
4452,902285,5225,2,36637.58,11.37
4453,900993,5229,5,74603.25,16.81
4454,900011,5041,5,72519.0,23.6
4455,901539,5223,4,71815.17,0.79
4456,900165,5011,2,15384.54,1.82
4457,901965,5222,3,102926.19,9.4
4458,902013,5004,1,9286.56,10.89
4459,902323,5152,2,79424.28,4.32
4460,900540,5224,4,4453.63,28.88
4461,901588,5079,5,43624.56,37.55
4462,900980,5047,3,5126.37,56.3
4463,902038,5235,5,85451.26,40.06
4464,901684,5212,2,51907.75,9.05
4465,900638,5031,2,83287.34,57.11
4466,900219,5208,2,7426.61,10.89
4467,900731,5218,4,1453.94,31.74
4468,901845,5289,3,115051.33,28.61
4469,900621,5001,5,13687.43,55.45
4470,901664,5026,5,119675.66,23.66
4471,900259,5129,1,13468.82,44.49
4472,901632,5150,2,114822.4,35.62
4473,900997,5007,4,11417.48,20.18
4474,900793,5185,4,17196.52,28.25
4475,900723,5265,5,72194.97,23.71
4476,901611,5226,3,8087.88,31.44
4477,901425,5277,2,50824.79,8.85
4478,900951,5001,4,13687.43,54.29
4479,900980,5218,1,1453.94,53.57
4480,900814,5177,1,90645.31,44.46
4481,900908,5164,3,51778.22,14.44
4482,901679,5062,2,110172.41,45.65
4483,900545,5266,1,71522.44,40.75
4484,901215,5085,5,83088.08,58.83
4485,901643,5109,1,49172.01,26.05
4486,901484,5116,1,90702.12,31.0
4487,900957,5098,3,116982.74,5.8
4488,901133,5293,3,38571.51,43.77
4489,900018,5241,4,32381.8,43.57
4490,900519,5155,1,78059.48,28.93
4491,901218,5142,5,94598.18,19.45
4492,901894,5254,5,116520.08,45.72
4493,901040,5144,1,24135.92,45.35
4494,900838,5016,1,13287.02,24.73
4495,901812,5252,1,81400.9,31.06
4496,900276,5196,3,70102.22,44.76
4497,901663,5054,4,107272.03,3.35
4498,901499,5172,4,93029.24,16.28
4499,902200,5248,5,21905.83,11.48
4500,901374,5272,5,89740.5,0.59
4501,901148,5263,1,76205.22,26.63
4502,901665,5177,3,90645.31,8.0
4503,901282,5121,1,107893.28,58.56
4504,902330,5222,2,102926.19,35.88
4505,902057,5104,2,27750.29,28.79
4506,901980,5046,3,96884.71,5.92
4507,902263,5005,2,112994.23,45.47
4508,901451,5152,2,79424.28,57.65
4509,900238,5198,2,86758.57,21.08
4510,902420,5071,1,116581.73,13.95
4511,901097,5283,2,54959.15,51.01
4512,900196,5220,1,16844.95,32.33
4513,901324,5230,5,24348.69,54.86
4514,902259,5088,4,17338.8,15.74
4515,901506,5255,4,108025.9,43.92
4516,901534,5264,5,36206.41,14.35
4517,900205,5029,5,86135.7,24.98
4518,902040,5156,1,13381.53,18.77
4519,902252,5101,1,7233.16,10.55
4520,901878,5253,1,94315.04,43.69
4521,901180,5100,2,55009.8,28.36
4522,900427,5223,4,71815.17,24.15
4523,901878,5213,2,61331.48,23.6
4524,902106,5271,1,40342.53,46.11
4525,902088,5091,1,80187.28,46.44
4526,901942,5203,3,107160.64,56.02
4527,901666,5182,2,77248.73,54.86
4528,900986,5006,5,104831.05,1.34
4529,900155,5122,3,102996.42,33.6
4530,902192,5039,2,10588.75,40.29
4531,901858,5064,4,35046.88,51.78
4532,901172,5189,4,103377.72,16.57
4533,901852,5266,-3,71522.44,31.23
4534,900454,5015,3,119779.19,29.21
4535,902035,5020,4,92776.76,20.8
4536,901465,5279,2,70408.01,56.79
4537,901421,5257,3,26824.95,42.89
4538,901336,5171,5,106371.02,23.84
4539,900798,5083,5,11704.04,44.11
4540,900723,5262,3,14189.52,59.93
4541,901929,5191,1,25183.26,1.41
4542,902438,5194,3,5621.88,0.69
4543,901172,5258,5,61259.59,52.02
4544,900961,5296,2,96452.73,37.29
4545,901117,5296,4,96452.73,9.95
4546,902183,5065,2,48996.44,19.1
4547,902300,5032,3,99919.93,4.45
4548,900719,5136,3,70326.62,40.85
4549,901310,5198,5,86758.57,14.71
4550,900401,5010,5,23845.91,31.81
4551,900045,5095,2,15883.76,14.19
4552,902315,5180,4,30966.92,11.57
4553,901520,5126,2,78811.18,2.05
4554,901842,5141,1,96027.46,53.6
4555,902041,5229,3,74603.25,46.09
4556,901647,5081,4,1557.7,40.05
4557,901737,5129,5,13468.82,30.88
4558,901450,5107,1,114549.22,25.18
4559,902100,5235,4,85451.26,35.02
4560,901362,5152,1,79424.28,15.77
4561,901826,5257,1,26824.95,29.73
4562,900597,5068,5,41767.34,16.08
4563,900970,5094,3,34020.23,56.18
4564,900988,5072,5,37232.01,49.05
4565,901168,5269,4,108088.45,55.95
4566,901728,5013,1,6581.67,52.14
4567,901804,5114,3,23425.82,53.48
4568,901422,5261,4,57882.25,19.89
4569,900876,5168,3,78534.08,13.2
4570,901043,5058,4,117147.39,34.99
4571,902305,5189,1,103377.72,20.07
4572,900618,5127,3,97824.02,53.67
4573,901862,5300,5,103005.86,29.24
4574,901068,5242,5,109785.9,31.26
4575,900181,5269,2,108088.45,26.32
4576,901214,5073,1,111376.48,36.74
4577,902342,5241,4,32381.8,38.8
4578,900078,5181,1,25224.51,23.87
4579,902009,5022,4,1440.28,7.36
4580,901747,5256,1,43257.45,28.88
4581,902009,5100,1,55009.8,27.9
4582,900191,5212,5,51907.75,35.58
4583,900931,5056,2,79390.52,5.9
4584,901699,5272,3,89740.5,37.12
4585,900890,5124,3,98656.03,35.55
4586,901226,5147,1,56229.64,55.22
4587,901237,5139,4,83090.05,46.84
4588,900765,5191,4,25183.26,15.79
4589,900923,5211,2,67610.16,15.66
4590,900727,5125,1,30260.88,38.3
4591,900230,5246,2,79025.97,36.41
4592,900258,5228,-3,61471.6,12.03
4593,901421,5048,1,114931.19,8.99
4594,900935,5017,3,26232.21,8.7
4595,901089,5020,4,92776.76,23.34
4596,900738,5280,5,56292.05,45.96
4597,900074,5248,4,21905.83,55.36
4598,902352,5182,3,77248.73,51.33
4599,900737,5026,3,119675.66,44.44
4600,901164,5295,5,74905.25,22.59
4601,900725,5010,3,23845.91,35.48
4602,902097,5181,5,25224.51,44.26
4603,902010,5221,4,106453.74,22.4
4604,902386,5257,5,26824.95,44.39
4605,901452,5009,4,19808.61,23.46
4606,901215,5179,5,82472.44,51.86
4607,900496,5088,4,17338.8,16.61
4608,901916,5032,2,99919.93,29.69
4609,901373,5106,5,3550.44,31.35
4610,900647,5110,2,39631.61,18.21
4611,901263,5063,3,70810.15,11.13
4612,902476,5298,4,53704.34,39.45
4613,900630,5229,3,74603.25,27.25
4614,900304,5138,2,80796.56,56.5
4615,901239,5236,3,14596.22,27.37
4616,901999,5202,1,106411.67,30.24
4617,900244,5274,4,74942.75,59.33
4618,900438,5104,4,27750.29,40.68
4619,901896,5137,4,86344.61,27.0
4620,901021,5206,3,66702.53,49.28
4621,902304,5168,2,78534.08,41.58
4622,900991,5104,5,27750.29,3.33
4623,902046,5212,2,51907.75,52.94
4624,900143,5273,-2,10208.71,33.53
4625,900756,5080,2,102191.83,46.98
4626,901355,5268,5,29983.13,2.34
4627,900121,5117,5,2896.24,20.49
4628,900434,5168,4,78534.08,38.6
4629,900054,5295,2,74905.25,39.91
4630,900945,5167,5,11501.85,39.57
4631,901997,5115,1,94859.99,19.93
4632,901159,5273,3,10208.71,2.69
4633,902407,5078,2,64351.16,40.69
4634,900572,5258,4,61259.59,48.07
4635,901348,5194,2,5621.88,5.03
4636,901826,5080,-2,102191.83,19.5
4637,900520,5014,1,10581.79,11.31
4638,900503,5002,1,4452.46,50.89
4639,901847,5007,5,11417.48,0.5
4640,901852,5044,2,74370.27,58.51
4641,900675,5197,5,32308.96,55.8
4642,901254,5149,1,63562.75,33.76
4643,902419,5005,1,112994.23,4.74
4644,900546,5190,1,24845.29,16.25
4645,902344,5065,5,48996.44,54.99
4646,900384,5115,1,94859.99,33.77
4647,900795,5290,2,86584.61,5.3
4648,902023,5216,3,24759.17,1.88
4649,901035,5104,4,27750.29,51.73
4650,900359,5279,2,70408.01,27.44
4651,900027,5183,3,8291.64,10.78
4652,900088,5033,3,76825.5,39.1
4653,901041,5089,4,34755.83,9.2
4654,901806,5218,4,1453.94,10.95
4655,900351,5019,1,40574.83,56.19
4656,900199,5282,3,112040.79,29.2
4657,902461,5197,1,32308.96,0.68
4658,902389,5117,5,2896.24,26.09
4659,901864,5189,3,103377.72,31.46
4660,900032,5183,1,8291.64,1.49
4661,902242,5222,3,102926.19,59.91
4662,901482,5250,4,84169.66,42.07
4663,901200,5078,3,64351.16,8.55
4664,901894,5057,3,7303.42,51.93
4665,901734,5124,-3,98656.03,39.44
4666,901471,5244,2,63596.53,9.68
4667,900175,5213,4,61331.48,48.36
4668,901510,5039,4,10588.75,19.42
4669,900925,5044,3,74370.27,23.89
4670,901472,5253,1,94315.04,36.13
4671,901919,5169,1,119312.69,43.38
4672,900636,5064,3,35046.88,7.13
4673,901856,5299,4,92332.41,4.5
4674,902158,5244,5,63596.53,54.7
4675,902395,5129,1,13468.82,48.09
4676,901254,5117,5,2896.24,43.19
4677,900481,5214,2,57360.37,3.67
4678,900940,5170,2,1727.26,37.98
4679,901311,5153,1,1064.72,22.91
4680,902464,5198,1,86758.57,54.81
4681,900534,5115,5,94859.99,35.51
4682,901408,5193,5,19090.57,0.48
4683,900189,5191,1,25183.26,51.07
4684,901184,5088,2,17338.8,34.1
4685,901390,5137,4,86344.61,41.25
4686,900106,5021,3,97294.53,36.73
4687,900227,5003,1,83626.26,41.73
4688,900088,5119,2,19763.13,32.41
4689,900911,5061,4,114364.12,55.7
4690,900942,5194,5,5621.88,4.37
4691,900823,5138,1,80796.56,33.69
4692,901262,5228,1,61471.6,46.72
4693,900378,5140,5,109096.85,39.32
4694,901274,5211,2,67610.16,12.3
4695,901049,5246,-1,79025.97,39.29
4696,901634,5030,1,115895.1,57.12
4697,902107,5094,2,34020.23,27.8
4698,902302,5004,2,9286.56,26.33
4699,901828,5223,4,71815.17,12.37
4700,900489,5168,4,78534.08,36.98
4701,900272,5074,3,43510.7,8.53
4702,901082,5058,4,117147.39,52.56
4703,902473,5113,5,22911.17,52.81
4704,900916,5177,1,90645.31,59.55
4705,900642,5219,1,4011.36,43.03
4706,901183,5054,4,107272.03,22.66
4707,902034,5122,2,102996.42,30.3
4708,901791,5156,2,13381.53,53.32
4709,901453,5065,5,48996.44,40.92
4710,901089,5238,3,90430.72,15.13
4711,900796,5005,1,112994.23,20.05
4712,900279,5064,2,35046.88,45.14
4713,902070,5273,1,10208.71,12.02
4714,900584,5005,2,112994.23,12.18
4715,900518,5041,2,72519.0,8.55
4716,901264,5144,4,24135.92,4.63
4717,900742,5146,4,66808.88,14.44
4718,901771,5155,2,78059.48,29.01
4719,900442,5008,5,32565.72,40.25
4720,901049,5197,3,32308.96,42.7
4721,901241,5098,2,116982.74,31.95
4722,901925,5060,2,55146.38,2.34
4723,901521,5073,4,111376.48,13.96
4724,902098,5275,5,87493.26,51.07
4725,900845,5080,3,102191.83,57.51
4726,901626,5129,5,13468.82,5.16
4727,900137,5014,2,10581.79,43.01
4728,901585,5207,2,58272.74,12.69
4729,901648,5131,3,24594.48,28.9
4730,900752,5246,5,79025.97,32.95
4731,902370,5300,1,103005.86,8.6
4732,900224,5110,1,39631.61,10.7
4733,900046,5095,3,15883.76,29.23
4734,901510,5056,1,79390.52,12.67
4735,901853,5220,5,16844.95,45.36
4736,901362,5158,4,32988.73,43.03
4737,902477,5170,2,1727.26,51.32
4738,901724,5067,3,39005.62,0.76
4739,902235,5041,4,72519.0,28.67
4740,901292,5081,3,1557.7,33.11
4741,900511,5083,4,11704.04,27.35
4742,902238,5054,4,107272.03,14.88
4743,902456,5088,4,17338.8,2.09
4744,900981,5041,4,72519.0,47.91
4745,900864,5206,2,66702.53,35.93
4746,902246,5176,4,62331.61,16.27
4747,901568,5012,4,60290.29,19.02
4748,902052,5023,4,94665.29,3.17
4749,901937,5136,4,70326.62,39.93
4750,901820,5178,5,14331.9,3.41
4751,902402,5214,3,57360.37,26.76
4752,900177,5170,5,1727.26,21.9
4753,900791,5051,2,1235.66,6.07
4754,901621,5091,1,80187.28,8.62
4755,902421,5230,3,24348.69,51.74
4756,901662,5246,2,79025.97,27.63
4757,900460,5146,4,66808.88,19.23
4758,901567,5287,5,37439.79,24.95
4759,900127,5095,1,15883.76,34.47
4760,902136,5134,4,42647.71,0.51
4761,900507,5123,3,10066.49,27.07
4762,901666,5283,3,54959.15,44.54
4763,901429,5256,1,43257.45,4.34
4764,900735,5149,5,63562.75,37.06
4765,902489,5291,2,6031.69,11.44
4766,902409,5250,3,84169.66,43.02
4767,901692,5139,5,83090.05,17.38
4768,900171,5275,1,87493.26,14.75
4769,900838,5286,1,82991.3,14.39
4770,902105,5227,-3,113815.27,54.07
4771,901645,5211,1,67610.16,16.15
4772,902306,5164,4,51778.22,29.98
4773,901500,5189,1,103377.72,8.13
4774,900373,5269,5,108088.45,26.75
4775,900543,5104,4,27750.29,30.76
4776,901456,5250,5,84169.66,31.44
4777,901186,5251,1,39474.25,57.27
4778,901822,5083,2,11704.04,46.58
4779,900301,5026,1,119675.66,8.12
4780,901538,5210,4,8721.3,50.84
4781,902006,5202,3,106411.67,32.27
4782,901641,5112,3,105664.54,45.02
4783,900252,5139,3,83090.05,6.18
4784,901298,5287,1,37439.79,49.06
4785,902386,5230,2,24348.69,43.57
4786,902005,5293,1,38571.51,25.3
4787,900756,5272,1,89740.5,58.08
4788,901337,5146,4,66808.88,49.56
4789,900303,5105,2,97076.08,1.28
4790,901943,5145,3,48327.63,4.57
4791,900762,5065,4,48996.44,36.27
4792,900901,5060,4,55146.38,13.1
4793,901547,5103,3,27052.85,58.44
4794,901677,5004,4,9286.56,14.73
4795,901627,5125,1,30260.88,34.31
4796,900644,5109,4,49172.01,58.18
4797,902119,5060,5,55146.38,3.86
4798,902100,5080,3,102191.83,40.86
4799,902370,5111,4,69136.06,1.73
4800,900052,5114,1,23425.82,11.43
4801,902124,5212,5,51907.75,33.8
4802,901687,5230,1,24348.69,59.24
4803,900804,5136,5,70326.62,43.62
4804,901744,5176,2,62331.61,27.93
4805,901100,5213,1,61331.48,23.25
4806,902142,5048,1,114931.19,9.11
4807,901886,5148,1,105897.4,48.79
4808,901777,5033,1,76825.5,46.19
4809,901159,5022,1,1440.28,23.31
4810,901999,5239,1,9764.99,13.41
4811,901694,5086,-2,94800.96,10.18
4812,900609,5071,4,116581.73,41.57
4813,901292,5088,3,17338.8,57.63
4814,901793,5156,4,13381.53,54.74
4815,900982,5294,1,63582.01,10.86
4816,901069,5203,2,107160.64,7.91
4817,902434,5276,3,22728.96,18.26
4818,901453,5287,2,37439.79,29.57
4819,900159,5024,4,20181.17,37.15
4820,900767,5130,4,99662.88,32.0
4821,900410,5137,5,86344.61,17.52
4822,900464,5035,2,94529.4,17.42
4823,900672,5168,3,78534.08,42.27
4824,902163,5188,-1,82788.95,32.13
4825,900730,5291,5,6031.69,47.05
4826,901506,5218,3,1453.94,40.7
4827,902047,5175,5,63780.57,19.48
4828,900951,5155,4,78059.48,44.75
4829,902249,5042,-3,72630.14,12.42
4830,900402,5058,4,117147.39,54.44
4831,900021,5258,3,61259.59,18.03
4832,900107,5180,2,30966.92,51.11
4833,900075,5246,3,79025.97,60.0
4834,902321,5128,4,19440.46,10.51
4835,900774,5300,1,103005.86,50.66
4836,901632,5074,3,43510.7,33.51
4837,901319,5293,4,38571.51,46.22
4838,900833,5119,3,19763.13,24.73
4839,901819,5163,1,86042.99,52.67
4840,900055,5101,2,7233.16,23.02
4841,901946,5027,5,93544.34,43.67
4842,902269,5174,3,44150.01,3.3
4843,900620,5091,2,80187.28,25.65
4844,901135,5018,3,61626.46,33.51
4845,901162,5177,3,90645.31,0.76
4846,900005,5294,5,63582.01,2.9
4847,900493,5135,2,15280.01,6.52
4848,901465,5086,5,94800.96,5.17
4849,900137,5280,1,56292.05,45.19
4850,901733,5072,1,37232.01,21.66
4851,901467,5231,4,115351.23,22.1
4852,901075,5148,5,105897.4,24.63
4853,900520,5113,4,22911.17,28.32
4854,901259,5199,1,30309.77,58.25
4855,901071,5227,1,113815.27,51.39
4856,901878,5223,4,71815.17,7.85
4857,900344,5034,3,63870.8,40.03
4858,901170,5160,5,9138.2,22.67
4859,901945,5228,5,61471.6,49.63
4860,901733,5229,3,74603.25,57.38
4861,900412,5124,3,98656.03,8.73
4862,900509,5177,4,90645.31,53.27
4863,901765,5127,1,97824.02,19.28
4864,900646,5244,1,63596.53,40.27
4865,900606,5030,2,115895.1,22.02
4866,902112,5288,3,27273.42,49.8
4867,900353,5198,5,86758.57,27.78
4868,901843,5137,2,86344.61,6.76
4869,900141,5109,3,49172.01,12.72
4870,900027,5207,4,58272.74,39.42
4871,900834,5177,-3,90645.31,54.46
4872,902102,5104,5,27750.29,1.31
4873,901407,5279,3,70408.01,36.83
4874,901253,5116,2,90702.12,56.02
4875,900482,5027,4,93544.34,43.81
4876,901814,5279,4,70408.01,25.79
4877,900124,5149,2,63562.75,12.42
4878,900932,5217,2,118104.27,45.79
4879,900494,5108,5,13618.58,49.65
4880,902255,5094,4,34020.23,28.94
4881,901591,5106,5,3550.44,3.81
4882,901856,5049,3,106799.26,36.98
4883,902304,5280,1,56292.05,59.0
4884,900159,5078,2,64351.16,13.4
4885,901100,5129,4,13468.82,33.99
4886,902319,5085,2,83088.08,47.86
4887,901380,5116,5,90702.12,33.03
4888,901666,5175,5,63780.57,28.45
4889,901153,5132,2,67216.17,53.63
4890,901167,5216,5,24759.17,52.1
4891,900019,5108,5,13618.58,52.4
4892,901026,5128,2,19440.46,21.67
4893,900857,5282,3,112040.79,23.26
4894,901668,5096,2,85485.71,31.53
4895,901654,5020,4,92776.76,33.36
4896,900900,5143,1,77786.21,19.6
4897,902402,5182,3,77248.73,44.85
4898,902188,5066,4,116953.98,7.5
4899,901902,5009,5,19808.61,10.79
4900,902496,5129,1,13468.82,9.57
4901,901335,5273,3,10208.71,55.28
4902,900330,5079,1,43624.56,27.66
4903,901124,5209,4,53353.56,43.97
4904,901002,5292,1,75588.15,32.23
4905,901607,5044,2,74370.27,14.38
4906,902015,5119,2,19763.13,54.19
4907,902343,5079,2,43624.56,11.11
4908,902132,5081,2,1557.7,21.91
4909,901159,5122,3,102996.42,1.85
4910,901436,5158,2,32988.73,12.76
4911,901648,5074,1,43510.7,52.51
4912,900834,5299,2,92332.41,5.64
4913,902152,5008,1,32565.72,47.0
4914,902486,5283,2,54959.15,6.6
4915,902331,5152,5,79424.28,30.83
4916,900456,5012,1,60290.29,45.71
4917,901807,5257,4,26824.95,50.49
4918,900812,5025,2,110999.09,31.62
4919,901145,5218,1,1453.94,50.43
4920,901328,5112,3,105664.54,24.53
4921,900182,5166,5,94554.28,56.68
4922,901931,5277,3,50824.79,57.12
4923,901522,5068,3,41767.34,25.66
4924,900239,5249,2,44047.24,13.13
4925,901290,5025,1,110999.09,47.47
4926,902429,5152,1,79424.28,33.77
4927,901513,5005,1,112994.23,41.54
4928,902296,5101,5,7233.16,43.4
4929,902299,5277,2,50824.79,48.05
4930,902077,5283,4,54959.15,13.78
4931,901975,5271,1,40342.53,36.89
4932,900783,5166,2,94554.28,40.39
4933,901815,5039,1,10588.75,9.52
4934,902485,5208,3,7426.61,35.55
4935,902046,5005,4,112994.23,40.62
4936,900565,5173,1,12716.76,34.33
4937,900357,5120,1,5452.35,55.28
4938,901948,5019,5,40574.83,18.17
4939,901904,5297,2,57306.08,34.83
4940,900173,5130,4,99662.88,10.08
4941,901357,5196,3,70102.22,27.71
4942,902349,5055,5,39836.13,16.33
4943,900311,5143,1,77786.21,51.12
4944,902016,5221,1,106453.74,51.67
4945,901160,5266,1,71522.44,33.39
4946,901777,5248,5,21905.83,35.05
4947,901877,5003,5,83626.26,57.22
4948,900004,5203,3,107160.64,39.0
4949,900950,5015,5,119779.19,17.04
4950,901486,5210,2,8721.3,0.31
4951,902268,5017,5,26232.21,51.39
4952,900613,5008,4,32565.72,14.68
4953,902427,5107,5,114549.22,57.45
4954,900324,5266,2,71522.44,39.42
4955,900806,5089,4,34755.83,22.86
4956,901974,5288,-3,27273.42,13.35
4957,901458,5201,4,45785.64,51.07
4958,901496,5270,1,10034.38,38.11
4959,902145,5169,5,119312.69,37.52
4960,900046,5021,2,97294.53,3.9
4961,902283,5105,2,97076.08,40.56
4962,901761,5274,1,74942.75,2.67
4963,900494,5290,4,86584.61,12.82
4964,902172,5138,2,80796.56,48.75
4965,902211,5087,3,96717.04,41.87
4966,900640,5037,2,112000.42,27.63
4967,901920,5070,2,20605.69,3.37
4968,901329,5048,5,114931.19,27.18
4969,901582,5249,5,44047.24,31.82
4970,900629,5249,3,44047.24,27.77
4971,902052,5035,1,94529.4,27.16
4972,900486,5289,3,115051.33,37.01
4973,900010,5132,4,67216.17,20.39
4974,900001,5199,4,30309.77,23.85
4975,901427,5155,2,78059.48,40.6
4976,902416,5053,3,12243.73,23.9
4977,901942,5264,2,36206.41,40.71
4978,900116,5179,5,82472.44,24.42
4979,901547,5060,3,55146.38,57.87
4980,901060,5273,5,10208.71,21.06
4981,901584,5199,-1,30309.77,16.66
4982,900033,5172,3,93029.24,0.46
4983,902314,5004,4,9286.56,35.09
4984,901795,5130,2,99662.88,45.66
4985,900616,5292,5,75588.15,50.15
4986,900541,5200,5,13509.97,37.42
4987,900204,5029,4,86135.7,58.8
4988,901973,5163,1,86042.99,59.27
4989,901125,5293,2,38571.51,26.2
4990,901539,5161,5,54756.46,56.12
4991,901025,5135,1,15280.01,21.52
4992,900017,5180,4,30966.92,12.52
4993,900321,5054,1,107272.03,0.52
4994,902074,5122,3,102996.42,10.23
4995,901457,5048,5,114931.19,42.17
4996,900100,5278,4,37468.84,27.19
4997,902478,5293,5,38571.51,23.06
4998,900582,5008,5,32565.72,40.77
4999,901242,5107,4,114549.22,54.66
5000,902213,5119,3,19763.13,45.38
5001,901357,5246,3,79025.97,7.66
5002,900116,5251,4,39474.25,43.12
5003,902265,5097,1,26980.44,55.49
5004,900827,5284,-3,64048.28,53.3
5005,900541,5219,3,4011.36,54.01
5006,902156,5240,3,68484.84,58.24
5007,900878,5075,2,56785.86,20.24
5008,902096,5082,4,43272.32,17.11
5009,901482,5283,2,54959.15,38.06
5010,900797,5111,4,69136.06,30.05
5011,900353,5156,3,13381.53,23.46
5012,901677,5295,1,74905.25,38.13
5013,902438,5293,2,38571.51,1.31
5014,900279,5052,1,54630.3,49.09
5015,901785,5181,3,25224.51,3.28
5016,902384,5030,1,115895.1,35.38
5017,902294,5297,5,57306.08,20.66
5018,900376,5199,5,30309.77,43.48
5019,901607,5197,1,32308.96,57.02
5020,901870,5068,4,41767.34,58.01
5021,900656,5004,4,9286.56,54.0
5022,900021,5051,3,1235.66,45.68
5023,901044,5049,2,106799.26,59.93
5024,902065,5176,4,62331.61,42.88
5025,901252,5265,5,72194.97,21.93
5026,902474,5270,2,10034.38,55.66
5027,902324,5040,5,100380.24,49.57
5028,901330,5137,1,86344.61,24.61
5029,900345,5067,3,39005.62,10.3
5030,900004,5203,5,107160.64,28.09
5031,902087,5148,2,105897.4,16.88
5032,901603,5244,1,63596.53,54.58
5033,901855,5100,1,55009.8,58.11
5034,902117,5005,1,112994.23,31.65
5035,902236,5080,1,102191.83,46.23
5036,900360,5168,4,78534.08,30.51
5037,900914,5107,1,114549.22,35.5
5038,902028,5047,4,5126.37,54.06
5039,901198,5239,5,9764.99,9.85
5040,902107,5062,1,110172.41,28.51
5041,901013,5279,3,70408.01,52.23
5042,900160,5102,2,96913.93,57.9
5043,901927,5028,4,75074.9,19.03
5044,901608,5282,4,112040.79,54.7
5045,901292,5151,5,3710.99,55.15
5046,902153,5014,4,10581.79,21.12
5047,901843,5227,5,113815.27,4.33
5048,901532,5112,5,105664.54,29.04
5049,900965,5108,1,13618.58,2.66
5050,902165,5083,-3,11704.04,10.94
5051,901893,5216,2,24759.17,21.37
5052,900700,5144,1,24135.92,33.22
5053,900696,5282,1,112040.79,35.87
5054,900672,5050,4,114700.68,7.12
5055,902415,5249,3,44047.24,3.66
5056,901726,5277,3,50824.79,25.61
5057,901198,5188,1,82788.95,27.64
5058,900269,5017,5,26232.21,46.18
5059,900206,5132,4,67216.17,8.09
5060,901641,5292,-3,75588.15,36.48
5061,900301,5152,2,79424.28,37.99
5062,900877,5089,3,34755.83,50.75
5063,901539,5235,2,85451.26,57.07
5064,902183,5046,1,96884.71,51.88
5065,902149,5035,1,94529.4,58.39
5066,901095,5124,5,98656.03,9.89
5067,901446,5174,5,44150.01,4.91
5068,900705,5127,1,97824.02,49.04
5069,901705,5077,1,107108.61,11.13
5070,902322,5210,1,8721.3,43.34
5071,900771,5040,2,100380.24,29.27
5072,900878,5137,1,86344.61,32.02
5073,901236,5123,1,10066.49,42.25
5074,900549,5138,4,80796.56,39.43
5075,901866,5287,5,37439.79,39.66
5076,900168,5247,5,23243.3,59.76
5077,901272,5205,3,56789.72,3.7
5078,901164,5184,3,87592.35,1.3
5079,901265,5161,2,54756.46,48.82
5080,900298,5174,-2,44150.01,54.05
5081,901484,5043,2,25756.79,14.38
5082,901965,5165,3,35309.95,41.78
5083,902106,5147,2,56229.64,42.08
5084,900984,5288,3,27273.42,43.32
5085,902497,5055,5,39836.13,58.72
5086,900796,5172,3,93029.24,26.59
5087,901380,5004,5,9286.56,39.27
5088,901671,5235,2,85451.26,50.04
5089,901828,5016,4,13287.02,58.68
5090,900905,5102,3,96913.93,58.2
5091,900925,5192,1,75042.83,3.73
5092,900628,5251,4,39474.25,51.84
5093,901074,5014,4,10581.79,39.46
5094,900346,5278,-1,37468.84,19.15
5095,901243,5065,4,48996.44,35.33
5096,900093,5008,5,32565.72,53.9
5097,901920,5272,2,89740.5,37.16
5098,901346,5288,5,27273.42,4.58
5099,901078,5039,1,10588.75,32.64
5100,900496,5107,3,114549.22,49.19
5101,902004,5222,3,102926.19,15.9
5102,900415,5255,1,108025.9,2.11
5103,901901,5042,5,72630.14,12.64
5104,902452,5151,1,3710.99,35.09
5105,902186,5299,2,92332.41,51.29
5106,902134,5079,3,43624.56,7.13
5107,900254,5076,5,74784.63,2.3
5108,901397,5213,4,61331.48,9.51
5109,901952,5238,2,90430.72,10.46
5110,901565,5100,2,55009.8,12.75
5111,901977,5172,3,93029.24,56.23
5112,901392,5239,1,9764.99,50.54
5113,900352,5107,2,114549.22,44.14
5114,900577,5050,2,114700.68,53.15
5115,901368,5160,4,9138.2,5.81
5116,900896,5180,4,30966.92,23.27
5117,900088,5146,2,66808.88,30.12
5118,900742,5004,3,9286.56,25.04
5119,900103,5198,4,86758.57,15.37
5120,901436,5021,1,97294.53,44.68
5121,901791,5150,2,114822.4,11.71
5122,901176,5051,3,1235.66,12.67
5123,901724,5174,4,44150.01,57.48
5124,900007,5131,5,24594.48,23.29
5125,901055,5039,3,10588.75,52.57
5126,900469,5270,5,10034.38,44.99
5127,900479,5007,1,11417.48,43.39
5128,902329,5064,5,35046.88,38.0
5129,900329,5095,4,15883.76,49.42
5130,901252,5233,1,28726.2,27.02
5131,901489,5009,4,19808.61,54.95
5132,902410,5249,4,44047.24,53.81
5133,900433,5131,4,24594.48,12.72
5134,902431,5146,2,66808.88,28.67
5135,900325,5268,3,29983.13,51.92
5136,901934,5217,1,118104.27,9.83
5137,900633,5085,5,83088.08,3.54
5138,902322,5275,1,87493.26,35.28
5139,902297,5011,5,15384.54,36.48
5140,900562,5296,1,96452.73,7.08
5141,901898,5084,4,36937.64,56.71
5142,902409,5126,3,78811.18,49.03
5143,901367,5155,4,78059.48,44.34
5144,900743,5062,2,110172.41,47.54
5145,901561,5282,3,112040.79,39.15
5146,900852,5008,2,32565.72,6.91
5147,901917,5045,1,32630.52,9.92
5148,900501,5018,4,61626.46,3.28
5149,901761,5281,5,79665.06,28.85
5150,900425,5123,2,10066.49,13.86
5151,900408,5093,5,101983.54,0.43
5152,901941,5108,3,13618.58,27.59
5153,900888,5281,1,79665.06,3.5
5154,901545,5020,1,92776.76,32.78
5155,901941,5149,2,63562.75,14.43
5156,900858,5116,5,90702.12,29.63
5157,901422,5197,5,32308.96,9.8
5158,900024,5102,3,96913.93,19.26
5159,900823,5181,4,25224.51,2.13
5160,902013,5062,2,110172.41,27.48
5161,902151,5003,4,83626.26,36.38
5162,901631,5023,5,94665.29,4.78
5163,901575,5122,2,102996.42,19.09
5164,900745,5014,1,10581.79,9.42
5165,900837,5039,4,10588.75,45.7
5166,901589,5012,5,60290.29,18.99
5167,901524,5235,3,85451.26,5.85
5168,900420,5279,3,70408.01,57.58
5169,900293,5280,1,56292.05,11.19
5170,900641,5230,1,24348.69,53.94
5171,902395,5061,3,114364.12,35.5
5172,900902,5265,4,72194.97,9.99
5173,900436,5010,2,23845.91,41.72
5174,901138,5055,3,39836.13,53.31
5175,900575,5147,1,56229.64,20.59
5176,901572,5283,4,54959.15,28.21
5177,900665,5281,4,79665.06,59.65
5178,901296,5278,2,37468.84,36.97
5179,900104,5003,3,83626.26,20.83
5180,902166,5054,3,107272.03,31.26
5181,901959,5279,3,70408.01,21.22
5182,901334,5232,3,41278.25,59.39
5183,900937,5223,3,71815.17,1.32
5184,902236,5011,5,15384.54,8.53
5185,900797,5136,4,70326.62,8.0
5186,902043,5019,1,40574.83,48.16
5187,900967,5207,3,58272.74,19.77
5188,900914,5013,1,6581.67,46.54
5189,901350,5158,4,32988.73,24.44
5190,901590,5255,1,108025.9,12.03
5191,902240,5155,3,78059.48,12.97
5192,901209,5127,4,97824.02,25.56
5193,901369,5095,3,15883.76,21.76
5194,901289,5011,1,15384.54,32.53
5195,900312,5022,5,1440.28,19.45
5196,902277,5227,2,113815.27,50.3
5197,900919,5072,4,37232.01,14.33
5198,901616,5083,5,11704.04,59.61
5199,902439,5087,2,96717.04,6.38
5200,901197,5176,3,62331.61,34.55
5201,900282,5190,5,24845.29,35.07
5202,901791,5069,4,105305.65,50.36
5203,901310,5091,1,80187.28,6.86
5204,901528,5225,1,36637.58,53.54
5205,900014,5226,3,8087.88,4.95
5206,901246,5129,2,13468.82,3.38
5207,902247,5019,2,40574.83,17.06
5208,900127,5233,5,28726.2,50.16
5209,900128,5265,4,72194.97,53.1
5210,901611,5081,3,1557.7,51.35
5211,900183,5109,1,49172.01,37.58
5212,901882,5267,4,3632.67,29.0
5213,902214,5123,1,10066.49,9.74
5214,902478,5247,4,23243.3,6.2
5215,902031,5231,1,115351.23,31.0
5216,901756,5291,4,6031.69,30.24
5217,900568,5121,4,107893.28,42.39
5218,901021,5093,3,101983.54,21.54
5219,900031,5054,4,107272.03,23.32
5220,901463,5022,3,1440.28,15.96
5221,900994,5145,5,48327.63,46.75
5222,901995,5073,3,111376.48,26.9
5223,901923,5195,-2,7009.9,42.46
5224,902355,5171,5,106371.02,45.87
5225,901584,5265,3,72194.97,8.59
5226,900575,5164,3,51778.22,26.33
5227,900692,5070,2,20605.69,19.3
5228,902084,5193,2,19090.57,43.5
5229,902188,5169,3,119312.69,30.82
5230,901367,5280,5,56292.05,46.97
5231,900274,5012,3,60290.29,23.1
5232,900205,5097,2,26980.44,37.98
5233,900346,5075,3,56785.86,60.0
5234,902296,5013,2,6581.67,40.09
5235,901993,5110,2,39631.61,25.27
5236,901655,5080,5,102191.83,8.76
5237,902004,5269,3,108088.45,31.15
5238,900114,5226,1,8087.88,1.04
5239,902483,5060,5,55146.38,56.13
5240,901173,5021,2,97294.53,44.05
5241,900546,5074,5,43510.7,59.65
5242,902001,5255,3,108025.9,51.61
5243,900127,5280,3,56292.05,0.98
5244,902419,5073,2,111376.48,41.38
5245,902174,5056,3,79390.52,1.87
5246,900634,5030,3,115895.1,12.35
5247,901615,5112,5,105664.54,6.82
5248,900722,5021,4,97294.53,28.54
5249,902400,5012,5,60290.29,56.02
5250,900933,5185,5,17196.52,8.09
5251,900833,5260,3,42778.37,31.71
5252,901812,5026,1,119675.66,31.72
5253,901408,5016,1,13287.02,30.22
5254,902081,5087,2,96717.04,53.19
5255,902247,5053,1,12243.73,8.87
5256,900729,5159,2,72830.3,37.76
5257,900671,5281,2,79665.06,47.78
5258,902158,5170,2,1727.26,50.93
5259,901495,5260,2,42778.37,39.77
5260,902190,5153,5,1064.72,5.33
5261,901338,5182,2,77248.73,22.0
5262,901293,5081,3,1557.7,26.07
5263,901601,5198,1,86758.57,28.61
5264,900870,5239,5,9764.99,17.42
5265,900199,5204,5,79686.75,5.25
5266,901849,5114,2,23425.82,28.28
5267,900385,5250,2,84169.66,32.09
5268,902374,5135,4,15280.01,34.69
5269,901104,5140,5,109096.85,21.15
5270,901334,5275,3,87493.26,21.46
5271,901169,5279,3,70408.01,38.5
5272,901978,5089,1,34755.83,49.79
5273,901406,5118,1,50237.09,1.5
5274,900494,5075,5,56785.86,37.91
5275,901389,5048,3,114931.19,36.23
5276,900390,5094,2,34020.23,3.83
5277,902306,5046,1,96884.71,0.24
5278,901817,5064,5,35046.88,54.51
5279,901708,5251,2,39474.25,56.5
5280,901470,5230,3,24348.69,46.19
5281,901985,5112,3,105664.54,8.67
5282,900264,5250,5,84169.66,50.16
5283,900352,5065,5,48996.44,5.6
5284,901768,5184,5,87592.35,18.99
5285,900416,5179,5,82472.44,2.03
5286,901783,5203,2,107160.64,54.81
5287,902499,5103,4,27052.85,34.75
5288,901058,5157,2,10677.82,39.14
5289,901843,5001,4,13687.43,5.22
5290,900971,5024,5,20181.17,37.11
5291,900430,5281,5,79665.06,41.6
5292,900186,5144,4,24135.92,43.36
5293,900541,5290,2,86584.61,58.43
5294,900579,5260,4,42778.37,11.99
5295,901091,5252,2,81400.9,41.52
5296,900944,5204,1,79686.75,10.72
5297,901141,5142,4,94598.18,41.19
5298,900219,5067,1,39005.62,47.86
5299,901868,5274,5,74942.75,47.12
5300,900459,5243,2,8603.58,3.05
5301,902243,5118,2,50237.09,7.46
5302,901333,5004,3,9286.56,19.97
5303,900049,5289,4,115051.33,47.1
5304,902222,5198,1,86758.57,5.02
5305,900671,5005,1,112994.23,44.73
5306,900357,5194,2,5621.88,9.5
5307,901941,5085,4,83088.08,47.25
5308,900327,5125,3,30260.88,44.48
5309,902197,5157,1,10677.82,48.27
5310,901677,5064,4,35046.88,24.11
5311,901517,5042,1,72630.14,16.42
5312,902462,5129,2,13468.82,28.59
5313,900058,5155,-2,78059.48,40.97
5314,902078,5294,1,63582.01,5.35
5315,902052,5008,5,32565.72,4.07
5316,901350,5145,2,48327.63,23.06
5317,900783,5124,2,98656.03,16.68
5318,900472,5210,4,8721.3,21.04
5319,901867,5276,1,22728.96,9.7
5320,900244,5232,3,41278.25,0.77
5321,901075,5128,3,19440.46,10.53
5322,901686,5073,4,111376.48,15.37
5323,902241,5159,1,72830.3,49.08
5324,901111,5217,1,118104.27,3.29
5325,900352,5032,4,99919.93,16.14
5326,900745,5128,3,19440.46,31.77
5327,901319,5146,5,66808.88,3.65
5328,901189,5167,1,11501.85,50.23
5329,901332,5133,2,108501.12,23.69
5330,902104,5140,2,109096.85,23.05
5331,901792,5211,5,67610.16,11.44
5332,900085,5064,1,35046.88,1.28
5333,901128,5077,1,107108.61,53.11
5334,900747,5150,3,114822.4,25.66
5335,900763,5110,1,39631.61,32.03
5336,901105,5227,1,113815.27,49.34
5337,900910,5107,5,114549.22,52.3
5338,900475,5215,5,15938.21,49.35
5339,900307,5122,3,102996.42,0.98
5340,900202,5049,5,106799.26,3.1
5341,902358,5101,3,7233.16,38.36
5342,900873,5264,5,36206.41,13.27
5343,902166,5046,5,96884.71,12.45
5344,902211,5291,2,6031.69,4.57
5345,900134,5118,2,50237.09,40.72
5346,900028,5236,1,14596.22,38.89
5347,900875,5218,-2,1453.94,15.59
5348,901786,5152,1,79424.28,39.96
5349,900424,5003,1,83626.26,27.85
5350,902209,5233,2,28726.2,20.75
5351,900964,5120,3,5452.35,4.76
5352,900743,5154,5,60914.98,11.74
5353,900720,5295,3,74905.25,3.21
5354,900345,5242,4,109785.9,52.62
5355,901780,5117,4,2896.24,12.48
5356,901099,5221,5,106453.74,38.73
5357,900440,5111,3,69136.06,55.88
5358,902036,5112,2,105664.54,24.72
5359,900702,5225,2,36637.58,39.03
5360,902302,5097,4,26980.44,27.33
5361,901920,5055,5,39836.13,46.58
5362,900233,5122,4,102996.42,55.98
5363,901872,5277,5,50824.79,43.64
5364,900771,5216,2,24759.17,20.74
5365,901370,5149,2,63562.75,39.07
5366,900976,5212,2,51907.75,51.27
5367,902188,5038,5,47468.53,50.32
5368,900624,5223,2,71815.17,38.44
5369,900787,5292,-2,75588.15,47.02
5370,901382,5242,4,109785.9,52.13
5371,901897,5188,4,82788.95,31.92
5372,900482,5169,1,119312.69,25.8
5373,901468,5084,1,36937.64,32.44
5374,901883,5087,4,96717.04,36.37
5375,901966,5242,2,109785.9,21.81
5376,901166,5178,2,14331.9,59.09
5377,901973,5300,3,103005.86,20.32
5378,901864,5257,2,26824.95,22.33
5379,901316,5060,3,55146.38,3.83
5380,901082,5204,2,79686.75,49.26
5381,900052,5206,2,66702.53,37.27
5382,900189,5002,1,4452.46,57.68
5383,900536,5110,5,39631.61,15.24
5384,902219,5058,-3,117147.39,16.2
5385,900257,5002,5,4452.46,0.97
5386,900033,5278,4,37468.84,43.59
5387,900789,5254,5,116520.08,25.9
5388,902240,5180,3,30966.92,0.07
5389,901634,5055,3,39836.13,19.22
5390,900022,5001,5,13687.43,29.17
5391,900823,5069,4,105305.65,33.32
5392,900374,5159,2,72830.3,24.59
5393,900827,5141,2,96027.46,26.67
5394,901391,5238,1,90430.72,10.15
5395,901165,5221,1,106453.74,6.86
5396,900206,5166,4,94554.28,32.84
5397,901662,5040,2,100380.24,26.21
5398,902061,5258,2,61259.59,50.34
5399,901297,5189,-3,103377.72,40.8
5400,901996,5011,1,15384.54,19.42
5401,900432,5298,1,53704.34,38.11
5402,902037,5044,2,74370.27,55.77
5403,901193,5198,1,86758.57,19.4
5404,902402,5128,2,19440.46,3.1
5405,900884,5154,2,60914.98,24.56
5406,900735,5162,3,25417.46,14.53
5407,902478,5030,3,115895.1,52.68
5408,900352,5036,3,70576.95,24.46
5409,900936,5011,3,15384.54,20.43
5410,901595,5091,3,80187.28,12.8
5411,901915,5258,1,61259.59,1.54
5412,901102,5279,4,70408.01,33.9
5413,900552,5031,5,83287.34,56.98
5414,902409,5062,2,110172.41,34.1
5415,901263,5029,1,86135.7,11.59
5416,900934,5199,3,30309.77,52.0
5417,900243,5248,5,21905.83,39.23
5418,900430,5167,4,11501.85,11.71
5419,902203,5152,2,79424.28,3.26
5420,900795,5128,3,19440.46,9.39
5421,900258,5215,3,15938.21,32.13
5422,901116,5047,4,5126.37,20.92
5423,900148,5051,4,1235.66,4.2
5424,900139,5169,4,119312.69,58.13
5425,900599,5066,2,116953.98,14.61
5426,901904,5188,1,82788.95,26.14
5427,901562,5145,3,48327.63,59.55
5428,902415,5130,5,99662.88,29.75
5429,901417,5270,2,10034.38,4.28
5430,902068,5218,-3,1453.94,29.86
5431,901411,5032,4,99919.93,34.98
5432,901532,5102,2,96913.93,1.9
5433,902167,5149,2,63562.75,43.66
5434,901583,5267,2,3632.67,16.82
5435,901094,5135,4,15280.01,57.19
5436,901618,5158,2,32988.73,27.19
5437,902138,5217,3,118104.27,55.13
5438,900940,5226,5,8087.88,51.94
5439,900892,5007,3,11417.48,37.17
5440,900129,5018,1,61626.46,39.68
5441,902381,5140,2,109096.85,51.7
5442,901355,5039,2,10588.75,42.96
5443,901000,5067,3,39005.62,26.0
5444,900552,5078,4,64351.16,20.33
5445,901104,5215,5,15938.21,31.44
5446,901565,5104,2,27750.29,26.16
5447,900600,5070,5,20605.69,5.35
5448,900891,5222,1,102926.19,15.73
5449,901175,5239,4,9764.99,13.27
5450,901975,5251,1,39474.25,51.38
5451,902278,5136,5,70326.62,17.72
5452,901319,5123,1,10066.49,51.36
5453,900744,5059,5,53810.88,26.01
5454,901243,5196,5,70102.22,40.51
5455,900726,5081,4,1557.7,6.17
5456,900893,5157,2,10677.82,4.57
5457,901601,5013,4,6581.67,8.09
5458,900669,5112,4,105664.54,33.86
5459,902047,5067,3,39005.62,27.3
5460,900433,5205,5,56789.72,48.2
5461,901473,5063,3,70810.15,10.08
5462,901195,5184,1,87592.35,54.92
5463,900961,5192,2,75042.83,18.35
5464,900417,5239,4,9764.99,17.57
5465,902078,5282,4,112040.79,17.86
5466,900842,5148,4,105897.4,36.24
5467,901540,5092,1,87491.23,16.28
5468,901696,5243,3,8603.58,36.16
5469,902418,5211,4,67610.16,55.75
5470,901268,5212,3,51907.75,30.13
5471,900156,5145,1,48327.63,24.01
5472,900427,5011,1,15384.54,24.02
5473,901793,5074,5,43510.7,36.37
5474,901885,5154,5,60914.98,2.47
5475,901993,5227,1,113815.27,57.1
5476,901320,5054,2,107272.03,40.52
5477,900374,5280,4,56292.05,27.76
5478,900936,5140,3,109096.85,42.17
5479,901423,5272,5,89740.5,48.01
5480,900255,5105,-3,97076.08,27.89
5481,901285,5040,4,100380.24,38.18
5482,901848,5286,4,82991.3,27.55
5483,900190,5283,-3,54959.15,7.72
5484,901260,5284,4,64048.28,9.46
5485,900701,5228,5,61471.6,15.75
5486,902488,5266,4,71522.44,24.86
5487,901403,5298,4,53704.34,6.92
5488,901278,5265,2,72194.97,39.08
5489,900494,5216,4,24759.17,16.06
5490,901325,5115,4,94859.99,0.91
5491,900660,5006,1,104831.05,32.22
5492,901672,5126,3,78811.18,28.36
5493,901710,5264,1,36206.41,38.99
5494,900148,5166,3,94554.28,11.68
5495,900197,5101,5,7233.16,49.8
5496,900113,5293,-2,38571.51,11.61
5497,901803,5160,2,9138.2,52.47
5498,900034,5171,2,106371.02,16.58
5499,901640,5127,1,97824.02,35.74
5500,900334,5059,1,53810.88,4.12
5501,901041,5112,4,105664.54,0.51
5502,902108,5167,2,11501.85,3.57
5503,901203,5181,1,25224.51,30.51
5504,900941,5179,5,82472.44,54.18
5505,902076,5180,1,30966.92,9.31
5506,901534,5286,4,82991.3,59.36
5507,900384,5147,5,56229.64,48.72
5508,901187,5166,4,94554.28,35.81
5509,902113,5115,3,94859.99,56.68
5510,902406,5048,4,114931.19,31.85
5511,900525,5160,1,9138.2,33.06
5512,900803,5056,2,79390.52,13.06
5513,900976,5212,2,51907.75,0.29
5514,901650,5211,2,67610.16,59.63
5515,900959,5147,5,56229.64,22.64
5516,900769,5280,3,56292.05,50.78
5517,901566,5145,4,48327.63,43.86
5518,901000,5048,1,114931.19,21.83
5519,902166,5041,5,72519.0,50.41
5520,902489,5209,3,53353.56,16.9
5521,902006,5259,2,9473.59,19.33
5522,900462,5096,1,85485.71,25.62
5523,901586,5076,2,74784.63,8.93
5524,901727,5195,5,7009.9,22.53
5525,902108,5263,4,76205.22,4.09
5526,902392,5015,5,119779.19,58.51
5527,902075,5237,2,119817.45,48.84
5528,900804,5074,5,43510.7,40.95
5529,902484,5267,1,3632.67,51.32
5530,901742,5135,4,15280.01,33.15
5531,901424,5017,1,26232.21,11.47
5532,900115,5261,1,57882.25,6.93
5533,901564,5160,4,9138.2,41.45
5534,900813,5049,5,106799.26,13.59
5535,900815,5024,2,20181.17,17.24
5536,900585,5177,5,90645.31,16.86
5537,901409,5148,3,105897.4,54.63
5538,901597,5004,3,9286.56,40.15
5539,901313,5069,4,105305.65,24.47
5540,902482,5001,5,13687.43,11.56
5541,901228,5244,3,63596.53,40.52
5542,901119,5161,4,54756.46,26.39
5543,900949,5196,1,70102.22,3.25
5544,900828,5284,1,64048.28,55.55
5545,900580,5037,3,112000.42,45.62
5546,901607,5249,1,44047.24,59.7
5547,901881,5122,1,102996.42,50.33
5548,902367,5243,1,8603.58,1.81
5549,900350,5298,5,53704.34,24.3
5550,901428,5164,1,51778.22,7.82
5551,902299,5104,4,27750.29,18.25
5552,900880,5098,3,116982.74,1.2
5553,900232,5053,1,12243.73,33.24
5554,900451,5127,3,97824.02,59.12
5555,901551,5075,4,56785.86,56.14
5556,900681,5194,2,5621.88,27.58
5557,902414,5192,3,75042.83,37.27
5558,902171,5103,5,27052.85,16.43
5559,900721,5234,1,31052.99,42.2
5560,901696,5239,4,9764.99,53.62
5561,901581,5116,5,90702.12,10.24
5562,902378,5181,5,25224.51,4.09
5563,900707,5090,1,110957.13,7.14
5564,900113,5223,2,71815.17,19.22
5565,901268,5064,2,35046.88,53.76
5566,901835,5259,4,9473.59,29.6
5567,900933,5020,1,92776.76,23.02
5568,900342,5115,4,94859.99,35.61
5569,900589,5081,3,1557.7,1.65
5570,901373,5235,2,85451.26,2.06
5571,900263,5036,3,70576.95,14.08
5572,901775,5056,2,79390.52,5.81
5573,900604,5183,1,8291.64,42.79
5574,900582,5118,2,50237.09,49.67
5575,900623,5255,3,108025.9,16.97
5576,902461,5238,5,90430.72,39.53
5577,901334,5077,3,107108.61,17.13
5578,902115,5128,4,19440.46,47.96
5579,900775,5059,3,53810.88,7.65
5580,900658,5019,4,40574.83,49.12
5581,901773,5267,2,3632.67,38.32
5582,901169,5149,4,63562.75,43.98
5583,901587,5297,3,57306.08,57.83
5584,901772,5148,1,105897.4,46.3
5585,901775,5290,5,86584.61,28.42
5586,901756,5054,4,107272.03,16.32
5587,900667,5221,5,106453.74,48.31
5588,902395,5029,2,86135.7,38.69
5589,900093,5295,2,74905.25,43.34
5590,901424,5097,3,26980.44,22.61
5591,901052,5003,3,83626.26,29.18
5592,901805,5116,3,90702.12,59.47
5593,901689,5191,5,25183.26,5.71
5594,901221,5135,4,15280.01,33.38
5595,900201,5021,4,97294.53,0.22
5596,901490,5122,3,102996.42,26.6
5597,901922,5280,5,56292.05,47.07
5598,901838,5266,1,71522.44,40.79
5599,901289,5134,2,42647.71,34.48
5600,901553,5150,2,114822.4,21.56
5601,900422,5134,4,42647.71,5.8
5602,902083,5101,5,7233.16,15.32
5603,900169,5017,4,26232.21,28.12
5604,901069,5258,3,61259.59,20.16
5605,901931,5163,2,86042.99,25.19
5606,900348,5144,3,24135.92,18.93
5607,902343,5048,5,114931.19,7.75
5608,902043,5252,4,81400.9,9.02
5609,901537,5068,5,41767.34,41.39
5610,901198,5270,1,10034.38,1.57
5611,900185,5050,1,114700.68,40.66
5612,902353,5183,2,8291.64,12.83
5613,902120,5171,5,106371.02,21.84
5614,901112,5030,1,115895.1,13.33
5615,900649,5253,-1,94315.04,0.1
5616,902389,5111,5,69136.06,27.11
5617,901140,5288,5,27273.42,49.99
5618,900696,5102,5,96913.93,34.76
5619,900399,5122,2,102996.42,22.02
5620,901439,5114,5,23425.82,46.45
5621,902100,5071,5,116581.73,6.33
5622,901063,5168,1,78534.08,55.38
5623,900338,5126,2,78811.18,32.08
5624,901827,5104,3,27750.29,5.31
5625,902028,5290,3,86584.61,54.73
5626,900400,5189,2,103377.72,30.14
5627,901748,5058,3,117147.39,59.06
5628,900236,5285,2,2967.29,24.02
5629,900256,5185,-1,17196.52,51.95
5630,900717,5160,2,9138.2,48.46
5631,901511,5259,5,9473.59,37.66
5632,902192,5044,4,74370.27,40.7
5633,900252,5211,4,67610.16,3.06
5634,901473,5033,2,76825.5,13.33
5635,901649,5199,2,30309.77,38.04
5636,900180,5018,5,61626.46,27.8
5637,900232,5142,1,94598.18,40.74
5638,901829,5173,5,12716.76,58.5
5639,900889,5234,2,31052.99,25.93
5640,901671,5264,5,36206.41,38.22
5641,901331,5168,2,78534.08,5.25
5642,900054,5152,3,79424.28,44.96
5643,900853,5112,1,105664.54,56.79
5644,902458,5149,4,63562.75,13.92
5645,901428,5127,4,97824.02,49.98
5646,902032,5293,1,38571.51,12.1
5647,900242,5150,5,114822.4,10.1
5648,900196,5067,1,39005.62,27.1
5649,900837,5126,2,78811.18,46.32
5650,900115,5294,-1,63582.01,5.75
5651,901459,5152,4,79424.28,4.25
5652,900116,5109,3,49172.01,38.33
5653,900269,5038,5,47468.53,41.97
5654,901375,5194,5,5621.88,34.68
5655,902224,5042,2,72630.14,47.69
5656,902425,5010,4,23845.91,57.48
5657,900267,5195,2,7009.9,7.52
5658,901769,5255,3,108025.9,30.52
5659,901839,5034,1,63870.8,6.68
5660,901132,5011,1,15384.54,6.67
5661,901793,5085,4,83088.08,56.91
5662,901867,5029,3,86135.7,43.32
5663,900062,5229,1,74603.25,27.83
5664,901817,5091,3,80187.28,1.29
5665,900356,5268,-1,29983.13,29.13
5666,901629,5209,3,53353.56,24.56
5667,901350,5263,5,76205.22,49.98
5668,901327,5205,4,56789.72,32.85
5669,900152,5209,4,53353.56,27.25
5670,901930,5263,5,76205.22,24.83
5671,900846,5054,1,107272.03,38.97
5672,902360,5147,5,56229.64,2.89
5673,901080,5088,-3,17338.8,33.55
5674,901858,5117,2,2896.24,57.55
5675,901448,5030,1,115895.1,45.48
5676,901338,5148,5,105897.4,42.51
5677,901221,5238,4,90430.72,56.8
5678,902480,5196,3,70102.22,29.23
5679,900593,5187,4,12145.65,55.44
5680,900730,5084,1,36937.64,35.59
5681,901168,5269,5,108088.45,21.15
5682,901390,5192,1,75042.83,50.88
5683,901427,5070,5,20605.69,14.71
5684,902118,5091,5,80187.28,18.71
5685,902350,5002,2,4452.46,31.53
5686,900978,5057,2,7303.42,37.61
5687,902441,5173,2,12716.76,1.87
5688,902282,5166,2,94554.28,29.59
5689,900473,5021,5,97294.53,32.69
5690,900678,5140,1,109096.85,47.16
5691,900318,5141,3,96027.46,54.99
5692,902404,5196,3,70102.22,41.62
5693,901942,5259,1,9473.59,6.49
5694,902078,5278,3,37468.84,55.4
5695,901628,5260,3,42778.37,59.17
5696,902121,5083,1,11704.04,3.39
5697,902242,5052,1,54630.3,14.8
5698,901024,5167,1,11501.85,15.48
5699,900871,5044,4,74370.27,16.24
5700,901290,5034,2,63870.8,42.18
5701,900207,5002,2,4452.46,12.63
5702,901051,5014,3,10581.79,0.44
5703,901917,5151,4,3710.99,39.04
5704,900195,5291,2,6031.69,40.7
5705,901269,5100,2,55009.8,31.01
5706,902269,5161,-2,54756.46,7.57
5707,900100,5098,1,116982.74,15.47
5708,900637,5161,1,54756.46,22.55
5709,901689,5110,4,39631.61,2.17
5710,900584,5280,-1,56292.05,27.34
5711,900565,5046,1,96884.71,48.78
5712,900654,5229,4,74603.25,52.52
5713,900654,5200,-2,13509.97,59.69
5714,901510,5299,1,92332.41,5.64
5715,901127,5052,3,54630.3,37.84
5716,902019,5048,4,114931.19,21.86
5717,900414,5239,4,9764.99,13.75
5718,901542,5031,2,83287.34,57.39
5719,902350,5096,3,85485.71,47.15
5720,901835,5167,2,11501.85,17.43
5721,901375,5140,5,109096.85,23.63
5722,901185,5204,3,79686.75,5.73
5723,901643,5037,4,112000.42,48.59
5724,900741,5102,4,96913.93,26.08
5725,902448,5069,5,105305.65,48.01
5726,900145,5257,1,26824.95,8.37
5727,902100,5181,5,25224.51,35.48
5728,900443,5030,1,115895.1,18.92
5729,901111,5056,4,79390.52,45.43
5730,900887,5278,1,37468.84,1.5
5731,902460,5006,5,104831.05,56.69
5732,901446,5161,1,54756.46,50.81
5733,901565,5068,5,41767.34,3.91
5734,900374,5011,3,15384.54,57.76
5735,900420,5289,1,115051.33,3.84
5736,901666,5257,1,26824.95,31.8
5737,900398,5285,2,2967.29,59.76
5738,901904,5007,3,11417.48,3.35
5739,901690,5081,1,1557.7,32.89
5740,902191,5071,4,116581.73,16.45
5741,900385,5177,2,90645.31,26.65
5742,901730,5101,4,7233.16,3.87
5743,900897,5081,1,1557.7,28.2
5744,901590,5263,4,76205.22,2.58
5745,902342,5130,4,99662.88,39.47
5746,901404,5123,1,10066.49,51.06
5747,900847,5272,3,89740.5,38.98
5748,901080,5257,3,26824.95,7.58
5749,901121,5223,1,71815.17,42.22
5750,900928,5023,1,94665.29,18.13
5751,902101,5191,-1,25183.26,22.97
5752,902023,5044,2,74370.27,25.46
5753,901747,5026,4,119675.66,39.85
5754,902021,5174,1,44150.01,57.91
5755,900630,5058,5,117147.39,30.44
5756,901429,5091,3,80187.28,53.56
5757,902393,5291,3,6031.69,57.66
5758,900255,5197,1,32308.96,31.21
5759,900999,5022,1,1440.28,51.89
5760,902469,5257,-2,26824.95,18.69
5761,901015,5078,4,64351.16,56.52
5762,900445,5239,5,9764.99,52.71
5763,900770,5054,1,107272.03,43.13
5764,901323,5003,1,83626.26,33.65
5765,901451,5196,4,70102.22,4.22
5766,902204,5064,5,35046.88,54.52
5767,900661,5221,3,106453.74,22.39
5768,900218,5232,2,41278.25,51.8
5769,901941,5216,5,24759.17,2.38
5770,902433,5247,5,23243.3,26.84
5771,900417,5087,4,96717.04,41.37
5772,901583,5036,1,70576.95,0.06
5773,900907,5087,5,96717.04,10.68
5774,900685,5208,3,7426.61,40.93
5775,901157,5101,4,7233.16,9.22
5776,901517,5270,4,10034.38,48.42
5777,901557,5098,5,116982.74,13.78
5778,902216,5266,2,71522.44,25.37
5779,900204,5088,2,17338.8,22.71
5780,901009,5180,4,30966.92,10.3
5781,902300,5258,1,61259.59,17.59
5782,901615,5174,4,44150.01,55.83
5783,901315,5160,1,9138.2,11.44
5784,900667,5084,3,36937.64,44.1
5785,900087,5101,2,7233.16,8.32
5786,902426,5089,1,34755.83,2.35
5787,902043,5022,2,1440.28,3.55
5788,900671,5297,2,57306.08,1.88
5789,901338,5066,2,116953.98,10.37
5790,900378,5204,4,79686.75,6.11
5791,900982,5060,5,55146.38,0.91
5792,900758,5145,4,48327.63,37.69
5793,900860,5146,3,66808.88,30.52
5794,900697,5109,2,49172.01,7.29
5795,901918,5147,4,56229.64,43.49
5796,901933,5231,5,115351.23,33.6
5797,901321,5170,5,1727.26,8.24
5798,900831,5181,5,25224.51,17.91
5799,900291,5053,2,12243.73,20.47
5800,900460,5237,2,119817.45,28.0
5801,901735,5043,5,25756.79,56.41
5802,901437,5232,4,41278.25,34.05
5803,900559,5255,4,108025.9,37.21
5804,901184,5094,5,34020.23,33.07
5805,900362,5225,2,36637.58,32.27
5806,901639,5135,1,15280.01,44.04
5807,900339,5269,2,108088.45,35.34
5808,901349,5020,3,92776.76,5.77
5809,900032,5229,3,74603.25,49.63
5810,900753,5164,1,51778.22,56.33
5811,900385,5102,2,96913.93,49.05
5812,901550,5097,3,26980.44,29.63
5813,901527,5164,5,51778.22,28.95
5814,901991,5221,4,106453.74,23.23
5815,901276,5275,4,87493.26,41.43
5816,902485,5192,5,75042.83,56.04
5817,902374,5299,3,92332.41,57.57
5818,900442,5105,5,97076.08,40.6
5819,900890,5103,1,27052.85,36.85
5820,901678,5154,3,60914.98,32.15
5821,901683,5088,3,17338.8,19.77
5822,900034,5111,2,69136.06,17.32
5823,902289,5099,4,62144.76,45.72
5824,900486,5229,4,74603.25,57.71
5825,901806,5044,3,74370.27,8.85
5826,900408,5289,5,115051.33,1.82
5827,900918,5170,1,1727.26,40.96
5828,901123,5103,2,27052.85,18.8
5829,901821,5293,5,38571.51,25.98
5830,902439,5115,1,94859.99,54.33
5831,901420,5206,2,66702.53,36.7
5832,900788,5261,5,57882.25,56.92
5833,901678,5151,2,3710.99,40.25
5834,901408,5119,3,19763.13,40.76
5835,901779,5115,2,94859.99,3.96
5836,900524,5022,1,1440.28,41.35
5837,900059,5042,1,72630.14,53.09
5838,900823,5242,3,109785.9,44.36
5839,901510,5120,2,5452.35,18.67
5840,900351,5120,4,5452.35,55.68
5841,901721,5079,5,43624.56,59.95
5842,901489,5211,4,67610.16,38.07
5843,900443,5167,3,11501.85,41.35
5844,902017,5284,3,64048.28,47.33
5845,900103,5116,5,90702.12,30.97
5846,900504,5077,2,107108.61,19.46
5847,900514,5138,5,80796.56,50.3
5848,900354,5048,5,114931.19,56.41
5849,900398,5270,2,10034.38,52.72
5850,901772,5213,4,61331.48,5.7
5851,901463,5176,-3,62331.61,48.71
5852,900428,5288,3,27273.42,38.33
5853,900105,5096,5,85485.71,53.32
5854,900765,5210,2,8721.3,26.63
5855,902045,5143,4,77786.21,12.62
5856,901900,5054,2,107272.03,33.05
5857,901084,5243,1,8603.58,36.38
5858,900063,5295,1,74905.25,22.08
5859,900848,5051,-1,1235.66,9.79
5860,900087,5229,3,74603.25,30.69
5861,901961,5236,5,14596.22,49.9
5862,901170,5286,1,82991.3,59.96
5863,901369,5248,4,21905.83,46.14
5864,900300,5004,3,9286.56,42.93
5865,901757,5286,2,82991.3,48.81
5866,902064,5025,5,110999.09,59.21
5867,901925,5031,1,83287.34,32.5
5868,900605,5240,2,68484.84,13.87
5869,900787,5113,4,22911.17,50.05
5870,901862,5194,2,5621.88,20.29
5871,901748,5037,2,112000.42,56.77
5872,900994,5149,3,63562.75,0.4
5873,901062,5274,2,74942.75,5.23
5874,901738,5234,2,31052.99,9.47
5875,900011,5145,4,48327.63,7.24
5876,901935,5009,3,19808.61,57.19
5877,901282,5282,2,112040.79,35.83
5878,900491,5240,3,68484.84,25.42
5879,900946,5175,2,63780.57,49.41
5880,902492,5243,3,8603.58,25.77
5881,902435,5238,4,90430.72,57.83
5882,900495,5104,5,27750.29,16.51
5883,901310,5137,3,86344.61,9.1
5884,900288,5185,2,17196.52,56.67
5885,901796,5243,5,8603.58,57.18
5886,901235,5140,3,109096.85,2.97
5887,902289,5167,2,11501.85,6.44
5888,900371,5218,1,1453.94,50.65
5889,901928,5131,4,24594.48,32.81
5890,900945,5112,5,105664.54,45.89
5891,902429,5002,1,4452.46,9.66
5892,902246,5193,4,19090.57,53.93
5893,900514,5210,5,8721.3,49.18
5894,900829,5119,4,19763.13,42.06
5895,900947,5122,3,102996.42,31.64
5896,901771,5060,5,55146.38,40.55
5897,902429,5154,1,60914.98,1.25
5898,901596,5204,4,79686.75,24.56
5899,901021,5297,1,57306.08,23.59
5900,900427,5225,4,36637.58,40.62
5901,900464,5007,5,11417.48,20.25
5902,901467,5131,1,24594.48,51.31
5903,902374,5262,5,14189.52,26.54
5904,901281,5201,5,45785.64,9.6
5905,901819,5196,5,70102.22,8.44
5906,901067,5202,1,106411.67,36.19
5907,900533,5293,5,38571.51,27.98
5908,901137,5063,2,70810.15,56.72
5909,900103,5046,5,96884.71,26.61
5910,900243,5188,3,82788.95,4.15
5911,902238,5129,1,13468.82,56.22
5912,900360,5026,2,119675.66,19.99
5913,900659,5032,5,99919.93,41.2
5914,901162,5059,3,53810.88,27.56
5915,900188,5199,3,30309.77,49.76
5916,900995,5181,4,25224.51,21.3
5917,901562,5007,2,11417.48,11.62
5918,901123,5183,4,8291.64,52.62
5919,900054,5289,2,115051.33,1.52
5920,902248,5068,1,41767.34,12.78
5921,900996,5293,5,38571.51,22.52
5922,901764,5091,1,80187.28,25.99
5923,900109,5094,5,34020.23,4.91
5924,902195,5259,4,9473.59,0.54
5925,901109,5247,4,23243.3,37.66
5926,900147,5025,-2,110999.09,37.38
5927,901825,5083,2,11704.04,13.61
5928,900373,5263,1,76205.22,56.44
5929,901751,5267,3,3632.67,12.13
5930,901954,5240,-1,68484.84,19.94
5931,900311,5047,4,5126.37,59.49
5932,902285,5216,2,24759.17,8.46
5933,900325,5163,2,86042.99,9.36
5934,901819,5130,4,99662.88,10.76
5935,902300,5088,1,17338.8,1.75
5936,902155,5178,1,14331.9,47.77
5937,901016,5241,3,32381.8,37.59
5938,902415,5199,3,30309.77,48.92
5939,901156,5002,2,4452.46,29.41
5940,900132,5299,4,92332.41,4.0
5941,901450,5242,5,109785.9,35.06
5942,900530,5078,-2,64351.16,35.65
5943,900859,5144,2,24135.92,39.8
5944,900391,5172,1,93029.24,16.63
5945,902158,5101,1,7233.16,49.91
5946,900707,5147,2,56229.64,17.85
5947,900969,5285,2,2967.29,27.33
5948,902055,5046,1,96884.71,16.56
5949,900664,5002,4,4452.46,18.05
5950,901302,5204,3,79686.75,3.78
5951,902494,5098,1,116982.74,8.77
5952,900207,5181,5,25224.51,6.64
5953,902011,5283,1,54959.15,37.11
5954,901415,5025,3,110999.09,22.03
5955,902490,5064,4,35046.88,46.36
5956,901321,5036,1,70576.95,58.93
5957,901043,5058,-1,117147.39,25.65
5958,901570,5265,1,72194.97,18.7
5959,900013,5247,2,23243.3,58.9
5960,902385,5248,3,21905.83,42.68
5961,901925,5046,5,96884.71,23.22
5962,901282,5103,3,27052.85,38.27
5963,902095,5211,2,67610.16,8.61
5964,901970,5162,4,25417.46,4.64
5965,900775,5148,1,105897.4,11.63
5966,900140,5041,5,72519.0,57.13
5967,900987,5226,4,8087.88,0.52
5968,901453,5251,3,39474.25,32.23
5969,901841,5239,2,9764.99,30.15
5970,901076,5094,4,34020.23,43.12
5971,900917,5017,5,26232.21,25.22
5972,900444,5273,4,10208.71,5.82
5973,901555,5034,2,63870.8,22.96
5974,901761,5079,4,43624.56,15.92
5975,902413,5220,2,16844.95,37.49
5976,900473,5240,5,68484.84,49.23
5977,900893,5143,5,77786.21,27.85
5978,901303,5028,1,75074.9,10.97
5979,900804,5031,3,83287.34,1.89
5980,900907,5034,2,63870.8,3.59
5981,900264,5257,4,26824.95,8.67
5982,901403,5059,3,53810.88,3.09
5983,900269,5262,4,14189.52,58.33
5984,901060,5258,3,61259.59,42.28
5985,900427,5284,4,64048.28,25.09
5986,902419,5089,1,34755.83,40.26
5987,900852,5070,4,20605.69,30.15
5988,900962,5077,2,107108.61,28.91
5989,900194,5202,5,106411.67,23.13
5990,900754,5161,4,54756.46,59.4
5991,901816,5218,2,1453.94,36.13
5992,900273,5260,-1,42778.37,14.88
5993,900940,5226,4,8087.88,40.31
5994,900851,5157,1,10677.82,54.52
5995,901034,5050,5,114700.68,24.87
5996,901680,5282,5,112040.79,6.12
5997,901635,5034,2,63870.8,24.81
5998,901265,5156,5,13381.53,46.26
5999,902322,5216,1,24759.17,34.82
6000,901081,5289,3,115051.33,24.33
